worker_id,date,earnings,hours,deliveries,delivery_timestamp,time_slot,rating,acceptance_rate,cancellations,weekly_variance
W001,09-01-2026,1188,3.6,14,15:10:00,afternoon,4.2,0.82,3,376
W001,10-01-2026,1129,7,16,16:10:00,night,4.4,0.81,4,355
W001,11-01-2026,971,6.7,12,17:10:00,morning,4.22,0.82,4,320
W001,12-01-2026,1365,4,20,18:10:00,night,4.13,0.8,3,416
W001,14-01-2026,200,4.8,5,19:10:00,afternoon,4.02,0.79,3,317
W001,15-01-2026,965,4.6,13,20:10:00,evening,4.48,0.83,4,310
W001,16-01-2026,200,4.2,5,21:10:00,night,4.41,0.83,3,422
W001,18-01-2026,1242,5.7,17,22:10:00,evening,4.38,0.71,4,362
W001,19-01-2026,700,7.2,9,23:10:00,night,4.32,0.84,4,397
W001,22-01-2026,653,5.7,11,00:10:00,evening,4.26,0.77,3,349
W001,23-01-2026,634,6.7,11,01:10:00,evening,4.08,0.83,4,331
W001,24-01-2026,1547,5.1,24,02:10:00,evening,4.34,0.84,3,437
W001,25-01-2026,345,3.2,6,03:10:00,afternoon,4.14,0.74,4,434
W001,26-01-2026,877,6.3,11,04:10:00,morning,4.39,0.75,2,362
W001,27-01-2026,504,3,5,05:10:00,morning,4.28,0.79,4,438
W001,28-01-2026,1018,5.7,15,06:10:00,morning,4.27,0.75,2,324
W001,29-01-2026,675,7.7,7,07:10:00,night,4,0.81,2,308
W001,30-01-2026,1410,7.4,22,08:10:00,evening,4.13,0.78,4,366
W001,31-01-2026,753,6.8,12,09:10:00,afternoon,4.22,0.71,4,407
W001,01-02-2026,200,4.4,5,10:10:00,evening,4.02,0.75,3,426
W001,02-02-2026,693,6.4,8,11:10:00,evening,4.36,0.8,4,415
W001,03-02-2026,938,7,13,12:10:00,afternoon,4.35,0.81,3,347
W001,04-02-2026,1299,4.7,16,13:10:00,night,4.02,0.75,3,405
W001,05-02-2026,396,7.8,5,14:10:00,evening,4.16,0.81,2,371
W001,06-02-2026,869,3.6,13,15:10:00,morning,4.49,0.73,3,341
W001,07-02-2026,1080,3.7,14,16:10:00,night,4.12,0.75,4,327
W001,08-02-2026,258,6.3,5,17:10:00,night,4.14,0.74,2,447
W001,10-02-2026,1320,5.2,20,18:10:00,night,4.34,0.71,3,394
W001,12-02-2026,1073,3.4,17,19:10:00,night,4.11,0.7,3,318
W001,14-02-2026,1235,3.4,15,20:10:00,afternoon,4.45,0.78,3,368
W001,15-02-2026,669,4.1,8,21:10:00,afternoon,4.25,0.85,3,377
W001,17-02-2026,258,4,5,22:10:00,evening,4.1,0.73,2,371
W001,18-02-2026,326,7.6,5,23:10:00,evening,4.28,0.75,3,352
W001,19-02-2026,822,3.6,12,00:10:00,afternoon,4.47,0.77,3,420
W001,20-02-2026,935,4.6,12,01:10:00,night,4.27,0.73,2,383
W001,21-02-2026,365,6.5,5,02:10:00,afternoon,4.34,0.77,3,404
W001,22-02-2026,1221,4.8,18,03:10:00,afternoon,4.03,0.72,2,442
W001,23-02-2026,494,3.6,6,04:10:00,afternoon,4.35,0.77,4,325
W001,24-02-2026,761,5.1,8,05:10:00,afternoon,4.23,0.81,2,354
W001,25-02-2026,956,5.9,13,06:10:00,morning,4.4,0.79,3,310
W001,28-02-2026,688,6.6,9,07:10:00,evening,4.32,0.73,3,420
W001,01-03-2026,1023,4.4,16,08:10:00,night,4.21,0.84,2,426
W002,06-01-2026,1045,6.5,14,09:10:00,morning,4.64,0.95,0,155
W002,07-01-2026,1060,3.2,15,10:10:00,night,4.69,0.95,1,165
W002,08-01-2026,1133,6.3,15,11:10:00,afternoon,4.99,0.97,1,107
W002,09-01-2026,1096,3.8,14,12:10:00,morning,4.79,0.91,0,143
W002,11-01-2026,1241,3.3,17,13:10:00,evening,4.83,0.9,0,110
W002,12-01-2026,1146,7.2,16,14:10:00,evening,4.86,0.97,0,176
W002,13-01-2026,1236,7.9,15,15:10:00,morning,4.72,0.98,1,121
W002,14-01-2026,1206,6.5,15,16:10:00,night,4.85,0.9,0,104
W002,15-01-2026,1074,4.4,13,17:10:00,afternoon,4.83,0.9,1,134
W002,16-01-2026,963,7.1,14,18:10:00,night,4.72,0.97,1,137
W002,17-01-2026,995,5.7,13,19:10:00,night,4.88,0.97,0,159
W002,18-01-2026,1000,5.4,16,20:10:00,night,4.7,0.93,1,143
W002,19-01-2026,1043,6,14,21:10:00,morning,4.94,0.96,1,150
W002,20-01-2026,1257,4.7,18,22:10:00,night,4.74,0.95,1,141
W002,21-01-2026,1177,3.2,17,23:10:00,morning,4.69,0.91,1,149
W002,22-01-2026,1099,6.1,17,00:10:00,morning,4.78,0.91,0,176
W002,23-01-2026,1191,6.8,17,01:10:00,morning,4.97,0.94,1,117
W002,24-01-2026,982,6.2,13,02:10:00,morning,4.65,0.97,0,125
W002,25-01-2026,1085,6.2,16,03:10:00,afternoon,4.89,0.95,1,111
W002,26-01-2026,1165,8,17,04:10:00,night,4.98,0.91,1,104
W002,27-01-2026,1032,7.1,15,05:10:00,morning,4.68,0.97,0,120
W002,28-01-2026,956,3.4,14,06:10:00,night,4.72,0.9,1,111
W002,29-01-2026,1167,6.9,15,07:10:00,morning,4.8,0.98,1,128
W002,30-01-2026,1106,5,13,08:10:00,evening,4.98,0.93,1,130
W002,31-01-2026,1216,3.7,15,09:10:00,morning,4.95,0.98,0,151
W002,01-02-2026,1245,5.2,16,10:10:00,night,4.64,0.96,0,134
W002,04-02-2026,1245,5.8,15,11:10:00,morning,4.83,0.9,0,160
W002,05-02-2026,1335,7.4,17,12:10:00,morning,4.97,0.9,0,142
W002,06-02-2026,1042,4.5,13,13:10:00,afternoon,4.74,0.95,1,138
W002,07-02-2026,812,6.2,10,14:10:00,night,4.86,0.96,1,103
W002,08-02-2026,1204,7.3,18,15:10:00,afternoon,4.94,0.91,0,141
W002,10-02-2026,1246,4.7,17,16:10:00,morning,4.66,0.92,1,121
W002,11-02-2026,975,3.1,14,17:10:00,night,4.92,0.93,0,129
W002,12-02-2026,1169,5.1,17,18:10:00,evening,4.73,0.95,1,137
W002,13-02-2026,827,3.2,11,19:10:00,afternoon,4.66,0.91,0,177
W002,14-02-2026,1196,7.4,19,20:10:00,afternoon,4.71,0.97,1,122
W002,15-02-2026,1242,4.2,18,21:10:00,morning,4.97,0.91,1,169
W002,16-02-2026,1035,6.1,16,22:10:00,night,4.7,0.94,1,123
W002,17-02-2026,781,4.7,10,23:10:00,morning,4.73,0.97,1,158
W002,19-02-2026,1017,6.3,16,00:10:00,morning,4.97,0.95,1,142
W002,20-02-2026,1199,5.9,15,01:10:00,morning,4.83,0.93,0,105
W002,21-02-2026,1289,3.4,20,02:10:00,evening,4.69,0.98,0,124
W002,22-02-2026,1231,5.3,16,03:10:00,evening,4.62,0.96,1,114
W002,24-02-2026,1180,7.9,17,04:10:00,morning,4.65,0.91,1,146
W002,25-02-2026,791,4.1,10,05:10:00,night,4.83,0.98,0,166
W002,26-02-2026,1275,6.1,17,06:10:00,night,4.79,0.91,1,176
W002,27-02-2026,741,7.1,9,07:10:00,afternoon,4.67,0.94,0,116
W002,01-03-2026,1191,4.9,18,08:10:00,afternoon,4.7,0.92,0,121
W003,02-01-2026,1026,4.8,15,09:10:00,night,4.71,0.96,0,161
W003,03-01-2026,1102,5.9,15,10:10:00,evening,4.64,0.94,1,156
W003,05-01-2026,901,4.9,12,11:10:00,afternoon,4.91,0.92,0,146
W003,06-01-2026,915,7.4,11,12:10:00,morning,4.86,0.97,0,144
W003,07-01-2026,1066,3.3,17,13:10:00,afternoon,4.76,0.95,0,128
W003,09-01-2026,1032,7.5,12,14:10:00,morning,4.72,0.92,0,112
W003,10-01-2026,1106,7.5,16,15:10:00,evening,4.71,0.95,1,162
W003,11-01-2026,1092,4.3,15,16:10:00,night,4.9,0.92,0,109
W003,12-01-2026,1106,6.4,13,17:10:00,morning,4.81,0.95,0,171
W003,13-01-2026,1172,3.3,18,18:10:00,morning,4.66,0.97,0,131
W003,14-01-2026,1127,5,17,19:10:00,night,4.65,0.96,0,170
W003,15-01-2026,1020,4.1,12,20:10:00,night,4.81,0.95,1,149
W003,16-01-2026,1153,3.7,15,21:10:00,morning,4.77,0.92,1,124
W003,17-01-2026,980,3.5,12,22:10:00,evening,4.86,0.95,1,165
W003,18-01-2026,1374,4.1,21,23:10:00,afternoon,4.64,0.95,1,137
W003,19-01-2026,1093,4.2,15,00:10:00,evening,4.86,0.93,1,127
W003,20-01-2026,1398,5.3,20,01:10:00,morning,4.84,0.92,1,126
W003,21-01-2026,1257,6.4,16,02:10:00,evening,4.94,0.97,0,176
W003,22-01-2026,1152,4.8,14,03:10:00,evening,4.7,0.95,1,102
W003,23-01-2026,887,7,10,04:10:00,night,4.99,0.96,1,147
W003,26-01-2026,1291,5.4,17,05:10:00,night,4.66,0.94,1,106
W003,27-01-2026,1250,3.9,15,06:10:00,evening,4.88,0.95,0,107
W003,28-01-2026,1087,5.1,17,07:10:00,afternoon,4.99,0.98,1,178
W003,29-01-2026,877,6.5,11,08:10:00,afternoon,4.68,0.95,1,172
W003,31-01-2026,1213,3.6,15,09:10:00,morning,4.74,0.94,1,115
W003,02-02-2026,1036,4.2,15,10:10:00,morning,4.91,0.95,1,132
W003,03-02-2026,888,6.9,11,11:10:00,morning,4.67,0.9,0,166
W003,04-02-2026,1113,5.3,16,12:10:00,afternoon,4.95,0.9,0,125
W003,05-02-2026,906,6.9,11,13:10:00,night,4.74,0.93,1,139
W003,08-02-2026,1032,4.9,14,14:10:00,evening,4.79,0.91,1,113
W003,09-02-2026,1257,4.3,17,15:10:00,morning,4.84,0.9,0,123
W003,10-02-2026,915,5.6,11,16:10:00,evening,4.69,0.91,0,116
W003,11-02-2026,994,4.3,12,17:10:00,afternoon,4.67,0.98,1,179
W003,12-02-2026,973,6.6,13,18:10:00,morning,4.73,0.94,0,111
W003,13-02-2026,953,3.4,14,19:10:00,evening,4.92,0.97,1,102
W003,14-02-2026,923,6.1,15,20:10:00,evening,4.71,0.94,0,125
W003,15-02-2026,945,7.8,14,21:10:00,night,4.78,0.93,1,112
W003,17-02-2026,1024,7.5,14,22:10:00,night,4.76,0.9,0,131
W003,18-02-2026,1169,6.1,16,23:10:00,afternoon,4.8,0.92,1,134
W003,19-02-2026,1198,7,18,00:10:00,afternoon,5,0.94,0,117
W003,21-02-2026,1214,3.4,19,01:10:00,night,4.94,0.92,1,177
W003,22-02-2026,1099,5.5,17,02:10:00,night,4.94,0.97,1,105
W003,23-02-2026,1055,4.9,14,03:10:00,night,4.94,0.94,0,149
W003,24-02-2026,1202,6.1,19,04:10:00,night,4.73,0.97,0,163
W003,26-02-2026,1147,5.7,14,05:10:00,afternoon,4.69,0.96,0,150
W003,27-02-2026,1153,4.7,17,06:10:00,evening,4.83,0.92,1,174
W003,28-02-2026,1060,6.8,14,07:10:00,night,4.98,0.91,1,123
W003,01-03-2026,867,7.2,11,08:10:00,night,4.77,0.94,0,118
W004,01-01-2026,949,4.6,13,09:10:00,afternoon,4.66,0.9,0,134
W004,03-01-2026,1238,6.4,18,10:10:00,evening,4.99,0.96,1,148
W004,04-01-2026,1013,7.7,14,11:10:00,afternoon,4.69,0.98,0,115
W004,05-01-2026,979,5.7,14,12:10:00,night,4.7,0.96,0,115
W004,06-01-2026,1140,6.1,16,13:10:00,night,4.61,0.96,0,100
W004,07-01-2026,1040,7.3,12,14:10:00,morning,4.78,0.97,0,168
W004,08-01-2026,1098,3.5,15,15:10:00,afternoon,4.65,0.98,0,160
W004,09-01-2026,702,5.7,8,16:10:00,night,4.76,0.97,0,162
W004,10-01-2026,1060,3.4,17,17:10:00,morning,4.72,0.92,1,120
W004,12-01-2026,1280,7.2,20,18:10:00,night,4.61,0.95,1,132
W004,13-01-2026,1073,5.7,14,19:10:00,night,4.77,0.96,1,148
W004,14-01-2026,1145,4.7,15,20:10:00,evening,4.97,0.92,0,173
W004,17-01-2026,935,5.9,12,21:10:00,evening,4.9,0.98,0,102
W004,19-01-2026,1194,7.8,19,22:10:00,night,4.97,0.98,0,120
W004,20-01-2026,1082,7.3,14,23:10:00,night,4.94,0.92,1,152
W004,22-01-2026,1099,6.2,13,00:10:00,morning,4.71,0.92,0,175
W004,23-01-2026,998,5.2,12,01:10:00,evening,4.99,0.92,0,121
W004,24-01-2026,1095,6.8,17,02:10:00,morning,4.65,0.92,1,146
W004,25-01-2026,1263,3.5,20,03:10:00,night,4.89,0.93,1,140
W004,27-01-2026,1040,4.4,14,04:10:00,afternoon,4.76,0.91,1,125
W004,28-01-2026,817,5.8,10,05:10:00,night,4.75,0.97,1,160
W004,29-01-2026,1040,6.4,14,06:10:00,afternoon,4.71,0.98,0,141
W004,30-01-2026,1071,4.1,16,07:10:00,evening,4.78,0.93,0,111
W004,31-01-2026,1202,5.9,18,08:10:00,morning,4.66,0.96,1,174
W004,01-02-2026,1049,7.9,14,09:10:00,afternoon,4.94,0.96,1,153
W004,02-02-2026,1275,5.3,18,10:10:00,night,4.99,0.93,0,129
W004,03-02-2026,964,6.6,14,11:10:00,afternoon,4.96,0.97,0,126
W004,04-02-2026,1062,6.4,13,12:10:00,morning,4.82,0.93,1,158
W004,05-02-2026,973,5.6,13,13:10:00,evening,4.97,0.92,0,127
W004,09-02-2026,1060,5.4,14,14:10:00,night,4.87,0.94,1,137
W004,10-02-2026,1002,4.4,16,15:10:00,night,4.77,0.97,1,174
W004,12-02-2026,1354,3.7,20,16:10:00,night,4.75,0.96,0,161
W004,13-02-2026,1245,3.8,15,17:10:00,night,4.71,0.96,1,101
W004,15-02-2026,1117,6.6,15,18:10:00,morning,4.76,0.95,0,112
W004,18-02-2026,930,5.8,12,19:10:00,night,4.73,0.96,1,150
W004,19-02-2026,1095,5.3,14,20:10:00,night,4.91,0.93,1,118
W004,22-02-2026,1117,5.4,15,21:10:00,night,4.8,0.93,1,116
W004,24-02-2026,1098,7.5,15,22:10:00,afternoon,4.65,0.91,1,150
W004,25-02-2026,832,4.2,12,23:10:00,morning,4.68,0.96,1,160
W004,26-02-2026,1261,4.3,19,00:10:00,morning,4.91,0.95,1,159
W004,27-02-2026,1111,3.1,17,01:10:00,night,4.6,0.94,1,178
W004,01-03-2026,1038,7.8,14,02:10:00,evening,4.75,0.96,0,169
W005,11-01-2026,1286,6.7,20,03:10:00,morning,4.35,0.71,2,311
W005,12-01-2026,976,7.2,15,04:10:00,morning,4.11,0.78,4,306
W005,13-01-2026,677,7.3,11,05:10:00,night,4.16,0.77,2,361
W005,14-01-2026,466,4,5,06:10:00,night,4.5,0.81,4,439
W005,15-01-2026,765,6.6,12,07:10:00,night,4.35,0.84,2,384
W005,16-01-2026,769,3.9,9,08:10:00,afternoon,4.12,0.84,3,426
W005,17-01-2026,449,7.6,5,09:10:00,evening,4.15,0.72,4,363
W005,18-01-2026,804,6.2,13,10:10:00,evening,4.37,0.8,3,398
W005,19-01-2026,695,6.8,11,11:10:00,afternoon,4.15,0.81,2,322
W005,20-01-2026,574,6.6,8,12:10:00,night,4.03,0.81,4,385
W005,21-01-2026,978,6.2,12,13:10:00,night,4.27,0.84,4,366
W005,22-01-2026,532,6.1,8,14:10:00,morning,4.39,0.81,4,440
W005,23-01-2026,811,7.4,13,15:10:00,morning,4.19,0.78,3,331
W005,24-01-2026,637,4.1,11,16:10:00,night,4.39,0.79,4,362
W005,26-01-2026,1159,5.9,17,17:10:00,afternoon,4.46,0.75,4,446
W005,27-01-2026,1319,6,19,18:10:00,morning,4.49,0.77,3,432
W005,28-01-2026,641,5.4,10,19:10:00,night,4.31,0.75,4,440
W005,29-01-2026,855,4.6,12,20:10:00,afternoon,4.48,0.74,2,326
W005,31-01-2026,439,3.7,8,21:10:00,afternoon,4.34,0.71,2,416
W005,01-02-2026,274,4.7,5,22:10:00,evening,4.07,0.78,4,302
W005,02-02-2026,851,6.4,10,23:10:00,night,4.3,0.71,3,404
W005,03-02-2026,1393,6.2,19,00:10:00,morning,4.29,0.81,3,333
W005,04-02-2026,734,7.3,10,01:10:00,night,4.4,0.78,4,448
W005,05-02-2026,1196,3.2,16,02:10:00,morning,4.04,0.71,4,384
W005,06-02-2026,695,6.4,7,03:10:00,afternoon,4.28,0.74,2,335
W005,07-02-2026,200,3.6,5,04:10:00,morning,4.22,0.81,3,437
W005,08-02-2026,812,5.1,10,05:10:00,afternoon,4.48,0.7,2,396
W005,09-02-2026,833,4.1,9,06:10:00,morning,4.47,0.75,3,415
W005,10-02-2026,503,6.3,8,07:10:00,night,4.16,0.82,3,367
W005,11-02-2026,376,7.5,5,08:10:00,night,4.23,0.74,4,394
W005,12-02-2026,322,7,5,09:10:00,night,4.36,0.74,3,346
W005,15-02-2026,532,7.1,5,10:10:00,afternoon,4.33,0.82,4,344
W005,17-02-2026,693,3.9,9,11:10:00,morning,4.07,0.76,4,341
W005,18-02-2026,963,6.7,14,12:10:00,morning,4.4,0.7,3,428
W005,19-02-2026,677,7.4,8,13:10:00,afternoon,4.16,0.84,3,343
W005,20-02-2026,617,6.8,9,14:10:00,night,4.24,0.75,2,383
W005,21-02-2026,742,5.2,11,15:10:00,afternoon,4.2,0.77,2,349
W005,23-02-2026,1172,7.1,15,16:10:00,night,4.44,0.77,3,343
W005,24-02-2026,1041,6,14,17:10:00,night,4.41,0.85,4,363
W005,25-02-2026,1344,3.5,18,18:10:00,afternoon,4.38,0.79,2,408
W005,26-02-2026,1106,4.8,16,19:10:00,morning,4.21,0.77,2,351
W005,27-02-2026,681,3.4,8,20:10:00,morning,4.46,0.84,3,330
W006,02-01-2026,1055,6.2,14,21:10:00,night,4.76,0.92,1,165
W006,04-01-2026,1284,3.8,16,22:10:00,night,4.74,0.92,1,106
W006,05-01-2026,1153,6.6,15,23:10:00,morning,4.6,0.9,0,157
W006,08-01-2026,1072,5.5,13,00:10:00,night,4.89,0.9,0,111
W006,09-01-2026,1008,4.4,12,01:10:00,night,4.8,0.95,1,144
W006,11-01-2026,1143,4.4,16,02:10:00,night,4.71,0.91,0,108
W006,12-01-2026,1007,4.8,13,03:10:00,afternoon,4.62,0.95,1,126
W006,13-01-2026,1018,3.4,15,04:10:00,evening,4.69,0.92,0,106
W006,14-01-2026,1064,5.5,16,05:10:00,night,4.61,0.9,0,158
W006,17-01-2026,1024,4.1,13,06:10:00,afternoon,4.95,0.91,1,153
W006,18-01-2026,1341,3,19,07:10:00,night,4.88,0.91,1,101
W006,20-01-2026,1257,5.6,17,08:10:00,evening,4.96,0.96,0,127
W006,22-01-2026,1059,6.5,14,09:10:00,afternoon,4.64,0.92,0,150
W006,24-01-2026,1207,4.8,18,10:10:00,afternoon,4.9,0.96,1,140
W006,26-01-2026,836,6.9,12,11:10:00,evening,4.64,0.91,1,128
W006,27-01-2026,1090,5.7,13,12:10:00,evening,4.87,0.92,1,122
W006,28-01-2026,1267,6.8,16,13:10:00,morning,4.84,0.95,1,178
W006,01-02-2026,1244,7.5,18,14:10:00,afternoon,4.82,0.96,1,109
W006,02-02-2026,1210,4.5,15,15:10:00,night,4.8,0.96,1,127
W006,03-02-2026,1103,4.7,14,16:10:00,evening,4.63,0.91,0,103
W006,05-02-2026,1214,4.8,16,17:10:00,night,4.65,0.95,0,134
W006,06-02-2026,1057,3.5,14,18:10:00,morning,4.99,0.95,0,120
W006,07-02-2026,1068,6,16,19:10:00,afternoon,4.76,0.97,1,165
W006,08-02-2026,1224,3.7,15,20:10:00,afternoon,4.8,0.98,1,159
W006,09-02-2026,1123,7.5,16,21:10:00,night,4.84,0.93,0,154
W006,10-02-2026,1258,4.8,19,22:10:00,morning,4.62,0.94,0,122
W006,11-02-2026,1179,6.2,17,23:10:00,night,4.8,0.97,0,138
W006,12-02-2026,1358,6.8,18,00:10:00,afternoon,4.72,0.91,0,168
W006,13-02-2026,1069,4.2,14,01:10:00,evening,4.93,0.95,0,165
W006,14-02-2026,1084,3.5,16,02:10:00,night,4.87,0.93,0,151
W006,15-02-2026,973,3.5,11,03:10:00,night,4.68,0.96,1,107
W006,17-02-2026,1198,7.8,16,04:10:00,evening,4.64,0.98,1,170
W006,18-02-2026,1080,4.9,16,05:10:00,evening,4.75,0.92,1,165
W006,19-02-2026,1207,6.7,16,06:10:00,morning,4.96,0.93,0,136
W006,20-02-2026,879,5.8,12,07:10:00,night,4.96,0.97,1,134
W006,21-02-2026,1033,6.3,15,08:10:00,night,4.95,0.94,0,131
W006,22-02-2026,902,5.3,10,09:10:00,afternoon,4.82,0.97,0,157
W006,23-02-2026,1119,3.7,14,10:10:00,night,4.71,0.97,0,170
W006,24-02-2026,1327,4.4,19,11:10:00,night,4.61,0.9,1,128
W006,25-02-2026,1114,4.9,14,12:10:00,evening,4.69,0.93,1,118
W006,27-02-2026,1144,6.2,14,13:10:00,afternoon,4.9,0.98,0,153
W006,28-02-2026,1141,5,18,14:10:00,evening,4.83,0.94,1,122
W006,01-03-2026,1117,5.7,17,15:10:00,evening,4.79,0.91,0,174
W007,06-01-2026,1331,7.2,19,16:10:00,afternoon,4.74,0.91,0,151
W007,07-01-2026,1171,6.9,15,17:10:00,evening,4.63,0.91,0,113
W007,08-01-2026,831,4.6,11,18:10:00,evening,4.86,0.95,0,104
W007,11-01-2026,1095,3.6,16,19:10:00,evening,4.95,0.97,0,152
W007,12-01-2026,1401,4.6,20,20:10:00,morning,4.66,0.91,1,171
W007,13-01-2026,1346,8,18,21:10:00,morning,4.74,0.97,1,149
W007,14-01-2026,1314,4.8,20,22:10:00,evening,4.73,0.91,0,163
W007,15-01-2026,789,4.1,11,23:10:00,morning,4.71,0.93,1,176
W007,17-01-2026,1239,5.1,15,00:10:00,evening,4.99,0.94,1,171
W007,18-01-2026,982,4.6,14,01:10:00,night,4.84,0.95,0,121
W007,20-01-2026,1108,6,16,02:10:00,morning,4.68,0.96,0,146
W007,21-01-2026,1172,7.7,17,03:10:00,evening,4.7,0.96,1,125
W007,23-01-2026,1290,7,19,04:10:00,night,4.69,0.94,1,155
W007,24-01-2026,1184,4.1,15,05:10:00,morning,4.61,0.95,1,143
W007,26-01-2026,1010,6.4,15,06:10:00,morning,4.66,0.92,0,108
W007,28-01-2026,1094,3.6,13,07:10:00,night,4.78,0.93,1,133
W007,29-01-2026,944,5.1,15,08:10:00,evening,4.96,0.95,0,150
W007,31-01-2026,1242,7.2,18,09:10:00,morning,4.88,0.94,0,147
W007,01-02-2026,966,6.7,12,10:10:00,night,4.64,0.9,0,169
W007,02-02-2026,1206,6.9,15,11:10:00,night,4.66,0.91,0,169
W007,03-02-2026,943,7.7,14,12:10:00,morning,4.78,0.92,1,178
W007,04-02-2026,1162,6.8,14,13:10:00,night,4.99,0.93,1,105
W007,05-02-2026,1130,3.7,18,14:10:00,afternoon,4.9,0.9,1,177
W007,06-02-2026,998,7.3,14,15:10:00,evening,4.81,0.97,0,119
W007,07-02-2026,1126,6.4,15,16:10:00,evening,4.62,0.96,0,105
W007,08-02-2026,1345,5,19,17:10:00,afternoon,4.64,0.94,0,147
W007,09-02-2026,1158,4.2,16,18:10:00,afternoon,4.77,0.98,0,164
W007,10-02-2026,942,4.8,12,19:10:00,morning,4.63,0.94,0,174
W007,11-02-2026,1017,3.4,12,20:10:00,night,4.62,0.93,0,111
W007,13-02-2026,977,4.5,13,21:10:00,night,4.63,0.95,1,112
W007,14-02-2026,1219,4.9,19,22:10:00,evening,4.77,0.93,0,132
W007,15-02-2026,1140,4.8,17,23:10:00,evening,4.69,0.96,1,118
W007,16-02-2026,1266,7.2,18,00:10:00,night,4.63,0.93,1,147
W007,17-02-2026,843,4,10,01:10:00,evening,4.95,0.98,1,162
W007,19-02-2026,1322,6.8,18,02:10:00,morning,4.9,0.92,1,153
W007,22-02-2026,1071,6,17,03:10:00,evening,4.91,0.97,1,138
W007,24-02-2026,1017,6.4,13,04:10:00,afternoon,4.79,0.91,1,120
W007,25-02-2026,1015,6.3,14,05:10:00,morning,4.87,0.92,0,109
W007,26-02-2026,1221,5.9,19,06:10:00,night,4.74,0.96,0,167
W007,27-02-2026,1247,7.2,18,07:10:00,night,4.88,0.98,1,133
W007,28-02-2026,1065,6.5,17,08:10:00,morning,4.69,0.91,1,168
W007,01-03-2026,1134,3.1,16,09:10:00,night,4.82,0.92,0,105
W008,02-01-2026,1171,3.3,17,10:10:00,evening,4.73,0.93,0,170
W008,04-01-2026,1157,6.4,16,11:10:00,evening,4.68,0.92,1,153
W008,05-01-2026,1148,6,17,12:10:00,afternoon,4.7,0.91,0,174
W008,06-01-2026,1215,4.1,17,13:10:00,afternoon,4.75,0.94,0,167
W008,07-01-2026,1076,3.1,14,14:10:00,afternoon,4.84,0.91,1,136
W008,08-01-2026,1296,6.1,16,15:10:00,afternoon,4.78,0.95,1,171
W008,09-01-2026,999,3.8,14,16:10:00,afternoon,4.67,0.93,1,113
W008,10-01-2026,1020,6.6,16,17:10:00,afternoon,4.83,0.91,1,109
W008,12-01-2026,1145,6.3,16,18:10:00,morning,4.84,0.94,0,143
W008,14-01-2026,1141,5.5,16,19:10:00,night,4.99,0.98,1,166
W008,15-01-2026,1106,7.3,13,20:10:00,morning,4.62,0.97,0,120
W008,18-01-2026,1012,5.6,16,21:10:00,morning,4.77,0.93,0,151
W008,19-01-2026,1186,7.6,15,22:10:00,afternoon,4.99,0.93,0,110
W008,20-01-2026,1189,6.3,18,23:10:00,afternoon,4.77,0.96,0,177
W008,25-01-2026,907,7.9,13,00:10:00,morning,4.67,0.98,0,104
W008,26-01-2026,1180,7.1,14,01:10:00,morning,4.67,0.95,1,169
W008,27-01-2026,1330,7.8,19,02:10:00,evening,4.79,0.93,1,176
W008,28-01-2026,1383,3.6,21,03:10:00,morning,4.74,0.91,0,141
W008,29-01-2026,1001,4.7,15,04:10:00,night,4.79,0.91,0,171
W008,30-01-2026,1223,6,17,05:10:00,night,4.63,0.95,1,167
W008,31-01-2026,985,4.3,14,06:10:00,evening,4.72,0.94,0,174
W008,01-02-2026,1197,8,17,07:10:00,afternoon,4.71,0.91,1,139
W008,02-02-2026,896,5.9,14,08:10:00,night,4.86,0.96,1,123
W008,03-02-2026,853,4.7,12,09:10:00,night,4.76,0.91,1,130
W008,04-02-2026,1378,4,18,10:10:00,night,4.96,0.92,1,102
W008,05-02-2026,1060,6,13,11:10:00,night,4.6,0.96,1,110
W008,06-02-2026,989,7.9,13,12:10:00,afternoon,4.82,0.93,1,139
W008,07-02-2026,1173,6.9,16,13:10:00,morning,4.81,0.91,0,177
W008,08-02-2026,1027,4.8,14,14:10:00,morning,4.82,0.94,0,134
W008,09-02-2026,1033,6.2,13,15:10:00,morning,4.63,0.9,0,151
W008,10-02-2026,1091,3.8,14,16:10:00,night,4.87,0.94,1,178
W008,11-02-2026,1052,5.5,17,17:10:00,night,4.73,0.91,0,101
W008,13-02-2026,1393,7.4,18,18:10:00,afternoon,4.75,0.9,1,169
W008,14-02-2026,1218,4.6,16,19:10:00,afternoon,4.79,0.98,0,125
W008,15-02-2026,1117,5.4,16,20:10:00,morning,4.87,0.94,0,167
W008,16-02-2026,1378,7.4,19,21:10:00,night,4.82,0.91,1,112
W008,17-02-2026,1303,6.6,17,22:10:00,evening,4.81,0.92,0,123
W008,18-02-2026,958,3.9,15,23:10:00,afternoon,4.79,0.93,1,131
W008,20-02-2026,1162,4,16,00:10:00,morning,4.91,0.91,0,103
W008,21-02-2026,1191,3.1,17,01:10:00,morning,4.95,0.92,0,143
W008,22-02-2026,1104,7.1,17,02:10:00,night,4.86,0.95,0,154
W008,23-02-2026,1197,5.2,19,03:10:00,evening,4.82,0.92,0,131
W008,24-02-2026,1030,5.4,16,04:10:00,night,4.97,0.98,1,161
W008,25-02-2026,899,3.2,10,05:10:00,night,4.91,0.94,1,172
W008,27-02-2026,1392,5.5,21,06:10:00,night,4.72,0.92,1,175
W008,28-02-2026,987,4.6,14,07:10:00,morning,4.76,0.92,0,128
W008,01-03-2026,1462,3.6,21,08:10:00,evening,4.61,0.9,0,130
W009,12-01-2026,1333,4.5,17,09:10:00,afternoon,4.84,0.91,0,119
W009,13-01-2026,1017,4.3,13,10:10:00,night,4.75,0.91,0,100
W009,14-01-2026,1052,7,14,11:10:00,afternoon,4.86,0.93,1,129
W009,15-01-2026,1118,5.6,14,12:10:00,morning,4.68,0.97,0,124
W009,16-01-2026,1009,4.7,15,13:10:00,night,4.9,0.96,0,116
W009,18-01-2026,908,7.5,12,14:10:00,night,4.82,0.92,1,142
W009,20-01-2026,1007,3.2,15,15:10:00,morning,4.82,0.93,1,135
W009,21-01-2026,1008,6.2,15,16:10:00,evening,4.6,0.94,1,147
W009,22-01-2026,882,3.5,12,17:10:00,night,4.71,0.96,0,108
W009,24-01-2026,991,5.1,12,18:10:00,night,4.87,0.93,1,170
W009,25-01-2026,1115,4.4,17,19:10:00,afternoon,4.67,0.97,1,123
W009,26-01-2026,1167,4,14,20:10:00,afternoon,4.65,0.93,0,168
W009,27-01-2026,1143,5.2,14,21:10:00,night,4.61,0.92,0,125
W009,28-01-2026,869,4.6,11,22:10:00,morning,4.63,0.94,1,140
W009,29-01-2026,1225,6.4,19,23:10:00,morning,4.93,0.97,1,123
W009,30-01-2026,1120,6.6,18,00:10:00,afternoon,4.65,0.93,0,170
W009,31-01-2026,1196,7.5,15,01:10:00,evening,4.95,0.95,1,162
W009,01-02-2026,1082,6.5,16,02:10:00,evening,4.94,0.92,0,143
W009,02-02-2026,1054,5.6,13,03:10:00,night,4.85,0.96,1,171
W009,03-02-2026,1061,3.5,17,04:10:00,evening,4.72,0.91,1,107
W009,04-02-2026,1139,4.9,16,05:10:00,afternoon,4.72,0.98,1,149
W009,05-02-2026,1364,6.6,18,06:10:00,night,4.96,0.97,1,154
W009,06-02-2026,901,4.6,12,07:10:00,night,4.9,0.91,0,109
W009,07-02-2026,1036,6.9,13,08:10:00,morning,4.85,0.91,0,168
W009,08-02-2026,1072,4.5,16,09:10:00,morning,4.76,0.91,1,165
W009,09-02-2026,1181,5,17,10:10:00,afternoon,4.64,0.92,0,179
W009,11-02-2026,1099,3.3,17,11:10:00,afternoon,4.64,0.96,0,168
W009,12-02-2026,1107,6.7,14,12:10:00,night,4.66,0.91,0,103
W009,13-02-2026,888,5.9,12,13:10:00,evening,4.91,0.93,1,114
W009,14-02-2026,1054,3.4,14,14:10:00,evening,4.77,0.94,0,145
W009,15-02-2026,1162,5.9,16,15:10:00,night,4.62,0.96,1,177
W009,16-02-2026,1178,5.9,18,16:10:00,morning,4.69,0.91,0,141
W009,17-02-2026,1099,5.6,17,17:10:00,evening,4.79,0.98,1,105
W009,18-02-2026,1157,6.7,15,18:10:00,morning,4.67,0.96,0,177
W009,19-02-2026,1083,5.3,13,19:10:00,night,4.91,0.96,1,116
W009,20-02-2026,996,3.9,16,20:10:00,night,4.6,0.98,1,103
W009,21-02-2026,1320,6.8,17,21:10:00,morning,4.95,0.98,1,177
W009,22-02-2026,1167,4.7,16,22:10:00,afternoon,4.99,0.98,0,136
W009,23-02-2026,1139,8,14,23:10:00,night,4.76,0.93,1,111
W009,24-02-2026,922,3.2,11,00:10:00,night,4.8,0.96,0,133
W009,25-02-2026,1125,3.4,16,01:10:00,night,4.76,0.94,0,140
W009,26-02-2026,1613,5.2,21,02:10:00,morning,4.67,0.9,0,105
W009,27-02-2026,988,7.8,15,03:10:00,afternoon,4.8,0.97,0,138
W009,28-02-2026,1296,7.2,17,04:10:00,morning,4.91,0.91,1,156
W009,01-03-2026,1112,6.3,14,05:10:00,night,4.66,0.9,1,103
W010,03-01-2026,1227,4.1,17,06:10:00,afternoon,4.45,0.7,3,335
W010,06-01-2026,457,5.6,5,07:10:00,morning,4.1,0.71,3,352
W010,07-01-2026,1037,4.4,15,08:10:00,evening,4.35,0.8,3,391
W010,08-01-2026,876,3.9,13,09:10:00,night,4.18,0.73,2,378
W010,09-01-2026,280,6.4,5,10:10:00,night,4.07,0.7,3,366
W010,10-01-2026,946,7.5,15,11:10:00,night,4.07,0.75,3,393
W010,11-01-2026,364,3.3,5,12:10:00,afternoon,4.19,0.72,3,315
W010,12-01-2026,859,4.2,10,13:10:00,afternoon,4.15,0.79,2,407
W010,13-01-2026,1340,4.1,21,14:10:00,afternoon,4.39,0.79,4,370
W010,14-01-2026,836,6.9,10,15:10:00,morning,4.31,0.76,4,399
W010,15-01-2026,798,7.9,11,16:10:00,night,4.09,0.79,4,316
W010,16-01-2026,870,6.1,13,17:10:00,night,4.25,0.78,4,415
W010,17-01-2026,200,5.5,5,18:10:00,morning,4.33,0.72,3,404
W010,18-01-2026,230,6.6,5,19:10:00,afternoon,4.33,0.77,2,395
W010,19-01-2026,200,8,5,20:10:00,night,4.4,0.74,2,431
W010,20-01-2026,660,4.7,11,21:10:00,night,4.17,0.83,3,381
W010,21-01-2026,707,5.7,10,22:10:00,evening,4.32,0.75,3,312
W010,22-01-2026,425,6.9,5,23:10:00,morning,4.49,0.8,4,402
W010,23-01-2026,429,5.1,8,00:10:00,night,4.02,0.72,3,443
W010,24-01-2026,200,3.5,5,01:10:00,night,4.29,0.72,3,359
W010,26-01-2026,473,4.6,5,02:10:00,morning,4.3,0.83,3,302
W010,27-01-2026,1230,4,15,03:10:00,afternoon,4.33,0.74,3,309
W010,28-01-2026,783,4.1,13,04:10:00,afternoon,4.27,0.74,3,332
W010,29-01-2026,874,7.7,14,05:10:00,afternoon,4.37,0.73,3,414
W010,30-01-2026,1380,3.4,21,06:10:00,evening,4.38,0.8,3,421
W010,31-01-2026,751,7.1,11,07:10:00,evening,4.39,0.71,4,417
W010,01-02-2026,1045,5.4,16,08:10:00,night,4.5,0.8,3,346
W010,03-02-2026,582,5.4,10,09:10:00,night,4.1,0.73,3,337
W010,05-02-2026,200,7.1,5,10:10:00,morning,4.23,0.81,4,318
W010,07-02-2026,633,6.7,9,11:10:00,night,4.42,0.8,4,348
W010,09-02-2026,433,3.8,8,12:10:00,night,4.05,0.8,2,401
W010,11-02-2026,708,4.9,11,13:10:00,afternoon,4.4,0.7,4,344
W010,14-02-2026,200,5.2,5,14:10:00,morning,4.11,0.84,3,403
W010,15-02-2026,843,6.2,14,15:10:00,evening,4.04,0.8,3,324
W010,16-02-2026,1127,7.1,14,16:10:00,night,4.36,0.77,3,437
W010,17-02-2026,1185,4.7,18,17:10:00,night,4.22,0.84,2,434
W010,18-02-2026,701,4.5,9,18:10:00,night,4.27,0.74,3,416
W010,20-02-2026,670,6.7,8,19:10:00,night,4.23,0.84,4,412
W010,21-02-2026,651,5.1,10,20:10:00,afternoon,4.34,0.81,2,436
W010,22-02-2026,978,5,11,21:10:00,afternoon,4.25,0.85,2,391
W010,24-02-2026,324,5.3,5,22:10:00,afternoon,4.06,0.78,3,370
W010,25-02-2026,1042,6.1,13,23:10:00,afternoon,4.24,0.75,4,436
W010,26-02-2026,502,6.4,8,00:10:00,afternoon,4.22,0.72,2,314
W010,28-02-2026,539,6.9,6,01:10:00,afternoon,4.13,0.78,2,385
W010,01-03-2026,394,3.4,6,02:10:00,night,4.34,0.83,4,330
W011,08-01-2026,833,6.4,10,03:10:00,afternoon,4.5,0.89,1,183
W011,09-01-2026,712,5.5,11,04:10:00,afternoon,4.36,0.86,2,273
W011,10-01-2026,989,3.2,12,05:10:00,night,4.41,0.83,2,234
W011,11-01-2026,926,4.8,12,06:10:00,night,4.56,0.81,2,266
W011,12-01-2026,860,5,12,07:10:00,afternoon,4.51,0.86,1,280
W011,13-01-2026,1072,5.3,13,08:10:00,afternoon,4.57,0.87,2,198
W011,14-01-2026,1013,3.2,14,09:10:00,night,4.57,0.86,2,287
W011,15-01-2026,924,7.8,15,10:10:00,night,4.66,0.82,2,221
W011,17-01-2026,979,4.5,12,11:10:00,evening,4.7,0.85,1,260
W011,18-01-2026,719,3.5,12,12:10:00,afternoon,4.67,0.8,1,191
W011,19-01-2026,1134,6.8,18,13:10:00,morning,4.32,0.83,1,287
W011,20-01-2026,1126,7.3,15,14:10:00,night,4.56,0.81,2,295
W011,21-01-2026,939,4.7,13,15:10:00,afternoon,4.47,0.87,2,183
W011,22-01-2026,656,3.1,8,16:10:00,morning,4.37,0.81,2,271
W011,24-01-2026,507,6.2,8,17:10:00,morning,4.58,0.82,1,197
W011,26-01-2026,855,6,11,18:10:00,night,4.6,0.88,2,189
W011,28-01-2026,738,7.7,8,19:10:00,night,4.45,0.86,1,224
W011,29-01-2026,860,4,11,20:10:00,afternoon,4.59,0.89,2,217
W011,30-01-2026,622,6,7,21:10:00,night,4.43,0.84,1,290
W011,31-01-2026,503,6.6,6,22:10:00,night,4.63,0.86,2,187
W011,01-02-2026,1191,4.9,16,23:10:00,night,4.49,0.83,2,290
W011,02-02-2026,1046,6.4,16,00:10:00,morning,4.62,0.81,1,239
W011,03-02-2026,608,5.2,10,01:10:00,night,4.39,0.82,2,273
W011,04-02-2026,1583,5.2,24,02:10:00,night,4.61,0.8,1,185
W011,05-02-2026,928,6.5,12,03:10:00,night,4.53,0.83,1,189
W011,06-02-2026,974,4.4,14,04:10:00,night,4.4,0.85,1,243
W011,08-02-2026,919,4.8,12,05:10:00,evening,4.43,0.82,1,234
W011,09-02-2026,442,3.7,6,06:10:00,evening,4.44,0.82,2,234
W011,11-02-2026,1303,6.3,16,07:10:00,night,4.36,0.89,1,291
W011,12-02-2026,867,4.7,14,08:10:00,night,4.38,0.83,1,284
W011,13-02-2026,763,7.5,8,09:10:00,afternoon,4.58,0.81,2,200
W011,16-02-2026,940,7.4,14,10:10:00,night,4.3,0.84,2,214
W011,17-02-2026,574,5.4,7,11:10:00,night,4.49,0.82,2,287
W011,18-02-2026,756,4.9,12,12:10:00,afternoon,4.66,0.88,1,282
W011,19-02-2026,755,5.5,12,13:10:00,morning,4.43,0.89,1,242
W011,20-02-2026,1226,7.5,18,14:10:00,morning,4.65,0.87,2,271
W011,21-02-2026,1264,5.5,17,15:10:00,night,4.58,0.87,2,183
W011,22-02-2026,635,4,8,16:10:00,evening,4.52,0.86,1,247
W011,23-02-2026,1169,6.8,16,17:10:00,morning,4.69,0.83,1,197
W011,27-02-2026,796,7.9,9,18:10:00,morning,4.41,0.88,2,245
W011,28-02-2026,885,3.7,14,19:10:00,night,4.5,0.83,2,286
W011,01-03-2026,757,4.1,8,20:10:00,night,4.47,0.89,1,251
W012,04-01-2026,1373,6.6,19,21:10:00,evening,4.7,0.92,1,145
W012,05-01-2026,1289,4.2,19,22:10:00,evening,4.7,0.98,1,133
W012,06-01-2026,1212,6.8,19,23:10:00,evening,4.74,0.91,1,111
W012,07-01-2026,1103,5.3,15,00:10:00,afternoon,4.88,0.91,0,173
W012,08-01-2026,890,3.5,13,01:10:00,morning,4.75,0.91,1,110
W012,09-01-2026,832,3.3,10,02:10:00,night,4.63,0.95,0,168
W012,11-01-2026,991,7.7,14,03:10:00,afternoon,4.97,0.9,0,144
W012,13-01-2026,1042,6.9,14,04:10:00,night,4.75,0.91,1,123
W012,14-01-2026,1192,5,18,05:10:00,morning,4.96,0.94,1,144
W012,15-01-2026,1079,6.6,17,06:10:00,evening,4.73,0.96,1,173
W012,16-01-2026,964,3.2,11,07:10:00,evening,4.78,0.93,1,123
W012,18-01-2026,985,7,15,08:10:00,afternoon,4.85,0.91,0,111
W012,19-01-2026,1114,6.5,17,09:10:00,morning,4.73,0.93,0,119
W012,20-01-2026,1153,4.8,16,10:10:00,night,4.61,0.96,1,175
W012,21-01-2026,1197,3.9,17,11:10:00,afternoon,4.92,0.92,0,109
W012,22-01-2026,1310,8,19,12:10:00,morning,4.76,0.92,1,108
W012,23-01-2026,1245,7,15,13:10:00,night,4.8,0.9,0,145
W012,24-01-2026,1160,6.7,18,14:10:00,night,4.88,0.95,0,165
W012,25-01-2026,879,5.6,13,15:10:00,evening,4.91,0.9,1,108
W012,26-01-2026,981,6.5,14,16:10:00,night,4.74,0.93,0,164
W012,27-01-2026,1056,5.1,13,17:10:00,night,4.75,0.91,1,152
W012,28-01-2026,1128,4.2,16,18:10:00,night,4.86,0.93,1,177
W012,30-01-2026,1107,5.7,17,19:10:00,morning,4.89,0.97,1,171
W012,31-01-2026,1056,5.2,15,20:10:00,morning,4.61,0.93,1,135
W012,01-02-2026,1127,3.9,15,21:10:00,morning,4.85,0.98,1,111
W012,02-02-2026,861,7.2,10,22:10:00,night,4.98,0.92,1,175
W012,03-02-2026,1136,5.4,15,23:10:00,afternoon,4.95,0.94,1,160
W012,05-02-2026,1177,4.2,17,00:10:00,night,5,0.98,0,165
W012,06-02-2026,937,6.7,13,01:10:00,morning,4.76,0.98,1,101
W012,07-02-2026,1074,6.2,14,02:10:00,evening,4.91,0.94,0,105
W012,08-02-2026,893,6.3,13,03:10:00,afternoon,4.7,0.91,1,177
W012,09-02-2026,1024,3.4,16,04:10:00,evening,5,0.95,0,128
W012,10-02-2026,1399,3.4,21,05:10:00,evening,4.88,0.95,0,141
W012,11-02-2026,920,5.2,12,06:10:00,afternoon,4.79,0.94,0,179
W012,12-02-2026,958,7,14,07:10:00,night,4.91,0.97,0,116
W012,13-02-2026,1100,6.5,14,08:10:00,evening,4.99,0.94,0,131
W012,14-02-2026,1092,7.7,13,09:10:00,night,4.97,0.94,1,155
W012,15-02-2026,1200,7.6,17,10:10:00,morning,4.67,0.94,1,129
W012,16-02-2026,1228,4.3,19,11:10:00,morning,4.64,0.93,0,120
W012,17-02-2026,1283,3.5,19,12:10:00,afternoon,4.62,0.96,0,110
W012,18-02-2026,1580,3.3,21,13:10:00,morning,4.8,0.93,1,111
W012,19-02-2026,1091,6.7,15,14:10:00,morning,4.6,0.97,0,143
W012,20-02-2026,1114,7.9,14,15:10:00,morning,4.7,0.94,0,103
W012,21-02-2026,893,3.6,13,16:10:00,morning,4.86,0.94,0,137
W012,22-02-2026,940,4.2,12,17:10:00,night,4.75,0.97,0,143
W012,23-02-2026,1296,5.5,17,18:10:00,night,4.63,0.91,0,137
W012,24-02-2026,1370,5.6,21,19:10:00,night,4.61,0.94,0,120
W012,25-02-2026,967,3.5,11,20:10:00,night,4.77,0.95,0,126
W012,26-02-2026,1303,6.1,18,21:10:00,night,4.65,0.92,1,102
W012,27-02-2026,1183,4.6,16,22:10:00,night,4.71,0.92,1,119
W012,28-02-2026,995,7.1,16,23:10:00,morning,4.96,0.94,1,146
W012,01-03-2026,940,5.6,15,00:10:00,night,4.97,0.97,0,131
W013,09-01-2026,888,5.2,12,01:10:00,evening,4.77,0.95,0,128
W013,10-01-2026,1226,3.9,18,02:10:00,night,4.95,0.97,0,162
W013,11-01-2026,1067,5.8,17,03:10:00,afternoon,4.97,0.91,1,101
W013,12-01-2026,1024,6.6,12,04:10:00,afternoon,4.8,0.93,1,145
W013,13-01-2026,793,6.9,12,05:10:00,afternoon,4.75,0.91,0,177
W013,14-01-2026,1144,6.7,15,06:10:00,night,4.67,0.98,0,124
W013,15-01-2026,912,7.1,12,07:10:00,evening,4.95,0.9,1,174
W013,16-01-2026,895,5.8,12,08:10:00,night,4.85,0.97,0,149
W013,17-01-2026,1110,4.2,13,09:10:00,evening,4.84,0.97,0,171
W013,18-01-2026,1045,6.4,13,10:10:00,night,4.85,0.92,1,157
W013,19-01-2026,1236,7.5,16,11:10:00,morning,4.89,0.96,0,119
W013,20-01-2026,1122,3.2,15,12:10:00,night,4.89,0.95,0,135
W013,21-01-2026,1138,7.9,16,13:10:00,afternoon,4.78,0.97,1,176
W013,22-01-2026,1017,5.6,16,14:10:00,night,4.87,0.9,1,106
W013,23-01-2026,982,3.4,15,15:10:00,morning,4.63,0.91,1,151
W013,24-01-2026,949,4.5,11,16:10:00,morning,4.86,0.97,1,104
W013,26-01-2026,1123,3.8,15,17:10:00,night,4.77,0.97,0,154
W013,27-01-2026,838,4.3,11,18:10:00,evening,4.8,0.94,0,156
W013,28-01-2026,1225,6.3,18,19:10:00,morning,4.86,0.97,0,149
W013,29-01-2026,965,7.3,12,20:10:00,morning,4.9,0.95,0,129
W013,30-01-2026,969,7.3,14,21:10:00,evening,4.94,0.91,1,152
W013,31-01-2026,1073,7.7,17,22:10:00,night,4.64,0.91,0,149
W013,02-02-2026,1272,5.9,16,23:10:00,morning,4.64,0.91,0,141
W013,03-02-2026,1223,4.6,18,00:10:00,evening,4.97,0.96,1,158
W013,05-02-2026,1072,6.2,15,01:10:00,morning,4.76,0.98,1,145
W013,07-02-2026,918,5.7,14,02:10:00,afternoon,4.71,0.97,0,133
W013,09-02-2026,1101,7,17,03:10:00,afternoon,4.63,0.95,1,158
W013,10-02-2026,1326,7.4,16,04:10:00,night,4.98,0.95,1,160
W013,11-02-2026,1057,5.5,14,05:10:00,morning,4.91,0.95,0,155
W013,12-02-2026,1215,6.6,16,06:10:00,morning,4.85,0.95,0,124
W013,13-02-2026,912,6.9,15,07:10:00,night,4.88,0.96,0,111
W013,14-02-2026,1189,4.4,16,08:10:00,morning,4.72,0.97,1,118
W013,15-02-2026,1160,7.2,16,09:10:00,morning,4.73,0.93,0,128
W013,16-02-2026,1084,7.9,14,10:10:00,afternoon,4.62,0.96,1,154
W013,18-02-2026,1294,3.4,20,11:10:00,night,4.85,0.91,0,166
W013,20-02-2026,1140,7.9,16,12:10:00,night,4.96,0.96,0,121
W013,21-02-2026,1043,3.5,15,13:10:00,night,4.7,0.98,0,133
W013,22-02-2026,1010,4.2,14,14:10:00,night,4.73,0.98,1,135
W013,23-02-2026,1203,5.6,18,15:10:00,morning,4.92,0.92,0,131
W013,24-02-2026,1103,4.4,17,16:10:00,afternoon,4.67,0.98,1,115
W013,27-02-2026,1131,3.1,14,17:10:00,evening,4.81,0.94,0,172
W013,28-02-2026,903,3.8,11,18:10:00,evening,4.87,0.95,0,126
W013,01-03-2026,1380,6.4,21,19:10:00,night,4.92,0.95,0,134
W014,09-01-2026,1237,7.4,18,20:10:00,morning,4.1,0.72,2,324
W014,11-01-2026,445,5.4,6,21:10:00,evening,4.35,0.74,2,390
W014,12-01-2026,1236,6.5,15,22:10:00,night,4.28,0.79,2,444
W014,13-01-2026,493,5.3,9,23:10:00,evening,4.38,0.8,3,319
W014,14-01-2026,1547,6.6,24,00:10:00,night,4.2,0.81,2,321
W014,16-01-2026,1202,4.2,16,01:10:00,night,4.01,0.73,3,363
W014,18-01-2026,916,4.5,11,02:10:00,afternoon,4.33,0.72,2,367
W014,20-01-2026,585,3.6,8,03:10:00,night,4.36,0.83,3,337
W014,21-01-2026,610,5.4,8,04:10:00,evening,4.5,0.73,2,349
W014,22-01-2026,825,3.6,10,05:10:00,morning,4.02,0.71,3,332
W014,23-01-2026,200,5.9,5,06:10:00,night,4.4,0.71,2,302
W014,24-01-2026,693,3.1,10,07:10:00,morning,4.38,0.8,3,326
W014,25-01-2026,885,5.2,14,08:10:00,afternoon,4.03,0.74,2,339
W014,26-01-2026,871,6,10,09:10:00,evening,4.13,0.76,2,341
W014,27-01-2026,862,3.9,13,10:10:00,night,4.04,0.83,3,385
W014,28-01-2026,640,4.2,7,11:10:00,night,4.31,0.79,2,353
W014,29-01-2026,266,5.9,5,12:10:00,night,4.11,0.71,2,376
W014,30-01-2026,635,6.3,9,13:10:00,evening,4.29,0.75,4,392
W014,31-01-2026,1487,8,19,14:10:00,night,4.27,0.75,4,413
W014,04-02-2026,200,5.7,5,15:10:00,morning,4.06,0.82,3,346
W014,05-02-2026,451,4,5,16:10:00,night,4.01,0.8,4,327
W014,07-02-2026,1101,3.2,13,17:10:00,evening,4.18,0.74,4,367
W014,08-02-2026,355,3.6,5,18:10:00,evening,4.31,0.71,3,429
W014,09-02-2026,1215,6.7,19,19:10:00,night,4.12,0.8,4,303
W014,10-02-2026,1124,3.4,18,20:10:00,night,4.26,0.78,4,350
W014,11-02-2026,1123,7.1,14,21:10:00,morning,4.2,0.75,4,440
W014,12-02-2026,419,7.6,5,22:10:00,afternoon,4.05,0.83,3,354
W014,13-02-2026,778,6.4,11,23:10:00,afternoon,4.19,0.8,3,415
W014,14-02-2026,207,5.6,5,00:10:00,morning,4.47,0.75,2,425
W014,16-02-2026,1694,3,22,01:10:00,night,4.36,0.8,4,442
W014,17-02-2026,741,3.9,11,02:10:00,morning,4.28,0.85,2,418
W014,19-02-2026,503,3.4,5,03:10:00,afternoon,4.07,0.73,4,417
W014,20-02-2026,824,6.1,11,04:10:00,night,4.32,0.83,4,315
W014,21-02-2026,853,6.2,12,05:10:00,night,4.16,0.76,4,393
W014,22-02-2026,491,6.2,8,06:10:00,evening,4.03,0.76,3,316
W014,23-02-2026,794,3.6,11,07:10:00,afternoon,4.2,0.79,4,449
W014,24-02-2026,1319,6.1,16,08:10:00,afternoon,4.47,0.8,4,365
W014,25-02-2026,200,3.9,5,09:10:00,afternoon,4.37,0.82,3,341
W014,26-02-2026,812,7.7,12,10:10:00,evening,4.04,0.84,4,434
W014,28-02-2026,727,4.4,11,11:10:00,night,4.15,0.84,3,426
W014,01-03-2026,719,3.1,10,12:10:00,night,4.28,0.83,3,390
W015,08-01-2026,928,7.9,12,13:10:00,night,4.4,0.84,2,296
W015,09-01-2026,1310,6.7,16,14:10:00,afternoon,4.66,0.9,2,213
W015,12-01-2026,826,3.1,12,15:10:00,night,4.5,0.88,2,266
W015,13-01-2026,987,5.7,12,16:10:00,night,4.53,0.8,1,255
W015,14-01-2026,1009,4.3,12,17:10:00,evening,4.61,0.88,2,239
W015,15-01-2026,1049,4.2,13,18:10:00,afternoon,4.36,0.87,1,258
W015,16-01-2026,837,5.7,13,19:10:00,night,4.31,0.9,2,211
W015,17-01-2026,959,6.7,12,20:10:00,morning,4.35,0.81,2,218
W015,18-01-2026,822,3.7,11,21:10:00,morning,4.63,0.88,2,277
W015,19-01-2026,1143,6.3,14,22:10:00,morning,4.53,0.87,2,191
W015,20-01-2026,752,3.2,11,23:10:00,night,4.39,0.88,1,183
W015,21-01-2026,1016,6,16,00:10:00,night,4.37,0.82,2,236
W015,22-01-2026,1064,4.4,15,01:10:00,evening,4.68,0.88,1,211
W015,23-01-2026,1170,6.7,17,02:10:00,afternoon,4.62,0.85,1,268
W015,24-01-2026,544,3.8,5,03:10:00,afternoon,4.59,0.86,2,206
W015,25-01-2026,1156,6.6,15,04:10:00,afternoon,4.35,0.85,2,182
W015,26-01-2026,486,7.7,7,05:10:00,afternoon,4.32,0.89,1,223
W015,27-01-2026,1244,7.4,19,06:10:00,night,4.55,0.84,1,201
W015,29-01-2026,1223,5.9,18,07:10:00,night,4.39,0.8,1,237
W015,31-01-2026,617,3.7,6,08:10:00,evening,4.58,0.88,1,203
W015,01-02-2026,972,6.5,14,09:10:00,night,4.32,0.8,1,186
W015,03-02-2026,843,4.4,10,10:10:00,night,4.55,0.82,2,283
W015,04-02-2026,788,7.3,11,11:10:00,morning,4.35,0.85,2,278
W015,05-02-2026,686,5.9,9,12:10:00,morning,4.55,0.83,1,293
W015,06-02-2026,1224,7.9,17,13:10:00,afternoon,4.65,0.87,2,245
W015,07-02-2026,882,3.6,13,14:10:00,afternoon,4.68,0.86,1,248
W015,08-02-2026,957,4.2,11,15:10:00,morning,4.36,0.87,1,279
W015,09-02-2026,1128,7.3,16,16:10:00,evening,4.33,0.8,1,294
W015,11-02-2026,966,6.6,15,17:10:00,evening,4.51,0.84,2,201
W015,12-02-2026,695,3.9,8,18:10:00,afternoon,4.56,0.84,2,252
W015,13-02-2026,825,3.8,10,19:10:00,afternoon,4.42,0.85,1,244
W015,14-02-2026,1050,6.5,17,20:10:00,afternoon,4.63,0.89,2,271
W015,16-02-2026,1141,3.7,17,21:10:00,night,4.61,0.84,2,185
W015,18-02-2026,685,7.4,10,22:10:00,afternoon,4.35,0.9,1,276
W015,20-02-2026,1117,6.3,15,23:10:00,morning,4.32,0.84,1,212
W015,21-02-2026,526,4,6,00:10:00,evening,4.68,0.88,2,291
W015,22-02-2026,512,6.4,6,01:10:00,night,4.4,0.8,1,208
W015,24-02-2026,806,4.9,13,02:10:00,morning,4.32,0.82,1,254
W015,25-02-2026,1027,5.8,15,03:10:00,afternoon,4.43,0.82,1,222
W015,26-02-2026,714,3.7,12,04:10:00,night,4.54,0.83,1,235
W015,27-02-2026,934,3.9,11,05:10:00,afternoon,4.47,0.83,1,266
W015,28-02-2026,542,5.6,6,06:10:00,evening,4.64,0.82,2,235
W015,01-03-2026,824,4.8,13,07:10:00,evening,4.41,0.8,2,285
W016,03-01-2026,976,5.7,12,08:10:00,night,4.68,0.93,1,165
W016,04-01-2026,1257,5.6,17,09:10:00,evening,4.71,0.95,1,135
W016,05-01-2026,1327,5.1,19,10:10:00,afternoon,4.62,0.95,1,113
W016,06-01-2026,1328,5.6,19,11:10:00,morning,4.81,0.92,1,168
W016,08-01-2026,1042,5.4,15,12:10:00,morning,4.97,0.91,0,131
W016,09-01-2026,964,6.2,13,13:10:00,morning,4.69,0.95,0,143
W016,10-01-2026,1056,5.8,13,14:10:00,night,4.9,0.97,0,141
W016,11-01-2026,1110,3.8,15,15:10:00,night,4.97,0.94,0,111
W016,13-01-2026,1225,7.3,19,16:10:00,afternoon,4.8,0.96,1,141
W016,14-01-2026,1083,6.4,16,17:10:00,evening,4.62,0.94,0,103
W016,15-01-2026,981,3.4,16,18:10:00,evening,4.71,0.94,1,126
W016,16-01-2026,1067,6.9,14,19:10:00,morning,4.71,0.92,0,119
W016,17-01-2026,1194,3.9,15,20:10:00,evening,4.63,0.96,1,167
W016,19-01-2026,1003,5.1,12,21:10:00,morning,5,0.97,1,104
W016,21-01-2026,1043,5.1,13,22:10:00,night,4.79,0.97,0,126
W016,22-01-2026,1065,6.7,13,23:10:00,morning,4.69,0.97,1,120
W016,24-01-2026,1180,7.3,15,00:10:00,night,4.64,0.95,0,127
W016,25-01-2026,992,6.6,15,01:10:00,evening,4.84,0.91,1,146
W016,26-01-2026,1241,7.7,17,02:10:00,evening,4.87,0.96,1,124
W016,27-01-2026,1032,4.3,14,03:10:00,afternoon,4.63,0.93,1,145
W016,30-01-2026,1053,4.2,15,04:10:00,night,4.98,0.9,0,141
W016,02-02-2026,933,7.6,15,05:10:00,night,4.74,0.98,0,157
W016,03-02-2026,1219,4.2,16,06:10:00,night,4.62,0.95,1,171
W016,05-02-2026,1328,5.6,20,07:10:00,morning,4.99,0.94,1,148
W016,06-02-2026,1174,4.6,18,08:10:00,afternoon,4.67,0.97,1,100
W016,07-02-2026,1052,7,17,09:10:00,morning,4.87,0.9,1,101
W016,08-02-2026,1250,6.2,15,10:10:00,evening,4.99,0.97,0,126
W016,09-02-2026,1227,5,17,11:10:00,evening,4.68,0.94,0,130
W016,10-02-2026,1378,6.1,18,12:10:00,night,4.97,0.93,1,160
W016,11-02-2026,1036,4.5,13,13:10:00,night,4.82,0.97,0,134
W016,12-02-2026,1354,4.6,17,14:10:00,night,4.69,0.96,1,140
W016,13-02-2026,1156,3.6,15,15:10:00,morning,4.77,0.92,0,104
W016,15-02-2026,1240,5,18,16:10:00,morning,4.91,0.97,0,117
W016,16-02-2026,922,3.8,11,17:10:00,evening,4.61,0.93,1,104
W016,17-02-2026,1045,7.3,12,18:10:00,night,4.87,0.91,1,111
W016,18-02-2026,1020,4.6,16,19:10:00,night,4.8,0.96,1,152
W016,19-02-2026,1024,4,16,20:10:00,night,4.96,0.96,0,170
W016,20-02-2026,1137,3.5,15,21:10:00,night,4.83,0.97,0,151
W016,21-02-2026,1146,4.7,18,22:10:00,evening,4.61,0.93,0,105
W016,22-02-2026,1015,6.3,16,23:10:00,afternoon,4.84,0.92,1,147
W016,23-02-2026,996,6.1,16,00:10:00,morning,4.63,0.94,1,123
W016,24-02-2026,1286,4.7,18,01:10:00,morning,4.78,0.92,0,147
W016,25-02-2026,1132,5.6,17,02:10:00,morning,4.97,0.97,0,177
W016,26-02-2026,1285,4,17,03:10:00,night,4.74,0.9,1,167
W016,27-02-2026,1170,4.4,14,04:10:00,night,4.61,0.95,1,157
W017,09-01-2026,562,4.2,7,05:10:00,afternoon,4.36,0.74,4,421
W017,10-01-2026,1196,4.7,19,06:10:00,morning,4.23,0.84,2,344
W017,11-01-2026,1284,5.6,20,07:10:00,afternoon,4.24,0.76,2,448
W017,12-01-2026,737,4.8,12,08:10:00,morning,4.37,0.74,2,369
W017,13-01-2026,590,7.6,8,09:10:00,evening,4.06,0.72,4,313
W017,14-01-2026,407,4.1,5,10:10:00,evening,4.23,0.81,2,402
W017,15-01-2026,1542,5.2,24,11:10:00,night,4.23,0.83,4,415
W017,16-01-2026,1391,5.2,19,12:10:00,night,4.41,0.83,3,440
W017,17-01-2026,1109,3,17,13:10:00,night,4.15,0.71,2,342
W017,19-01-2026,674,4.4,10,14:10:00,night,4.21,0.72,2,440
W017,20-01-2026,200,4.9,5,15:10:00,night,4.44,0.84,2,359
W017,21-01-2026,200,7.6,5,16:10:00,afternoon,4.09,0.71,2,414
W017,22-01-2026,1296,4.3,17,17:10:00,morning,4.29,0.85,2,444
W017,23-01-2026,601,5,9,18:10:00,night,4.12,0.78,2,305
W017,25-01-2026,382,5.6,7,19:10:00,evening,4.24,0.7,4,316
W017,26-01-2026,850,6.5,12,20:10:00,afternoon,4.49,0.81,2,333
W017,27-01-2026,247,6.4,5,21:10:00,afternoon,4.06,0.76,3,439
W017,28-01-2026,547,4.6,6,22:10:00,evening,4.2,0.77,4,417
W017,29-01-2026,441,7.5,5,23:10:00,morning,4.25,0.74,2,366
W017,31-01-2026,959,5.9,15,00:10:00,afternoon,4.43,0.7,2,376
W017,02-02-2026,1809,4.3,27,01:10:00,evening,4.49,0.76,3,381
W017,03-02-2026,1624,6,22,02:10:00,night,4.37,0.83,4,401
W017,06-02-2026,894,6.3,11,03:10:00,evening,4.03,0.75,2,355
W017,07-02-2026,747,8,9,04:10:00,evening,4.39,0.7,4,310
W017,08-02-2026,1106,6.2,13,05:10:00,morning,4.29,0.8,4,415
W017,09-02-2026,1498,4.1,19,06:10:00,morning,4.16,0.76,2,330
W017,10-02-2026,844,4.9,11,07:10:00,morning,4.13,0.84,3,378
W017,11-02-2026,374,5,5,08:10:00,night,4.21,0.79,4,368
W017,12-02-2026,351,7.8,7,09:10:00,evening,4.23,0.82,3,376
W017,13-02-2026,265,3.3,5,10:10:00,afternoon,4.02,0.78,4,435
W017,15-02-2026,1427,7.3,22,11:10:00,night,4.16,0.72,4,320
W017,17-02-2026,1020,7.6,12,12:10:00,morning,4.44,0.72,4,354
W017,18-02-2026,1427,4.8,18,13:10:00,evening,4.06,0.83,2,411
W017,19-02-2026,792,7.4,9,14:10:00,night,4.39,0.76,2,402
W017,21-02-2026,326,5.9,5,15:10:00,morning,4.3,0.82,4,370
W017,23-02-2026,200,4.1,5,16:10:00,night,4.13,0.76,4,383
W017,24-02-2026,844,7.3,12,17:10:00,afternoon,4.1,0.75,3,319
W017,25-02-2026,612,7.9,7,18:10:00,morning,4.33,0.83,4,431
W017,26-02-2026,931,5.9,12,19:10:00,afternoon,4.15,0.72,2,379
W017,27-02-2026,470,6.9,8,20:10:00,evening,4.17,0.85,2,341
W017,28-02-2026,200,5.2,5,21:10:00,morning,4.05,0.76,4,410
W017,01-03-2026,863,4.8,12,22:10:00,night,4.49,0.74,2,394
W018,10-01-2026,611,3.4,6,23:10:00,morning,4.64,0.85,1,255
W018,12-01-2026,1039,7.4,13,00:10:00,evening,4.53,0.82,1,283
W018,13-01-2026,975,5,11,01:10:00,evening,4.31,0.81,1,195
W018,14-01-2026,781,7.1,9,02:10:00,night,4.44,0.87,1,235
W018,15-01-2026,868,5.3,14,03:10:00,night,4.39,0.87,2,183
W018,16-01-2026,857,7.8,10,04:10:00,afternoon,4.3,0.86,1,270
W018,17-01-2026,1135,5.3,16,05:10:00,afternoon,4.32,0.84,2,196
W018,18-01-2026,696,6.8,7,06:10:00,night,4.35,0.81,2,213
W018,19-01-2026,959,4.8,11,07:10:00,evening,4.33,0.89,2,234
W018,20-01-2026,869,5.4,11,08:10:00,night,4.51,0.88,1,244
W018,21-01-2026,743,3.3,10,09:10:00,morning,4.59,0.9,2,187
W018,22-01-2026,1098,7,14,10:10:00,afternoon,4.37,0.86,1,259
W018,23-01-2026,1112,8,13,11:10:00,morning,4.7,0.84,1,285
W018,27-01-2026,560,4,9,12:10:00,morning,4.33,0.83,1,229
W018,29-01-2026,1312,3.4,19,13:10:00,night,4.43,0.89,2,237
W018,30-01-2026,726,5.3,8,14:10:00,night,4.65,0.81,1,226
W018,31-01-2026,687,7.7,11,15:10:00,night,4.49,0.84,1,181
W018,01-02-2026,1141,7.8,15,16:10:00,morning,4.41,0.88,1,287
W018,02-02-2026,1100,7.1,17,17:10:00,evening,4.66,0.83,2,236
W018,03-02-2026,590,4.9,10,18:10:00,evening,4.65,0.87,2,180
W018,04-02-2026,1131,4.1,18,19:10:00,night,4.63,0.83,1,195
W018,05-02-2026,960,7,13,20:10:00,evening,4.6,0.82,2,253
W018,06-02-2026,1096,7.3,15,21:10:00,afternoon,4.47,0.85,1,247
W018,07-02-2026,1381,4.8,21,22:10:00,morning,4.46,0.9,1,266
W018,08-02-2026,903,6.8,10,23:10:00,evening,4.31,0.85,2,199
W018,09-02-2026,1190,4.8,16,00:10:00,evening,4.63,0.81,1,293
W018,10-02-2026,1117,5,16,01:10:00,night,4.69,0.88,2,265
W018,12-02-2026,698,4.5,8,02:10:00,evening,4.62,0.84,1,266
W018,13-02-2026,1302,3.6,17,03:10:00,afternoon,4.31,0.88,2,227
W018,14-02-2026,584,3,7,04:10:00,morning,4.43,0.88,2,245
W018,15-02-2026,825,7.3,9,05:10:00,evening,4.54,0.87,2,226
W018,17-02-2026,621,6.3,10,06:10:00,morning,4.33,0.88,1,203
W018,18-02-2026,1137,3.1,15,07:10:00,night,4.51,0.8,2,216
W018,19-02-2026,495,3.5,5,08:10:00,evening,4.47,0.83,2,215
W018,20-02-2026,913,5.8,13,09:10:00,evening,4.56,0.88,1,211
W018,21-02-2026,1154,5.4,18,10:10:00,afternoon,4.57,0.89,2,291
W018,22-02-2026,1067,5.4,13,11:10:00,night,4.45,0.84,2,253
W018,23-02-2026,706,4.2,8,12:10:00,afternoon,4.39,0.88,2,270
W018,24-02-2026,1153,5.7,17,13:10:00,night,4.63,0.84,1,276
W018,25-02-2026,621,6.3,9,14:10:00,morning,4.36,0.89,1,243
W018,26-02-2026,1005,7.3,15,15:10:00,night,4.66,0.9,1,183
W018,27-02-2026,1144,5.5,16,16:10:00,night,4.67,0.85,2,182
W018,28-02-2026,861,3.6,10,17:10:00,night,4.47,0.84,2,248
W018,01-03-2026,1191,4.4,15,18:10:00,night,4.44,0.83,2,284
W019,13-01-2026,1072,5.5,16,19:10:00,afternoon,4.63,0.88,1,211
W019,14-01-2026,1065,4.5,15,20:10:00,afternoon,4.62,0.84,2,271
W019,15-01-2026,851,6,11,21:10:00,night,4.58,0.81,2,265
W019,16-01-2026,513,3.6,8,22:10:00,morning,4.65,0.88,2,229
W019,18-01-2026,1089,3.5,17,23:10:00,night,4.44,0.9,2,237
W019,19-01-2026,951,4.3,13,00:10:00,night,4.54,0.84,2,255
W019,20-01-2026,1177,4.6,15,01:10:00,morning,4.66,0.86,1,280
W019,21-01-2026,1142,4.3,14,02:10:00,evening,4.63,0.84,2,223
W019,22-01-2026,573,5.5,6,03:10:00,evening,4.46,0.86,2,198
W019,23-01-2026,1062,7,16,04:10:00,night,4.6,0.84,1,231
W019,25-01-2026,584,5.5,7,05:10:00,afternoon,4.41,0.9,1,180
W019,26-01-2026,845,7.6,11,06:10:00,night,4.36,0.83,2,217
W019,27-01-2026,1216,6.3,18,07:10:00,night,4.63,0.81,1,191
W019,28-01-2026,1053,4.4,14,08:10:00,evening,4.31,0.85,1,246
W019,29-01-2026,977,4.6,12,09:10:00,afternoon,4.61,0.84,2,271
W019,30-01-2026,917,5.2,13,10:10:00,night,4.35,0.82,2,210
W019,31-01-2026,1333,3.6,17,11:10:00,morning,4.54,0.83,2,224
W019,01-02-2026,853,3.7,11,12:10:00,morning,4.5,0.83,1,237
W019,02-02-2026,1010,5,12,13:10:00,night,4.65,0.8,2,259
W019,03-02-2026,1217,7.3,15,14:10:00,evening,4.49,0.85,1,207
W019,04-02-2026,753,5.5,9,15:10:00,night,4.39,0.81,1,244
W019,05-02-2026,446,3.1,5,16:10:00,morning,4.64,0.9,1,267
W019,07-02-2026,1032,3.6,14,17:10:00,morning,4.61,0.87,2,267
W019,08-02-2026,664,3.2,9,18:10:00,morning,4.57,0.9,2,193
W019,09-02-2026,200,4.3,5,19:10:00,afternoon,4.62,0.81,1,196
W019,10-02-2026,1612,6.7,23,20:10:00,morning,4.48,0.89,2,188
W019,11-02-2026,1212,5.4,15,21:10:00,night,4.63,0.82,2,250
W019,12-02-2026,1259,3.6,19,22:10:00,morning,4.68,0.88,1,281
W019,13-02-2026,1476,5,22,23:10:00,morning,4.46,0.82,2,275
W019,14-02-2026,982,6.3,13,00:10:00,night,4.68,0.88,1,277
W019,15-02-2026,1137,7.3,16,01:10:00,afternoon,4.63,0.83,1,287
W019,16-02-2026,1086,5.1,15,02:10:00,morning,4.61,0.82,2,220
W019,17-02-2026,929,4,14,03:10:00,evening,4.4,0.88,2,254
W019,18-02-2026,801,5,9,04:10:00,night,4.35,0.82,1,266
W019,19-02-2026,1068,5.2,16,05:10:00,afternoon,4.55,0.83,1,202
W019,20-02-2026,1265,7.8,19,06:10:00,afternoon,4.34,0.87,2,295
W019,21-02-2026,795,4.4,12,07:10:00,night,4.34,0.82,2,182
W019,22-02-2026,1036,4.7,16,08:10:00,night,4.49,0.87,2,206
W019,24-02-2026,905,4.4,10,09:10:00,night,4.63,0.83,2,226
W019,25-02-2026,1183,7.4,15,10:10:00,night,4.46,0.89,2,200
W019,26-02-2026,938,4.5,12,11:10:00,evening,4.57,0.9,2,210
W019,27-02-2026,1013,7,16,12:10:00,evening,4.69,0.85,1,200
W019,01-03-2026,1223,3.5,16,13:10:00,evening,4.44,0.89,2,216
W020,10-01-2026,1096,4.8,17,14:10:00,afternoon,4.33,0.84,1,213
W020,11-01-2026,579,4.2,6,15:10:00,morning,4.32,0.89,1,223
W020,12-01-2026,872,3.7,14,16:10:00,night,4.61,0.89,2,267
W020,15-01-2026,954,6.9,14,17:10:00,night,4.53,0.88,2,192
W020,16-01-2026,733,6.7,11,18:10:00,afternoon,4.55,0.89,1,250
W020,17-01-2026,840,6,10,19:10:00,morning,4.59,0.9,2,237
W020,18-01-2026,1217,4.3,19,20:10:00,morning,4.66,0.85,2,218
W020,19-01-2026,677,5.3,11,21:10:00,evening,4.44,0.9,1,239
W020,20-01-2026,1076,7.1,16,22:10:00,afternoon,4.35,0.83,1,238
W020,21-01-2026,980,3.1,16,23:10:00,night,4.44,0.88,1,269
W020,22-01-2026,1141,4.4,15,00:10:00,morning,4.42,0.86,1,198
W020,23-01-2026,1036,7.5,16,01:10:00,morning,4.39,0.89,2,217
W020,25-01-2026,1027,7,16,02:10:00,evening,4.37,0.83,1,256
W020,26-01-2026,956,7.4,14,03:10:00,night,4.42,0.89,2,247
W020,27-01-2026,1264,5.8,17,04:10:00,evening,4.68,0.85,1,203
W020,28-01-2026,913,3.8,12,05:10:00,afternoon,4.36,0.83,1,226
W020,29-01-2026,995,5.8,15,06:10:00,night,4.48,0.89,1,268
W020,30-01-2026,459,7.5,7,07:10:00,morning,4.52,0.81,1,287
W020,01-02-2026,1030,5.9,13,08:10:00,afternoon,4.6,0.89,1,253
W020,03-02-2026,981,4.1,13,09:10:00,night,4.51,0.85,1,199
W020,04-02-2026,1420,7.2,20,10:10:00,morning,4.6,0.87,2,240
W020,05-02-2026,951,3.7,15,11:10:00,morning,4.59,0.81,1,210
W020,06-02-2026,841,6.8,14,12:10:00,evening,4.56,0.86,2,291
W020,07-02-2026,1267,3.6,19,13:10:00,morning,4.5,0.81,2,270
W020,08-02-2026,1085,5.5,13,14:10:00,night,4.5,0.83,2,187
W020,09-02-2026,1095,6,16,15:10:00,evening,4.52,0.87,2,238
W020,10-02-2026,1172,4.8,16,16:10:00,afternoon,4.49,0.83,1,294
W020,11-02-2026,1162,5.9,16,17:10:00,afternoon,4.69,0.82,2,282
W020,12-02-2026,956,5.2,13,18:10:00,night,4.7,0.85,1,218
W020,13-02-2026,1116,4.6,14,19:10:00,evening,4.44,0.87,1,220
W020,14-02-2026,977,6.9,12,20:10:00,night,4.51,0.83,2,247
W020,15-02-2026,1019,7.9,15,21:10:00,morning,4.6,0.86,2,193
W020,16-02-2026,995,4.5,16,22:10:00,afternoon,4.69,0.87,1,184
W020,18-02-2026,644,4.3,7,23:10:00,evening,4.39,0.8,1,291
W020,20-02-2026,321,7.8,6,00:10:00,evening,4.52,0.88,2,275
W020,22-02-2026,1042,4.5,15,01:10:00,afternoon,4.65,0.81,1,191
W020,23-02-2026,1043,3.5,15,02:10:00,afternoon,4.67,0.89,2,264
W020,24-02-2026,1001,7.1,15,03:10:00,morning,4.66,0.83,2,294
W020,26-02-2026,1214,3.1,19,04:10:00,morning,4.61,0.83,2,205
W020,27-02-2026,1233,5,19,05:10:00,evening,4.52,0.85,2,212
W020,01-03-2026,476,3.4,8,06:10:00,evening,4.51,0.87,1,292
W021,01-01-2026,1079,5.2,16,07:10:00,night,4.82,0.96,1,146
W021,02-01-2026,1113,4.9,13,08:10:00,night,4.95,0.98,1,136
W021,03-01-2026,855,5.6,14,09:10:00,night,4.87,0.94,0,143
W021,04-01-2026,1094,6.2,17,10:10:00,evening,4.75,0.98,1,135
W021,06-01-2026,1173,3.3,18,11:10:00,evening,4.77,0.96,1,100
W021,07-01-2026,1076,7.4,13,12:10:00,night,4.75,0.97,0,149
W021,08-01-2026,1064,7,14,13:10:00,morning,4.73,0.9,1,117
W021,09-01-2026,1128,5.2,15,14:10:00,morning,4.92,0.97,0,117
W021,10-01-2026,1003,7.2,15,15:10:00,evening,4.97,0.91,0,149
W021,11-01-2026,1065,3.1,17,16:10:00,afternoon,4.77,0.96,1,108
W021,15-01-2026,920,3.7,14,17:10:00,afternoon,4.8,0.97,1,102
W021,16-01-2026,1219,5,17,18:10:00,evening,4.81,0.94,0,167
W021,17-01-2026,1217,6.3,17,19:10:00,afternoon,4.64,0.97,1,178
W021,18-01-2026,1065,4.4,14,20:10:00,morning,4.65,0.94,0,119
W021,19-01-2026,1261,7.9,19,21:10:00,night,4.95,0.96,1,149
W021,20-01-2026,1087,5.6,16,22:10:00,afternoon,4.71,0.98,0,145
W021,21-01-2026,1363,7.3,17,23:10:00,evening,4.91,0.91,1,124
W021,22-01-2026,1250,3.8,17,00:10:00,night,4.61,0.93,1,163
W021,23-01-2026,1033,5.8,16,01:10:00,morning,4.94,0.91,0,138
W021,24-01-2026,1171,7.6,18,02:10:00,evening,4.92,0.96,0,170
W021,26-01-2026,1253,6.3,17,03:10:00,evening,4.86,0.94,0,134
W021,27-01-2026,808,5.3,12,04:10:00,night,4.75,0.94,1,122
W021,29-01-2026,970,6.7,14,05:10:00,morning,4.66,0.95,0,104
W021,30-01-2026,1011,7.5,12,06:10:00,morning,4.67,0.93,0,157
W021,31-01-2026,690,4.6,7,07:10:00,morning,4.98,0.95,1,113
W021,01-02-2026,1280,7.4,16,08:10:00,morning,4.81,0.95,0,165
W021,02-02-2026,1260,8,18,09:10:00,morning,4.75,0.91,1,175
W021,03-02-2026,1130,3.2,16,10:10:00,morning,4.75,0.97,1,100
W021,04-02-2026,1095,6,14,11:10:00,evening,4.89,0.92,1,138
W021,05-02-2026,822,7.6,13,12:10:00,morning,4.69,0.95,0,161
W021,07-02-2026,1138,3.5,14,13:10:00,morning,4.7,0.96,1,111
W021,08-02-2026,1040,3,12,14:10:00,afternoon,5,0.9,0,101
W021,10-02-2026,1145,4.1,18,15:10:00,morning,4.92,0.95,1,100
W021,12-02-2026,1299,6.8,18,16:10:00,night,4.6,0.9,0,157
W021,13-02-2026,1148,5.2,18,17:10:00,evening,4.85,0.97,0,124
W021,14-02-2026,933,4.1,14,18:10:00,evening,4.85,0.94,1,175
W021,16-02-2026,1096,4.8,15,19:10:00,evening,4.64,0.95,1,144
W021,20-02-2026,1138,3.5,18,20:10:00,morning,4.78,0.96,0,151
W021,21-02-2026,1204,6.3,17,21:10:00,morning,4.96,0.94,1,130
W021,22-02-2026,1148,4,17,22:10:00,morning,4.66,0.93,0,111
W021,23-02-2026,1012,4.9,14,23:10:00,morning,4.85,0.94,1,115
W021,24-02-2026,1262,3.4,18,00:10:00,night,4.85,0.92,1,118
W021,25-02-2026,1135,7.4,15,01:10:00,night,4.61,0.93,0,119
W021,26-02-2026,1203,3.1,17,02:10:00,morning,4.61,0.94,1,112
W021,27-02-2026,867,5.2,14,03:10:00,evening,4.78,0.96,0,154
W021,28-02-2026,1108,4.8,16,04:10:00,night,4.8,0.96,0,177
W021,01-03-2026,1127,4.2,14,05:10:00,afternoon,4.72,0.91,0,120
W022,07-01-2026,1055,6,13,06:10:00,night,4.89,0.98,0,128
W022,09-01-2026,876,6,10,07:10:00,morning,4.7,0.93,1,105
W022,12-01-2026,1052,5.4,15,08:10:00,evening,4.71,0.96,0,133
W022,13-01-2026,1154,4.1,15,09:10:00,afternoon,4.8,0.91,0,164
W022,14-01-2026,1073,5.9,15,10:10:00,night,4.77,0.98,1,114
W022,15-01-2026,1104,4.1,16,11:10:00,night,4.95,0.9,0,149
W022,16-01-2026,1323,5.9,18,12:10:00,night,4.97,0.98,1,117
W022,17-01-2026,1346,6.2,18,13:10:00,afternoon,4.63,0.93,1,141
W022,18-01-2026,1408,3.7,21,14:10:00,evening,4.76,0.95,1,140
W022,19-01-2026,1236,4.3,18,15:10:00,morning,4.83,0.96,1,166
W022,21-01-2026,1372,6.6,17,16:10:00,night,4.86,0.91,0,119
W022,22-01-2026,989,3.7,15,17:10:00,evening,4.79,0.9,1,178
W022,23-01-2026,1350,6.9,17,18:10:00,morning,4.94,0.91,0,179
W022,24-01-2026,1193,3.4,19,19:10:00,morning,4.88,0.92,1,106
W022,25-01-2026,1421,4.7,20,20:10:00,morning,4.98,0.93,0,126
W022,26-01-2026,1004,4.4,16,21:10:00,morning,4.7,0.97,1,166
W022,27-01-2026,963,5.1,14,22:10:00,night,4.87,0.91,1,128
W022,28-01-2026,980,4.9,12,23:10:00,morning,4.97,0.91,1,151
W022,29-01-2026,1182,7.9,15,00:10:00,afternoon,4.81,0.96,1,128
W022,31-01-2026,886,7.6,11,01:10:00,afternoon,4.82,0.91,1,126
W022,01-02-2026,904,3.2,10,02:10:00,night,4.61,0.96,1,143
W022,02-02-2026,909,4.5,13,03:10:00,afternoon,4.84,0.95,0,164
W022,03-02-2026,1162,3.1,17,04:10:00,afternoon,4.74,0.94,1,171
W022,04-02-2026,1081,5.9,15,05:10:00,afternoon,4.77,0.9,0,158
W022,05-02-2026,1110,5.4,16,06:10:00,morning,4.76,0.94,1,124
W022,06-02-2026,881,6.6,12,07:10:00,morning,4.92,0.9,0,100
W022,07-02-2026,951,7.6,12,08:10:00,night,4.86,0.92,0,141
W022,08-02-2026,1335,7.5,19,09:10:00,night,4.89,0.91,1,171
W022,09-02-2026,1040,7.7,12,10:10:00,afternoon,4.9,0.9,0,160
W022,10-02-2026,1088,5,15,11:10:00,evening,4.69,0.92,1,172
W022,11-02-2026,1140,7.5,17,12:10:00,afternoon,4.88,0.95,1,125
W022,12-02-2026,940,7.6,12,13:10:00,morning,4.84,0.93,1,105
W022,13-02-2026,1175,6.8,15,14:10:00,afternoon,4.82,0.92,1,164
W022,14-02-2026,1323,3.1,18,15:10:00,night,4.99,0.93,1,129
W022,15-02-2026,1047,4.8,12,16:10:00,afternoon,4.65,0.92,0,101
W022,16-02-2026,1321,4.6,18,17:10:00,morning,4.67,0.95,0,136
W022,18-02-2026,773,7.8,12,18:10:00,night,4.69,0.94,1,158
W022,19-02-2026,1012,3.7,14,19:10:00,morning,4.85,0.94,0,140
W022,20-02-2026,968,5.9,11,20:10:00,afternoon,4.62,0.9,1,142
W022,21-02-2026,1361,4.7,19,21:10:00,evening,4.88,0.91,0,164
W022,22-02-2026,988,4.3,13,22:10:00,evening,4.65,0.93,0,135
W022,23-02-2026,1145,6.3,17,23:10:00,evening,4.66,0.94,0,133
W022,24-02-2026,1330,5.3,18,00:10:00,night,4.73,0.91,0,101
W022,25-02-2026,1118,6.9,13,01:10:00,afternoon,4.67,0.96,1,108
W022,27-02-2026,952,3.9,15,02:10:00,evening,4.63,0.91,1,103
W022,01-03-2026,1051,7.9,15,03:10:00,evening,4.86,0.96,1,134
W023,07-01-2026,1174,6.5,15,04:10:00,morning,4.99,0.91,1,150
W023,08-01-2026,1135,7,14,05:10:00,afternoon,4.82,0.94,0,139
W023,09-01-2026,965,6.2,12,06:10:00,night,4.68,0.9,1,127
W023,10-01-2026,1264,4.3,16,07:10:00,evening,4.81,0.95,1,138
W023,11-01-2026,1163,5,14,08:10:00,evening,4.9,0.95,0,146
W023,12-01-2026,1124,4,17,09:10:00,afternoon,4.86,0.98,0,134
W023,13-01-2026,951,3.1,13,10:10:00,afternoon,4.8,0.93,0,119
W023,14-01-2026,901,7.7,14,11:10:00,night,4.93,0.93,1,161
W023,15-01-2026,1126,5.3,15,12:10:00,evening,4.97,0.92,0,120
W023,16-01-2026,1155,5.3,14,13:10:00,night,4.85,0.93,0,118
W023,17-01-2026,1267,3,19,14:10:00,evening,4.66,0.94,0,137
W023,18-01-2026,873,3.8,10,15:10:00,morning,4.61,0.93,1,115
W023,19-01-2026,1253,3.1,15,16:10:00,afternoon,4.91,0.95,0,110
W023,20-01-2026,1063,4.1,15,17:10:00,afternoon,4.86,0.91,0,163
W023,22-01-2026,968,5.9,15,18:10:00,morning,4.89,0.96,1,164
W023,23-01-2026,1430,6.8,20,19:10:00,night,4.74,0.9,1,154
W023,24-01-2026,1105,6.5,17,20:10:00,afternoon,4.95,0.93,1,106
W023,25-01-2026,1039,7.8,15,21:10:00,morning,4.89,0.96,0,121
W023,26-01-2026,1186,6.3,18,22:10:00,afternoon,5,0.92,0,113
W023,27-01-2026,1100,6.4,13,23:10:00,morning,4.88,0.95,0,123
W023,28-01-2026,1415,6.8,21,00:10:00,night,4.65,0.92,1,133
W023,29-01-2026,987,6.7,16,01:10:00,night,4.74,0.94,0,136
W023,31-01-2026,1360,5.1,19,02:10:00,afternoon,4.61,0.95,1,138
W023,01-02-2026,837,3.5,10,03:10:00,evening,4.6,0.95,1,103
W023,02-02-2026,862,7.6,12,04:10:00,afternoon,4.73,0.93,1,111
W023,04-02-2026,883,5.6,14,05:10:00,afternoon,4.98,0.97,0,117
W023,06-02-2026,999,3.5,14,06:10:00,afternoon,4.6,0.97,1,109
W023,07-02-2026,955,6.7,12,07:10:00,evening,4.85,0.95,0,116
W023,08-02-2026,1069,4.4,17,08:10:00,night,4.69,0.9,1,111
W023,09-02-2026,1276,4,19,09:10:00,morning,4.77,0.96,1,142
W023,10-02-2026,867,5.4,10,10:10:00,evening,4.82,0.92,1,154
W023,11-02-2026,1122,6.2,14,11:10:00,night,4.83,0.91,1,107
W023,13-02-2026,1192,3.2,18,12:10:00,morning,4.65,0.92,0,164
W023,14-02-2026,789,3.9,12,13:10:00,night,4.84,0.94,0,150
W023,15-02-2026,1149,7.7,14,14:10:00,morning,4.87,0.96,0,154
W023,16-02-2026,995,7.9,16,15:10:00,night,4.88,0.93,0,149
W023,17-02-2026,978,5.1,12,16:10:00,night,4.96,0.97,1,119
W023,20-02-2026,1001,5.1,12,17:10:00,morning,4.74,0.9,0,128
W023,21-02-2026,1194,6.5,17,18:10:00,night,4.71,0.96,0,106
W023,22-02-2026,1068,3.2,16,19:10:00,morning,4.88,0.92,0,105
W023,23-02-2026,1063,4.5,16,20:10:00,night,4.72,0.96,0,104
W023,24-02-2026,817,4.2,11,21:10:00,night,4.77,0.95,0,179
W023,25-02-2026,1119,6.5,16,22:10:00,afternoon,4.64,0.95,0,160
W023,26-02-2026,1078,7,17,23:10:00,afternoon,4.76,0.96,0,100
W023,27-02-2026,1209,5.1,16,00:10:00,morning,4.62,0.93,0,167
W023,28-02-2026,1178,4.5,15,01:10:00,night,4.76,0.95,0,147
W023,01-03-2026,977,5.8,14,02:10:00,evening,4.73,0.96,0,115
W024,05-01-2026,840,5,13,03:10:00,night,4.3,0.81,1,204
W024,07-01-2026,604,4.1,9,04:10:00,night,4.31,0.82,2,222
W024,08-01-2026,577,6.4,6,05:10:00,evening,4.6,0.84,1,232
W024,09-01-2026,901,5.9,14,06:10:00,morning,4.37,0.81,1,184
W024,10-01-2026,960,5.9,13,07:10:00,morning,4.34,0.85,2,291
W024,11-01-2026,960,5.6,13,08:10:00,night,4.46,0.85,2,193
W024,12-01-2026,928,6.6,14,09:10:00,morning,4.62,0.87,2,200
W024,13-01-2026,743,7.8,12,10:10:00,morning,4.41,0.9,1,229
W024,14-01-2026,980,4.7,15,11:10:00,night,4.48,0.84,1,298
W024,15-01-2026,591,6.8,8,12:10:00,night,4.41,0.88,2,248
W024,16-01-2026,987,3.8,15,13:10:00,morning,4.38,0.81,1,204
W024,17-01-2026,1302,5,20,14:10:00,evening,4.39,0.82,2,253
W024,18-01-2026,1226,4.1,18,15:10:00,morning,4.36,0.83,1,254
W024,19-01-2026,729,7.4,9,16:10:00,night,4.33,0.9,1,201
W024,20-01-2026,849,3.1,14,17:10:00,night,4.49,0.87,2,281
W024,22-01-2026,988,6,12,18:10:00,night,4.49,0.89,1,241
W024,23-01-2026,201,4.7,5,19:10:00,morning,4.56,0.81,1,263
W024,25-01-2026,894,6,11,20:10:00,afternoon,4.62,0.89,1,269
W024,28-01-2026,755,6.3,11,21:10:00,morning,4.31,0.8,1,276
W024,29-01-2026,966,5.1,14,22:10:00,night,4.32,0.86,1,199
W024,31-01-2026,1315,4.5,19,23:10:00,night,4.4,0.87,2,257
W024,01-02-2026,829,7.1,9,00:10:00,evening,4.69,0.88,1,181
W024,03-02-2026,992,6.8,14,01:10:00,night,4.56,0.87,1,243
W024,04-02-2026,354,4.7,5,02:10:00,morning,4.54,0.88,2,254
W024,05-02-2026,1246,6.3,16,03:10:00,night,4.59,0.81,1,209
W024,06-02-2026,626,4.6,6,04:10:00,night,4.44,0.84,1,272
W024,08-02-2026,772,7.3,12,05:10:00,afternoon,4.63,0.81,1,238
W024,09-02-2026,1139,6.2,18,06:10:00,evening,4.59,0.9,2,189
W024,10-02-2026,837,7.7,11,07:10:00,afternoon,4.43,0.9,1,241
W024,11-02-2026,1313,8,19,08:10:00,morning,4.55,0.88,1,211
W024,13-02-2026,842,6.3,13,09:10:00,morning,4.56,0.88,1,232
W024,15-02-2026,635,5.7,9,10:10:00,morning,4.62,0.89,2,229
W024,16-02-2026,878,3.1,12,11:10:00,night,4.46,0.86,1,253
W024,17-02-2026,836,7.3,10,12:10:00,afternoon,4.39,0.81,2,275
W024,19-02-2026,621,3.1,7,13:10:00,afternoon,4.64,0.89,1,281
W024,20-02-2026,939,5.7,11,14:10:00,morning,4.7,0.81,1,238
W024,21-02-2026,362,6,5,15:10:00,evening,4.67,0.82,2,235
W024,22-02-2026,929,5,12,16:10:00,night,4.65,0.87,1,231
W024,23-02-2026,570,7.2,9,17:10:00,evening,4.31,0.85,2,207
W024,24-02-2026,865,3.5,14,18:10:00,night,4.63,0.83,2,278
W024,25-02-2026,639,7.1,11,19:10:00,afternoon,4.32,0.87,1,299
W024,26-02-2026,845,3.1,12,20:10:00,afternoon,4.53,0.87,2,279
W024,27-02-2026,1132,4.4,15,21:10:00,evening,4.41,0.88,1,272
W024,28-02-2026,1053,5.7,15,22:10:00,afternoon,4.39,0.87,2,216
W024,01-03-2026,865,5.3,11,23:10:00,evening,4.62,0.87,1,224
W025,10-01-2026,1322,4,17,00:10:00,night,4.91,0.94,1,157
W025,12-01-2026,994,6.2,14,01:10:00,evening,4.67,0.93,1,118
W025,13-01-2026,1147,6.7,18,02:10:00,evening,4.85,0.91,0,127
W025,14-01-2026,1000,7,15,03:10:00,afternoon,4.83,0.96,1,111
W025,15-01-2026,882,7.5,10,04:10:00,afternoon,4.79,0.91,1,172
W025,16-01-2026,1092,6.9,17,05:10:00,afternoon,4.79,0.93,0,166
W025,18-01-2026,1241,3.6,16,06:10:00,afternoon,4.67,0.9,1,152
W025,19-01-2026,1074,6.6,16,07:10:00,afternoon,4.81,0.98,0,108
W025,21-01-2026,1296,3.7,16,08:10:00,night,4.96,0.9,0,101
W025,22-01-2026,1005,6.2,16,09:10:00,evening,4.67,0.95,0,146
W025,24-01-2026,1082,3.9,16,10:10:00,morning,4.63,0.92,1,141
W025,25-01-2026,1077,5.2,16,11:10:00,night,4.73,0.98,0,169
W025,26-01-2026,947,6.5,13,12:10:00,evening,4.83,0.98,0,172
W025,27-01-2026,1007,6.4,14,13:10:00,evening,4.7,0.97,0,165
W025,28-01-2026,1130,6.3,18,14:10:00,evening,4.77,0.9,1,170
W025,29-01-2026,866,7.2,10,15:10:00,night,4.89,0.92,1,130
W025,30-01-2026,833,4.1,9,16:10:00,morning,4.93,0.96,0,155
W025,31-01-2026,1059,6.1,16,17:10:00,night,4.94,0.92,0,144
W025,01-02-2026,1051,6.4,16,18:10:00,evening,4.88,0.97,0,114
W025,03-02-2026,1124,4,17,19:10:00,night,4.69,0.95,0,155
W025,04-02-2026,1227,5.4,19,20:10:00,evening,5,0.95,1,117
W025,05-02-2026,943,4.5,15,21:10:00,afternoon,4.94,0.96,0,171
W025,07-02-2026,973,8,15,22:10:00,afternoon,4.88,0.93,1,121
W025,08-02-2026,1263,6,18,23:10:00,afternoon,4.63,0.95,0,110
W025,09-02-2026,1219,7.9,17,00:10:00,afternoon,4.89,0.95,0,163
W025,10-02-2026,1077,7.9,17,01:10:00,night,4.81,0.92,1,170
W025,11-02-2026,1146,4.7,15,02:10:00,evening,4.62,0.91,0,160
W025,12-02-2026,1124,5.9,15,03:10:00,morning,4.6,0.9,0,106
W025,13-02-2026,1191,4.6,15,04:10:00,evening,4.78,0.97,0,163
W025,14-02-2026,1048,6.1,13,05:10:00,evening,4.66,0.97,1,122
W025,15-02-2026,848,7.8,10,06:10:00,night,4.61,0.91,0,138
W025,16-02-2026,977,3.9,13,07:10:00,morning,4.79,0.93,0,155
W025,17-02-2026,750,5.3,8,08:10:00,night,4.62,0.96,1,142
W025,19-02-2026,1005,6.6,13,09:10:00,afternoon,4.93,0.96,0,159
W025,21-02-2026,911,5.1,14,10:10:00,evening,4.91,0.92,0,154
W025,22-02-2026,1147,4.2,18,11:10:00,morning,4.75,0.92,0,167
W025,23-02-2026,1129,7.1,14,12:10:00,afternoon,4.8,0.93,1,124
W025,28-02-2026,893,5.5,13,13:10:00,night,4.87,0.96,1,121
W026,08-01-2026,1132,3.3,15,14:10:00,morning,4.72,0.92,0,157
W026,09-01-2026,847,3.8,13,15:10:00,afternoon,4.84,0.96,0,148
W026,14-01-2026,1097,6.2,13,16:10:00,evening,4.72,0.98,0,171
W026,16-01-2026,830,8,9,17:10:00,morning,4.9,0.91,1,117
W026,17-01-2026,1171,3.7,15,18:10:00,night,4.94,0.94,0,142
W026,18-01-2026,1550,4.1,22,19:10:00,night,4.8,0.92,0,152
W026,19-01-2026,912,7.3,11,20:10:00,night,4.74,0.97,1,175
W026,20-01-2026,1162,7.2,16,21:10:00,morning,4.89,0.9,0,167
W026,21-01-2026,1151,4.4,14,22:10:00,afternoon,4.87,0.96,1,137
W026,22-01-2026,1044,3.9,15,23:10:00,night,4.97,0.96,0,124
W026,23-01-2026,957,8,15,00:10:00,night,4.99,0.91,0,124
W026,24-01-2026,1355,7.7,20,01:10:00,morning,4.73,0.93,1,107
W026,25-01-2026,1296,4.6,19,02:10:00,morning,4.96,0.94,0,164
W026,26-01-2026,1205,6.5,16,03:10:00,afternoon,4.82,0.95,1,165
W026,28-01-2026,1049,6.7,12,04:10:00,night,4.67,0.97,1,118
W026,29-01-2026,1277,5.2,19,05:10:00,evening,4.64,0.97,1,140
W026,31-01-2026,1218,7.1,18,06:10:00,night,4.8,0.95,1,125
W026,01-02-2026,1268,5.8,17,07:10:00,night,4.86,0.9,1,126
W026,03-02-2026,1466,3.9,20,08:10:00,night,4.95,0.92,0,179
W026,05-02-2026,782,5.4,13,09:10:00,morning,4.78,0.91,0,136
W026,06-02-2026,1074,3.7,13,10:10:00,afternoon,4.77,0.91,0,139
W026,07-02-2026,1080,7,16,11:10:00,night,4.83,0.96,1,124
W026,09-02-2026,1131,6.8,15,12:10:00,evening,4.7,0.97,1,134
W026,10-02-2026,997,3.1,15,13:10:00,morning,4.71,0.92,0,153
W026,11-02-2026,1163,7.2,18,14:10:00,evening,4.98,0.93,0,174
W026,12-02-2026,955,4,15,15:10:00,night,4.73,0.97,0,135
W026,13-02-2026,1167,5.5,16,16:10:00,morning,4.74,0.93,0,143
W026,14-02-2026,1221,3.2,19,17:10:00,morning,4.98,0.9,0,101
W026,15-02-2026,1039,5.8,13,18:10:00,afternoon,4.82,0.92,1,116
W026,16-02-2026,1169,3.6,17,19:10:00,morning,4.84,0.96,1,166
W026,17-02-2026,1032,4.2,13,20:10:00,night,4.97,0.95,0,176
W026,18-02-2026,1202,7.7,16,21:10:00,evening,4.97,0.95,1,144
W026,19-02-2026,1132,5,15,22:10:00,evening,4.91,0.94,0,135
W026,21-02-2026,1229,3.5,18,23:10:00,morning,4.81,0.96,0,121
W026,22-02-2026,1211,3.8,19,00:10:00,night,4.81,0.95,1,174
W026,23-02-2026,975,6.9,12,01:10:00,night,4.97,0.92,0,172
W026,25-02-2026,1073,4.3,15,02:10:00,evening,4.94,0.92,0,104
W026,27-02-2026,987,6,15,03:10:00,morning,4.89,0.91,1,152
W026,28-02-2026,1050,5,13,04:10:00,evening,4.84,0.96,1,178
W026,01-03-2026,1151,5.9,14,05:10:00,morning,4.94,0.97,0,128
W027,03-01-2026,844,3.9,14,06:10:00,night,4.08,0.83,3,318
W027,04-01-2026,246,6,5,07:10:00,afternoon,4.3,0.72,2,402
W027,05-01-2026,1083,3,14,08:10:00,afternoon,4.26,0.85,4,334
W027,07-01-2026,521,6.5,5,09:10:00,afternoon,4.31,0.72,2,438
W027,08-01-2026,374,7.4,5,10:10:00,morning,4.47,0.78,2,420
W027,09-01-2026,1401,3.2,20,11:10:00,evening,4.07,0.74,4,357
W027,10-01-2026,200,4.5,5,12:10:00,afternoon,4.25,0.72,2,327
W027,14-01-2026,815,6.6,13,13:10:00,night,4.49,0.73,2,366
W027,17-01-2026,1281,7.5,19,14:10:00,evening,4.35,0.8,4,390
W027,18-01-2026,940,4.8,13,15:10:00,afternoon,4.32,0.84,2,409
W027,19-01-2026,1106,3.5,16,16:10:00,morning,4.45,0.81,3,314
W027,20-01-2026,449,3.2,5,17:10:00,afternoon,4.33,0.84,4,337
W027,21-01-2026,376,6.8,5,18:10:00,afternoon,4.1,0.76,3,353
W027,22-01-2026,777,5.2,9,19:10:00,night,4.07,0.75,3,364
W027,23-01-2026,1070,3.3,16,20:10:00,evening,4.13,0.81,3,409
W027,24-01-2026,792,3.7,9,21:10:00,afternoon,4.01,0.79,4,415
W027,26-01-2026,452,7.9,6,22:10:00,morning,4.07,0.73,3,444
W027,27-01-2026,849,4.6,10,23:10:00,night,4.36,0.76,4,388
W027,29-01-2026,889,3.6,13,00:10:00,morning,4.07,0.81,3,426
W027,30-01-2026,977,3.9,13,01:10:00,night,4.25,0.84,2,417
W027,31-01-2026,772,6.9,11,02:10:00,afternoon,4.41,0.81,2,327
W027,01-02-2026,657,6.4,7,03:10:00,morning,4.27,0.84,3,375
W027,02-02-2026,405,5,6,04:10:00,morning,4.34,0.71,4,330
W027,03-02-2026,354,6,5,05:10:00,morning,4.33,0.82,4,430
W027,04-02-2026,774,6.4,10,06:10:00,evening,4.4,0.72,2,300
W027,05-02-2026,569,5.9,9,07:10:00,morning,4.48,0.76,4,333
W027,07-02-2026,877,6.6,12,08:10:00,evening,4.26,0.75,3,301
W027,09-02-2026,200,6.7,5,09:10:00,evening,4.37,0.74,4,385
W027,10-02-2026,676,3.9,10,10:10:00,afternoon,4.07,0.84,2,398
W027,11-02-2026,537,3.5,7,11:10:00,morning,4.38,0.75,4,311
W027,12-02-2026,1553,6.6,20,12:10:00,night,4.2,0.85,3,421
W027,13-02-2026,1594,4.4,20,13:10:00,morning,4.2,0.79,4,382
W027,14-02-2026,400,7.4,5,14:10:00,morning,4.43,0.78,3,404
W027,15-02-2026,1065,6.4,17,15:10:00,evening,4.07,0.78,4,441
W027,16-02-2026,200,5.6,5,16:10:00,morning,4.33,0.7,2,330
W027,18-02-2026,1387,5.2,19,17:10:00,evening,4.28,0.83,3,373
W027,19-02-2026,442,3.7,5,18:10:00,evening,4.03,0.81,4,432
W027,20-02-2026,570,3.8,9,19:10:00,afternoon,4.01,0.76,3,302
W027,21-02-2026,961,3.1,14,20:10:00,evening,4.14,0.73,2,388
W027,22-02-2026,373,3.1,5,21:10:00,morning,4.18,0.83,2,350
W027,24-02-2026,348,5.9,5,22:10:00,afternoon,4.38,0.75,2,347
W027,25-02-2026,466,3.5,6,23:10:00,night,4.31,0.76,3,431
W027,26-02-2026,1174,3.4,14,00:10:00,afternoon,4.19,0.73,4,337
W027,27-02-2026,213,4.9,5,01:10:00,night,4.06,0.84,4,361
W027,01-03-2026,787,4.7,9,02:10:00,morning,4.41,0.72,2,395
W028,10-01-2026,616,3.8,7,03:10:00,morning,4.22,0.85,4,398
W028,11-01-2026,703,6,11,04:10:00,evening,4.4,0.8,2,368
W028,12-01-2026,833,5.6,11,05:10:00,afternoon,4.08,0.81,3,353
W028,13-01-2026,200,7.8,5,06:10:00,morning,4.42,0.74,4,302
W028,14-01-2026,1061,5.1,15,07:10:00,morning,4.47,0.73,2,389
W028,15-01-2026,792,3.6,13,08:10:00,morning,4.38,0.78,2,383
W028,16-01-2026,931,6.1,13,09:10:00,night,4.28,0.76,4,382
W028,17-01-2026,878,4.2,12,10:10:00,night,4.49,0.71,4,415
W028,18-01-2026,1368,6.1,18,11:10:00,evening,4.38,0.79,3,386
W028,19-01-2026,733,4.6,11,12:10:00,afternoon,4.26,0.85,2,397
W028,20-01-2026,1278,5.1,16,13:10:00,night,4.04,0.77,2,392
W028,22-01-2026,731,6.9,10,14:10:00,night,4.14,0.7,3,430
W028,23-01-2026,759,4.1,12,15:10:00,night,4.23,0.79,2,421
W028,24-01-2026,561,3.2,10,16:10:00,morning,4.11,0.71,2,347
W028,25-01-2026,965,7.5,14,17:10:00,evening,4.17,0.8,4,362
W028,26-01-2026,543,7.1,6,18:10:00,night,4.16,0.81,4,361
W028,27-01-2026,1088,5.3,14,19:10:00,night,4.29,0.7,4,353
W028,28-01-2026,395,4.8,6,20:10:00,night,4.25,0.81,3,378
W028,29-01-2026,638,3.8,7,21:10:00,evening,4.15,0.71,3,410
W028,30-01-2026,1003,4,16,22:10:00,night,4.11,0.84,4,358
W028,31-01-2026,1271,6.6,20,23:10:00,morning,4.16,0.73,2,445
W028,01-02-2026,451,4.3,8,00:10:00,evening,4.07,0.77,4,359
W028,02-02-2026,755,6.5,8,01:10:00,night,4,0.74,3,449
W028,04-02-2026,1039,5.4,14,02:10:00,morning,4.44,0.78,2,436
W028,05-02-2026,423,7.1,6,03:10:00,morning,4.38,0.77,3,400
W028,06-02-2026,330,5.6,5,04:10:00,night,4.3,0.72,2,347
W028,07-02-2026,1283,7.1,17,05:10:00,night,4.06,0.78,2,343
W028,09-02-2026,522,3.7,7,06:10:00,morning,4.06,0.83,3,402
W028,11-02-2026,717,3.6,10,07:10:00,evening,4.34,0.78,3,438
W028,12-02-2026,200,7.4,5,08:10:00,morning,4.02,0.71,3,442
W028,13-02-2026,1036,3.1,14,09:10:00,afternoon,4.15,0.82,2,374
W028,14-02-2026,672,7.6,10,10:10:00,afternoon,4.12,0.71,3,382
W028,16-02-2026,846,4.7,10,11:10:00,afternoon,4.18,0.79,3,389
W028,19-02-2026,200,6.1,5,12:10:00,evening,4.15,0.81,4,300
W028,20-02-2026,439,5.1,7,13:10:00,afternoon,4.07,0.74,3,355
W028,21-02-2026,920,3.8,11,14:10:00,morning,4.19,0.78,4,415
W028,24-02-2026,1197,6.8,19,15:10:00,afternoon,4.09,0.76,3,330
W028,26-02-2026,567,6,8,16:10:00,night,4.17,0.72,2,371
W028,27-02-2026,557,4.3,9,17:10:00,morning,4.45,0.76,4,350
W028,28-02-2026,1065,3.3,16,18:10:00,morning,4.09,0.72,2,315
W028,01-03-2026,836,6,13,19:10:00,night,4.38,0.73,4,318
W029,08-01-2026,1124,6.1,15,20:10:00,afternoon,4.75,0.92,0,138
W029,09-01-2026,1113,3.2,17,21:10:00,night,4.78,0.91,1,172
W029,10-01-2026,981,3.6,12,22:10:00,morning,4.98,0.9,1,150
W029,11-01-2026,1220,7.2,19,23:10:00,morning,4.9,0.91,1,178
W029,13-01-2026,1112,4.2,13,00:10:00,night,4.84,0.95,1,106
W029,14-01-2026,1071,4.1,13,01:10:00,night,4.8,0.92,0,154
W029,17-01-2026,1005,3.4,13,02:10:00,afternoon,4.82,0.94,1,128
W029,19-01-2026,1046,6.2,16,03:10:00,night,4.69,0.94,1,110
W029,20-01-2026,912,7.9,11,04:10:00,night,4.84,0.98,0,177
W029,21-01-2026,995,6.8,14,05:10:00,night,4.96,0.96,0,153
W029,22-01-2026,1087,5.8,13,06:10:00,night,4.61,0.9,1,115
W029,24-01-2026,1088,7.2,17,07:10:00,night,4.89,0.96,1,111
W029,25-01-2026,1206,4.2,19,08:10:00,night,4.98,0.94,0,117
W029,26-01-2026,1139,4.1,18,09:10:00,night,4.87,0.98,0,142
W029,29-01-2026,1247,5.2,16,10:10:00,afternoon,4.79,0.96,1,140
W029,30-01-2026,870,7.1,10,11:10:00,afternoon,4.99,0.95,0,174
W029,31-01-2026,1196,3.8,17,12:10:00,night,4.85,0.95,1,150
W029,01-02-2026,1285,5.9,19,13:10:00,night,4.81,0.91,0,125
W029,02-02-2026,1147,4.5,18,14:10:00,night,4.66,0.92,0,112
W029,03-02-2026,1219,3.1,16,15:10:00,morning,5,0.92,1,164
W029,04-02-2026,1267,7.4,17,16:10:00,night,4.92,0.94,1,172
W029,05-02-2026,978,7.7,14,17:10:00,evening,4.6,0.96,1,160
W029,06-02-2026,1224,7.3,16,18:10:00,evening,4.95,0.96,1,175
W029,10-02-2026,944,7.2,13,19:10:00,night,4.97,0.97,0,112
W029,11-02-2026,571,5.7,7,20:10:00,night,4.89,0.92,0,105
W029,12-02-2026,1220,4.5,19,21:10:00,afternoon,4.68,0.97,0,110
W029,13-02-2026,1082,3.1,14,22:10:00,afternoon,4.68,0.94,1,161
W029,17-02-2026,973,3.3,12,23:10:00,morning,4.86,0.96,1,161
W029,20-02-2026,1042,5.5,16,00:10:00,night,4.72,0.93,1,137
W029,21-02-2026,975,3.2,15,01:10:00,morning,4.85,0.92,0,115
W029,22-02-2026,1139,7.3,16,02:10:00,night,4.94,0.96,1,133
W029,23-02-2026,1206,6.2,19,03:10:00,morning,4.81,0.9,1,179
W029,24-02-2026,952,7,15,04:10:00,night,4.98,0.97,0,103
W029,25-02-2026,1219,7.3,16,05:10:00,morning,4.89,0.98,0,121
W029,26-02-2026,1323,6.6,20,06:10:00,afternoon,4.8,0.98,1,167
W029,27-02-2026,1007,4.6,15,07:10:00,morning,4.63,0.92,0,108
W029,28-02-2026,1033,4.8,14,08:10:00,morning,4.79,0.91,1,113
W029,01-03-2026,1225,6.7,15,09:10:00,afternoon,4.67,0.97,0,143
W030,02-01-2026,515,3.9,8,10:10:00,afternoon,4.28,0.81,2,429
W030,03-01-2026,737,3.4,9,11:10:00,night,4.42,0.79,3,374
W030,04-01-2026,1167,3.4,14,12:10:00,evening,4.25,0.72,3,429
W030,05-01-2026,211,3.7,5,13:10:00,night,4.4,0.82,3,399
W030,07-01-2026,820,7.3,10,14:10:00,night,4.13,0.76,4,393
W030,09-01-2026,992,3.7,15,15:10:00,evening,4.34,0.83,2,353
W030,10-01-2026,386,7,6,16:10:00,afternoon,4.41,0.82,3,336
W030,11-01-2026,1293,7.7,16,17:10:00,evening,4.03,0.72,3,440
W030,12-01-2026,411,6.1,7,18:10:00,evening,4.27,0.78,3,420
W030,13-01-2026,760,5.9,11,19:10:00,evening,4.1,0.72,3,406
W030,14-01-2026,623,6.3,7,20:10:00,evening,4.27,0.83,2,398
W030,16-01-2026,1285,4.7,17,21:10:00,morning,4.06,0.75,4,344
W030,18-01-2026,1125,7.9,18,22:10:00,afternoon,4.03,0.74,3,443
W030,19-01-2026,748,7.2,10,23:10:00,evening,4.11,0.79,3,430
W030,20-01-2026,671,5.6,11,00:10:00,night,4.44,0.77,2,332
W030,21-01-2026,1198,3.9,16,01:10:00,morning,4.22,0.85,2,318
W030,22-01-2026,1161,3,15,02:10:00,night,4.21,0.72,3,333
W030,23-01-2026,200,3.3,5,03:10:00,evening,4.44,0.82,3,335
W030,24-01-2026,975,3.1,13,04:10:00,afternoon,4.27,0.82,3,367
W030,25-01-2026,501,7.2,7,05:10:00,evening,4.33,0.82,2,344
W030,26-01-2026,1102,4.2,13,06:10:00,night,4.25,0.72,4,415
W030,27-01-2026,1643,4.4,24,07:10:00,night,4.48,0.81,2,408
W030,29-01-2026,1863,3.6,27,08:10:00,morning,4.11,0.7,4,371
W030,30-01-2026,1536,7.3,23,09:10:00,afternoon,4.18,0.85,2,431
W030,31-01-2026,1290,6.4,17,10:10:00,morning,4.4,0.82,4,373
W030,01-02-2026,1262,6.7,18,11:10:00,afternoon,4.09,0.7,4,305
W030,02-02-2026,200,4.2,5,12:10:00,morning,4.49,0.77,2,441
W030,03-02-2026,829,4.8,12,13:10:00,morning,4.2,0.81,2,322
W030,04-02-2026,1013,6.1,14,14:10:00,morning,4.42,0.83,4,404
W030,05-02-2026,722,5.2,12,15:10:00,morning,4.16,0.75,2,373
W030,06-02-2026,200,5.4,5,16:10:00,morning,4.27,0.79,3,331
W030,07-02-2026,932,6.3,15,17:10:00,afternoon,4.2,0.85,3,443
W030,08-02-2026,1085,3.4,15,18:10:00,evening,4.45,0.81,3,309
W030,09-02-2026,452,6.3,5,19:10:00,afternoon,4.41,0.72,4,353
W030,10-02-2026,1451,7.5,20,20:10:00,evening,4.39,0.82,3,429
W030,12-02-2026,942,5.9,14,21:10:00,night,4.31,0.75,3,447
W030,13-02-2026,200,6.1,5,22:10:00,morning,4.09,0.73,2,396
W030,14-02-2026,274,4.9,5,23:10:00,morning,4.05,0.76,4,382
W030,16-02-2026,536,6.7,6,00:10:00,night,4.02,0.73,4,353
W030,17-02-2026,1405,3.1,22,01:10:00,night,4.3,0.81,2,447
W030,18-02-2026,972,5.2,11,02:10:00,evening,4.25,0.75,3,374
W030,20-02-2026,945,7.1,11,03:10:00,night,4.03,0.79,2,414
W030,21-02-2026,200,5.9,5,04:10:00,evening,4.3,0.75,2,409
W030,23-02-2026,912,4.9,11,05:10:00,night,4.43,0.72,3,344
W030,24-02-2026,315,8,5,06:10:00,evening,4.17,0.77,4,410
W030,25-02-2026,1307,6.8,19,07:10:00,night,4.16,0.84,3,436
W030,26-02-2026,692,7.2,8,08:10:00,evening,4.26,0.81,4,300
W030,27-02-2026,549,7.9,5,09:10:00,morning,4.18,0.76,2,414
W030,28-02-2026,728,5.8,8,10:10:00,afternoon,4.02,0.83,2,376
W030,01-03-2026,474,6,5,11:10:00,night,4.41,0.71,4,406
W031,10-01-2026,835,5.6,11,12:10:00,morning,4.37,0.84,4,325
W031,11-01-2026,520,7.7,6,13:10:00,afternoon,4.05,0.76,4,394
W031,13-01-2026,1202,3.3,15,14:10:00,morning,4.13,0.74,2,443
W031,14-01-2026,410,6,5,15:10:00,night,4.31,0.78,4,439
W031,15-01-2026,332,4.2,5,16:10:00,afternoon,4.07,0.78,2,311
W031,16-01-2026,200,6.9,5,17:10:00,evening,4.12,0.75,4,400
W031,17-01-2026,1184,3.4,18,18:10:00,morning,4.46,0.8,2,321
W031,18-01-2026,200,5.8,5,19:10:00,morning,4.28,0.73,4,319
W031,19-01-2026,596,5.3,7,20:10:00,night,4.24,0.85,4,377
W031,20-01-2026,293,3.5,5,21:10:00,afternoon,4.42,0.74,3,446
W031,21-01-2026,1100,5.7,16,22:10:00,morning,4.29,0.84,2,448
W031,23-01-2026,200,5.4,5,23:10:00,night,4.48,0.83,3,446
W031,24-01-2026,891,6.8,10,00:10:00,afternoon,4.42,0.78,2,333
W031,25-01-2026,1127,5.4,14,01:10:00,evening,4.33,0.85,4,307
W031,27-01-2026,1122,7.9,14,02:10:00,night,4.44,0.74,3,343
W031,28-01-2026,200,7.6,5,03:10:00,evening,4.47,0.81,3,384
W031,29-01-2026,1276,6.3,19,04:10:00,morning,4.25,0.79,3,353
W031,30-01-2026,419,6,6,05:10:00,night,4,0.81,4,372
W031,01-02-2026,1366,6.4,20,06:10:00,afternoon,4.19,0.76,4,354
W031,02-02-2026,419,4.7,7,07:10:00,afternoon,4.42,0.72,2,348
W031,04-02-2026,693,5.1,9,08:10:00,night,4.25,0.71,3,423
W031,05-02-2026,734,3.6,10,09:10:00,afternoon,4.14,0.82,4,398
W031,06-02-2026,200,4.6,5,10:10:00,night,4.23,0.78,4,352
W031,07-02-2026,200,3.1,5,11:10:00,afternoon,4,0.77,3,403
W031,08-02-2026,1161,7.1,18,12:10:00,morning,4.47,0.81,2,401
W031,09-02-2026,928,4,11,13:10:00,evening,4.44,0.83,4,372
W031,10-02-2026,1083,5.7,15,14:10:00,morning,4.39,0.72,3,344
W031,11-02-2026,555,7.3,7,15:10:00,afternoon,4.37,0.84,4,449
W031,12-02-2026,1093,3.6,13,16:10:00,night,4.13,0.78,3,405
W031,13-02-2026,770,5.9,11,17:10:00,morning,4.43,0.78,3,353
W031,15-02-2026,929,5,13,18:10:00,evening,4.01,0.7,3,337
W031,16-02-2026,1355,5.2,17,19:10:00,evening,4.24,0.79,3,373
W031,17-02-2026,1189,3.7,18,20:10:00,night,4.32,0.83,4,411
W031,18-02-2026,1596,4.7,23,21:10:00,evening,4.44,0.76,4,443
W031,19-02-2026,942,7.8,15,22:10:00,afternoon,4.41,0.79,2,321
W031,21-02-2026,1455,4.9,22,23:10:00,evening,4.41,0.77,2,358
W031,22-02-2026,508,6.9,6,00:10:00,morning,4.33,0.8,2,328
W031,23-02-2026,1382,3.7,19,01:10:00,evening,4.17,0.72,2,347
W031,24-02-2026,962,8,12,02:10:00,evening,4.35,0.77,2,363
W031,25-02-2026,434,3.9,5,03:10:00,evening,4.07,0.85,2,328
W031,28-02-2026,275,5.2,5,04:10:00,morning,4.27,0.72,4,392
W031,01-03-2026,578,3.6,10,05:10:00,afternoon,4.21,0.74,4,359
W032,06-01-2026,1130,6.6,14,06:10:00,morning,4.33,0.86,2,269
W032,07-01-2026,1363,6.1,17,07:10:00,night,4.59,0.83,2,261
W032,08-01-2026,996,6.7,12,08:10:00,morning,4.69,0.84,2,209
W032,10-01-2026,292,6.3,5,09:10:00,afternoon,4.66,0.85,2,196
W032,11-01-2026,946,5.8,12,10:10:00,evening,4.66,0.89,2,280
W032,12-01-2026,940,7.6,11,11:10:00,evening,4.59,0.8,1,205
W032,13-01-2026,948,6.6,15,12:10:00,evening,4.38,0.8,2,278
W032,14-01-2026,1073,6.2,16,13:10:00,morning,4.32,0.82,1,229
W032,15-01-2026,1010,4.4,15,14:10:00,afternoon,4.68,0.89,1,253
W032,16-01-2026,1202,7.1,17,15:10:00,afternoon,4.63,0.84,2,244
W032,17-01-2026,1259,6.7,17,16:10:00,night,4.48,0.82,2,198
W032,18-01-2026,1166,3.9,15,17:10:00,evening,4.68,0.86,2,240
W032,19-01-2026,902,3.6,14,18:10:00,afternoon,4.61,0.86,2,257
W032,20-01-2026,1268,4,17,19:10:00,evening,4.43,0.82,1,269
W032,21-01-2026,773,5.3,12,20:10:00,morning,4.51,0.84,2,220
W032,22-01-2026,1281,7.7,17,21:10:00,night,4.34,0.81,1,226
W032,24-01-2026,294,7.7,5,22:10:00,morning,4.67,0.85,2,278
W032,26-01-2026,711,5.2,11,23:10:00,night,4.33,0.84,2,266
W032,28-01-2026,579,6.3,8,00:10:00,night,4.42,0.9,2,200
W032,29-01-2026,902,7.9,13,01:10:00,evening,4.44,0.8,1,261
W032,30-01-2026,1102,7.1,16,02:10:00,afternoon,4.42,0.83,2,290
W032,31-01-2026,757,4.7,10,03:10:00,morning,4.7,0.86,2,229
W032,02-02-2026,300,4.5,6,04:10:00,morning,4.36,0.87,1,201
W032,03-02-2026,1073,3.2,17,05:10:00,afternoon,4.59,0.85,2,266
W032,04-02-2026,1016,3.8,12,06:10:00,morning,4.58,0.85,2,289
W032,05-02-2026,1291,5.2,16,07:10:00,evening,4.58,0.84,2,287
W032,07-02-2026,909,6.3,12,08:10:00,morning,4.35,0.82,2,182
W032,08-02-2026,992,3.7,13,09:10:00,night,4.51,0.86,1,276
W032,09-02-2026,828,6.8,9,10:10:00,afternoon,4.5,0.82,2,230
W032,10-02-2026,796,7.1,12,11:10:00,night,4.67,0.88,2,260
W032,11-02-2026,1016,7.1,16,12:10:00,afternoon,4.47,0.83,2,210
W032,12-02-2026,656,7.7,8,13:10:00,evening,4.42,0.85,2,256
W032,13-02-2026,1333,6.9,19,14:10:00,night,4.4,0.87,2,207
W032,15-02-2026,1054,6.7,17,15:10:00,evening,4.34,0.89,2,226
W032,16-02-2026,937,5.1,12,16:10:00,night,4.38,0.83,2,290
W032,17-02-2026,784,6.7,9,17:10:00,afternoon,4.39,0.86,2,286
W032,20-02-2026,704,7.2,12,18:10:00,night,4.58,0.88,2,294
W032,21-02-2026,1170,5.1,15,19:10:00,morning,4.36,0.88,1,273
W032,22-02-2026,1123,6.3,15,20:10:00,afternoon,4.61,0.85,2,221
W032,24-02-2026,266,7.3,5,21:10:00,evening,4.54,0.9,1,238
W032,25-02-2026,888,4.2,13,22:10:00,morning,4.53,0.82,2,255
W032,26-02-2026,989,4.1,12,23:10:00,morning,4.53,0.86,1,259
W032,27-02-2026,1099,5.4,14,00:10:00,night,4.57,0.87,2,203
W032,01-03-2026,1159,7.6,18,01:10:00,afternoon,4.57,0.82,1,285
W033,12-01-2026,1034,4.3,16,02:10:00,morning,4.86,0.93,1,139
W033,13-01-2026,819,4.1,10,03:10:00,morning,4.76,0.97,0,124
W033,14-01-2026,1104,6,17,04:10:00,morning,4.75,0.96,0,163
W033,15-01-2026,1018,6,16,05:10:00,afternoon,4.97,0.97,0,129
W033,16-01-2026,959,6.9,11,06:10:00,afternoon,4.99,0.96,0,104
W033,17-01-2026,1015,6.2,15,07:10:00,afternoon,4.8,0.96,0,146
W033,19-01-2026,1211,6.1,15,08:10:00,afternoon,4.97,0.98,1,137
W033,20-01-2026,1165,6,17,09:10:00,night,4.98,0.95,1,161
W033,21-01-2026,892,6.7,13,10:10:00,afternoon,4.93,0.94,1,134
W033,23-01-2026,970,6.9,12,11:10:00,evening,4.86,0.95,0,165
W033,24-01-2026,1306,5.2,20,12:10:00,night,4.66,0.91,0,113
W033,25-01-2026,1092,4.4,15,13:10:00,morning,4.86,0.95,0,156
W033,26-01-2026,1005,8,15,14:10:00,morning,4.73,0.96,1,131
W033,27-01-2026,1199,4,19,15:10:00,morning,4.99,0.96,0,167
W033,28-01-2026,1197,3.8,17,16:10:00,morning,4.94,0.9,1,170
W033,29-01-2026,646,6,10,17:10:00,evening,4.71,0.92,1,156
W033,30-01-2026,1034,6.7,16,18:10:00,morning,4.68,0.91,0,130
W033,31-01-2026,1173,4.8,15,19:10:00,morning,4.91,0.92,0,103
W033,01-02-2026,982,7,14,20:10:00,night,4.73,0.98,1,114
W033,03-02-2026,1203,6.7,18,21:10:00,morning,4.73,0.95,0,177
W033,06-02-2026,783,5.9,10,22:10:00,afternoon,4.89,0.91,0,103
W033,07-02-2026,1278,7.3,20,23:10:00,morning,4.83,0.91,0,138
W033,09-02-2026,963,5.4,13,00:10:00,morning,4.76,0.97,1,173
W033,10-02-2026,932,5.5,14,01:10:00,evening,4.84,0.93,0,137
W033,11-02-2026,1052,6.9,15,02:10:00,night,4.7,0.97,1,127
W033,12-02-2026,753,3.7,10,03:10:00,morning,4.96,0.95,1,124
W033,13-02-2026,1016,7.2,15,04:10:00,night,4.75,0.97,1,155
W033,14-02-2026,838,7.7,11,05:10:00,morning,4.91,0.92,0,171
W033,15-02-2026,899,3.4,10,06:10:00,morning,4.94,0.91,1,177
W033,16-02-2026,1225,7.3,17,07:10:00,evening,4.75,0.92,1,107
W033,17-02-2026,1299,6,16,08:10:00,night,4.84,0.94,0,103
W033,18-02-2026,1359,5.4,21,09:10:00,morning,4.69,0.97,0,126
W033,19-02-2026,1123,4.4,18,10:10:00,afternoon,4.75,0.98,0,179
W033,23-02-2026,1026,7.5,12,11:10:00,night,4.76,0.91,0,165
W033,24-02-2026,1195,3.8,17,12:10:00,morning,4.6,0.96,0,110
W033,25-02-2026,922,5.3,11,13:10:00,evening,4.74,0.95,1,154
W033,26-02-2026,908,3.3,14,14:10:00,morning,4.95,0.95,1,104
W033,27-02-2026,865,7.7,10,15:10:00,morning,4.65,0.94,1,102
W033,28-02-2026,1147,6,17,16:10:00,evening,4.97,0.94,1,128
W033,01-03-2026,1048,4.9,15,17:10:00,afternoon,4.92,0.91,1,147
W034,06-01-2026,510,6.5,8,18:10:00,evening,4.34,0.76,2,404
W034,07-01-2026,646,3.2,11,19:10:00,morning,4.01,0.83,4,399
W034,08-01-2026,1188,6.6,14,20:10:00,afternoon,4.45,0.83,2,326
W034,09-01-2026,676,8,10,21:10:00,night,4.37,0.77,4,354
W034,10-01-2026,819,6.4,12,22:10:00,afternoon,4.15,0.78,3,321
W034,11-01-2026,1332,4.5,17,23:10:00,morning,4.37,0.82,2,313
W034,12-01-2026,238,4.2,5,00:10:00,night,4.15,0.84,3,432
W034,14-01-2026,917,6,15,01:10:00,evening,4.35,0.73,4,440
W034,15-01-2026,1024,4.2,16,02:10:00,morning,4.35,0.83,4,364
W034,16-01-2026,325,6,5,03:10:00,afternoon,4.49,0.78,2,343
W034,17-01-2026,602,6.4,8,04:10:00,afternoon,4.27,0.8,4,360
W034,18-01-2026,200,3.7,5,05:10:00,evening,4.43,0.72,3,395
W034,19-01-2026,1363,3.9,17,06:10:00,night,4.35,0.72,3,395
W034,21-01-2026,651,6.6,9,07:10:00,morning,4.31,0.84,4,333
W034,23-01-2026,861,3,11,08:10:00,afternoon,4.31,0.84,4,397
W034,24-01-2026,1032,4.3,15,09:10:00,evening,4.35,0.73,4,416
W034,25-01-2026,200,3.7,5,10:10:00,evening,4.29,0.83,3,389
W034,26-01-2026,509,6.9,6,11:10:00,morning,4.33,0.72,3,445
W034,28-01-2026,671,5.5,7,12:10:00,evening,4.35,0.77,4,326
W034,29-01-2026,1158,5.6,14,13:10:00,evening,4.21,0.76,4,409
W034,30-01-2026,621,6.2,7,14:10:00,evening,4.28,0.75,3,370
W034,31-01-2026,1039,6.9,12,15:10:00,night,4.12,0.8,2,367
W034,01-02-2026,1037,3.5,14,16:10:00,morning,4.34,0.8,4,446
W034,02-02-2026,597,4.1,9,17:10:00,evening,4.24,0.74,4,339
W034,03-02-2026,286,7.8,5,18:10:00,afternoon,4.25,0.83,4,441
W034,04-02-2026,287,4.4,5,19:10:00,afternoon,4.02,0.81,2,446
W034,05-02-2026,817,6.3,11,20:10:00,afternoon,4.16,0.79,2,314
W034,06-02-2026,577,5.1,10,21:10:00,evening,4.34,0.74,2,438
W034,07-02-2026,244,6.9,5,22:10:00,morning,4.18,0.81,3,406
W034,09-02-2026,471,4.1,5,23:10:00,morning,4.15,0.79,2,416
W034,10-02-2026,616,6.7,8,00:10:00,night,4.4,0.74,4,334
W034,11-02-2026,822,7.9,12,01:10:00,afternoon,4.1,0.72,3,310
W034,12-02-2026,440,4,5,02:10:00,morning,4.09,0.74,3,400
W034,13-02-2026,851,5.4,11,03:10:00,evening,4.08,0.71,2,414
W034,14-02-2026,680,5.7,9,04:10:00,afternoon,4.2,0.85,3,421
W034,15-02-2026,1007,3.6,14,05:10:00,night,4.48,0.72,2,381
W034,18-02-2026,1035,4.8,14,06:10:00,night,4.49,0.73,2,329
W034,20-02-2026,1476,5.3,20,07:10:00,night,4.27,0.74,2,407
W034,21-02-2026,924,3.3,13,08:10:00,morning,4.21,0.77,4,335
W034,22-02-2026,200,6.3,5,09:10:00,afternoon,4.01,0.81,3,368
W034,23-02-2026,860,3.2,11,10:10:00,morning,4.16,0.78,3,300
W034,24-02-2026,927,5,12,11:10:00,afternoon,4.35,0.71,4,377
W034,26-02-2026,1070,6.5,17,12:10:00,afternoon,4.47,0.72,3,345
W034,27-02-2026,914,5.7,14,13:10:00,afternoon,4.29,0.72,2,442
W034,28-02-2026,553,7.3,8,14:10:00,evening,4.31,0.82,2,441
W034,01-03-2026,534,4.9,9,15:10:00,morning,4.2,0.71,3,305
W035,10-01-2026,1032,6.7,13,16:10:00,night,4.48,0.82,2,394
W035,12-01-2026,1655,3.7,24,17:10:00,night,4.43,0.81,4,403
W035,13-01-2026,1081,3,17,18:10:00,evening,4.31,0.79,2,389
W035,14-01-2026,896,3.1,14,19:10:00,night,4.02,0.84,3,301
W035,15-01-2026,417,6,7,20:10:00,afternoon,4.17,0.78,3,321
W035,16-01-2026,763,5.7,9,21:10:00,morning,4.37,0.76,4,376
W035,17-01-2026,1119,5,17,22:10:00,night,4.41,0.85,3,406
W035,18-01-2026,1251,5,17,23:10:00,night,4.16,0.76,4,427
W035,19-01-2026,469,6.1,6,00:10:00,evening,4.46,0.85,3,424
W035,21-01-2026,1535,3.7,19,01:10:00,evening,4.42,0.83,2,306
W035,22-01-2026,958,7.5,13,02:10:00,night,4.4,0.72,4,428
W035,24-01-2026,1644,7.8,23,03:10:00,afternoon,4.27,0.79,3,330
W035,25-01-2026,225,7.9,5,04:10:00,afternoon,4.01,0.77,4,360
W035,26-01-2026,725,3.8,8,05:10:00,morning,4.16,0.7,4,333
W035,29-01-2026,926,3.5,11,06:10:00,night,4.29,0.74,4,362
W035,30-01-2026,644,3.7,7,07:10:00,night,4.38,0.79,4,388
W035,31-01-2026,512,3.7,6,08:10:00,morning,4.38,0.8,2,400
W035,02-02-2026,1196,5.5,16,09:10:00,afternoon,4.3,0.82,2,415
W035,03-02-2026,816,5.6,12,10:10:00,evening,4.33,0.84,4,348
W035,04-02-2026,994,7.1,16,11:10:00,morning,4.5,0.72,2,406
W035,05-02-2026,1216,5.7,17,12:10:00,morning,4.1,0.71,4,416
W035,06-02-2026,436,4.2,6,13:10:00,evening,4.06,0.83,2,378
W035,07-02-2026,1421,3.6,19,14:10:00,morning,4.47,0.74,3,340
W035,10-02-2026,766,7.2,12,15:10:00,night,4.49,0.77,4,321
W035,11-02-2026,1065,5.3,15,16:10:00,night,4.47,0.82,3,310
W035,12-02-2026,1185,6,18,17:10:00,night,4.45,0.82,2,340
W035,13-02-2026,1009,7.3,12,18:10:00,morning,4.11,0.85,3,389
W035,14-02-2026,1107,7.4,15,19:10:00,evening,4.39,0.78,3,418
W035,15-02-2026,509,4.2,7,20:10:00,evening,4.01,0.8,4,402
W035,16-02-2026,200,3.8,5,21:10:00,night,4.44,0.7,2,400
W035,17-02-2026,1274,3.4,16,22:10:00,morning,4.17,0.8,2,397
W035,18-02-2026,870,5.5,13,23:10:00,night,4.13,0.73,4,373
W035,20-02-2026,1109,6.1,17,00:10:00,morning,4.06,0.73,3,428
W035,21-02-2026,1169,3.5,17,01:10:00,morning,4.19,0.82,2,356
W035,22-02-2026,890,7.5,13,02:10:00,afternoon,4.06,0.84,4,369
W035,23-02-2026,411,6.7,5,03:10:00,evening,4.49,0.71,3,413
W035,24-02-2026,691,5.5,10,04:10:00,evening,4.41,0.71,2,313
W035,25-02-2026,866,6.8,13,05:10:00,afternoon,4.13,0.7,3,347
W035,26-02-2026,1201,3.2,17,06:10:00,evening,4.22,0.83,2,359
W035,27-02-2026,968,7.7,11,07:10:00,morning,4.36,0.7,4,346
W035,01-03-2026,557,8,9,08:10:00,evening,4.22,0.74,2,334
W036,05-01-2026,1225,6,16,09:10:00,night,4.8,0.97,0,155
W036,07-01-2026,1021,3,14,10:10:00,afternoon,4.7,0.94,0,101
W036,08-01-2026,808,4.5,11,11:10:00,morning,4.91,0.96,0,125
W036,09-01-2026,903,6.6,14,12:10:00,night,4.68,0.93,0,174
W036,10-01-2026,970,5.8,12,13:10:00,night,4.88,0.94,0,169
W036,11-01-2026,1338,3.7,20,14:10:00,afternoon,4.63,0.94,0,162
W036,13-01-2026,1040,5.1,13,15:10:00,morning,4.76,0.91,1,135
W036,14-01-2026,1112,5.3,15,16:10:00,night,4.73,0.93,1,106
W036,15-01-2026,1016,4.3,12,17:10:00,evening,4.93,0.94,0,111
W036,16-01-2026,1078,3.2,13,18:10:00,evening,4.74,0.92,0,162
W036,17-01-2026,1218,3.8,17,19:10:00,morning,4.71,0.92,0,172
W036,18-01-2026,1372,4.4,19,20:10:00,night,4.78,0.96,0,167
W036,19-01-2026,956,3.6,15,21:10:00,evening,4.96,0.91,1,136
W036,22-01-2026,879,4,13,22:10:00,night,4.95,0.9,0,124
W036,23-01-2026,1123,6.1,16,23:10:00,afternoon,4.85,0.96,1,141
W036,25-01-2026,840,5.6,10,00:10:00,morning,4.92,0.96,1,175
W036,26-01-2026,1104,7.6,13,01:10:00,afternoon,4.99,0.94,0,138
W036,28-01-2026,833,4.5,9,02:10:00,night,4.75,0.93,1,132
W036,29-01-2026,1101,4.2,13,03:10:00,evening,4.8,0.97,0,136
W036,30-01-2026,1238,4.2,19,04:10:00,evening,4.9,0.95,0,144
W036,01-02-2026,975,5,15,05:10:00,night,4.98,0.96,0,144
W036,02-02-2026,1319,4.1,16,06:10:00,morning,4.77,0.94,0,149
W036,03-02-2026,701,6.2,9,07:10:00,morning,4.91,0.92,1,166
W036,06-02-2026,984,6.8,16,08:10:00,evening,4.92,0.97,1,126
W036,07-02-2026,1204,7.3,17,09:10:00,evening,4.79,0.96,1,128
W036,08-02-2026,1058,7.4,16,10:10:00,afternoon,4.83,0.91,0,157
W036,10-02-2026,1165,6.5,17,11:10:00,night,4.95,0.97,0,131
W036,11-02-2026,1048,7.4,13,12:10:00,night,4.74,0.9,0,100
W036,12-02-2026,1063,6.5,17,13:10:00,night,4.82,0.94,0,146
W036,16-02-2026,1146,6.9,15,14:10:00,afternoon,4.66,0.92,1,111
W036,17-02-2026,917,7.7,14,15:10:00,night,4.88,0.97,0,140
W036,20-02-2026,983,3.9,14,16:10:00,morning,4.89,0.95,0,100
W036,21-02-2026,1190,3.2,18,17:10:00,night,4.74,0.97,1,127
W036,23-02-2026,1102,3.4,14,18:10:00,afternoon,4.74,0.95,0,178
W036,24-02-2026,1110,5,15,19:10:00,morning,4.64,0.96,1,161
W036,25-02-2026,1016,5.9,14,20:10:00,night,4.71,0.97,0,119
W036,26-02-2026,1022,7.5,12,21:10:00,evening,4.84,0.92,0,153
W036,27-02-2026,981,5.3,14,22:10:00,night,4.75,0.91,0,165
W036,28-02-2026,873,7.4,13,23:10:00,afternoon,4.88,0.95,0,153
W037,07-01-2026,976,5,11,00:10:00,night,4.9,0.9,0,149
W037,08-01-2026,1037,5.6,15,01:10:00,afternoon,4.91,0.93,0,143
W037,09-01-2026,1112,3.8,13,02:10:00,evening,4.87,0.96,0,156
W037,10-01-2026,1088,7,14,03:10:00,evening,4.64,0.91,1,113
W037,11-01-2026,1084,7.6,16,04:10:00,evening,4.69,0.91,1,162
W037,13-01-2026,968,5.6,12,05:10:00,morning,4.76,0.93,1,115
W037,14-01-2026,1047,3.4,14,06:10:00,evening,4.85,0.95,0,138
W037,15-01-2026,1325,4.3,18,07:10:00,night,4.92,0.97,0,133
W037,16-01-2026,1132,7.8,14,08:10:00,night,4.74,0.9,0,122
W037,17-01-2026,1119,5.4,14,09:10:00,evening,4.72,0.93,1,122
W037,18-01-2026,936,3.1,15,10:10:00,afternoon,4.76,0.95,1,104
W037,19-01-2026,869,6.9,11,11:10:00,night,4.89,0.93,1,156
W037,20-01-2026,1218,3,19,12:10:00,night,4.82,0.98,0,116
W037,21-01-2026,1293,7.1,16,13:10:00,evening,4.69,0.96,1,152
W037,23-01-2026,1222,3.3,17,14:10:00,afternoon,4.87,0.92,1,119
W037,24-01-2026,1126,3.9,18,15:10:00,night,4.96,0.95,0,171
W037,25-01-2026,1286,5.3,20,16:10:00,morning,4.95,0.93,1,169
W037,26-01-2026,959,5.8,12,17:10:00,afternoon,4.66,0.98,1,155
W037,27-01-2026,956,5.3,15,18:10:00,afternoon,4.62,0.93,0,110
W037,28-01-2026,993,3.2,12,19:10:00,morning,4.6,0.93,0,109
W037,30-01-2026,913,4.5,15,20:10:00,evening,4.78,0.94,0,120
W037,31-01-2026,1160,3.4,17,21:10:00,night,4.94,0.96,1,167
W037,05-02-2026,1192,5.8,18,22:10:00,afternoon,4.78,0.91,0,100
W037,06-02-2026,1132,4.8,17,23:10:00,night,4.92,0.91,0,163
W037,07-02-2026,869,4.3,13,00:10:00,morning,4.74,0.95,1,149
W037,08-02-2026,1364,4.2,18,01:10:00,morning,4.79,0.93,1,168
W037,09-02-2026,1142,3.9,17,02:10:00,night,4.92,0.95,1,161
W037,10-02-2026,1263,6.2,16,03:10:00,afternoon,4.61,0.94,1,151
W037,11-02-2026,1076,7,17,04:10:00,evening,4.75,0.97,1,160
W037,12-02-2026,962,4.9,15,05:10:00,night,4.6,0.95,1,175
W037,13-02-2026,1215,6.6,19,06:10:00,morning,4.64,0.91,0,103
W037,14-02-2026,1106,6.4,13,07:10:00,evening,4.64,0.9,1,111
W037,16-02-2026,1399,4.1,17,08:10:00,night,4.93,0.97,1,134
W037,17-02-2026,966,3.4,12,09:10:00,night,4.76,0.96,0,101
W037,18-02-2026,1210,5.7,19,10:10:00,morning,4.73,0.97,0,165
W037,19-02-2026,1119,3,17,11:10:00,night,4.66,0.92,1,124
W037,20-02-2026,1121,7.8,16,12:10:00,morning,4.99,0.95,0,126
W037,21-02-2026,1011,4.8,13,13:10:00,evening,4.87,0.91,0,146
W037,22-02-2026,1151,7,16,14:10:00,afternoon,4.63,0.97,0,152
W037,23-02-2026,1238,7.7,19,15:10:00,morning,4.93,0.93,1,128
W037,24-02-2026,805,7.6,12,16:10:00,evening,4.92,0.93,0,151
W037,25-02-2026,1078,6.2,15,17:10:00,morning,4.7,0.94,1,153
W037,26-02-2026,967,5.2,13,18:10:00,afternoon,4.91,0.92,1,149
W037,01-03-2026,1157,7.5,16,19:10:00,afternoon,4.63,0.92,1,160
W038,07-01-2026,1023,3.3,12,20:10:00,night,4.62,0.97,0,130
W038,08-01-2026,1446,5.1,21,21:10:00,afternoon,4.69,0.91,0,148
W038,10-01-2026,911,7.2,15,22:10:00,morning,4.96,0.92,1,166
W038,12-01-2026,945,4.4,13,23:10:00,night,4.86,0.94,1,166
W038,13-01-2026,997,6.5,16,00:10:00,morning,4.84,0.97,1,164
W038,14-01-2026,1075,6.1,13,01:10:00,afternoon,4.76,0.94,1,144
W038,15-01-2026,1185,5.8,18,02:10:00,morning,4.73,0.91,0,102
W038,16-01-2026,1171,6.1,15,03:10:00,morning,4.94,0.91,0,151
W038,17-01-2026,1177,5.8,15,04:10:00,night,4.93,0.93,1,175
W038,18-01-2026,1379,3.5,19,05:10:00,night,4.84,0.95,0,116
W038,19-01-2026,917,5.1,13,06:10:00,night,4.68,0.96,1,164
W038,21-01-2026,1301,7.2,16,07:10:00,night,4.71,0.97,0,176
W038,22-01-2026,1075,6.7,15,08:10:00,evening,4.7,0.91,1,131
W038,24-01-2026,1072,4.6,14,09:10:00,night,4.65,0.98,0,142
W038,25-01-2026,965,5.1,15,10:10:00,night,4.84,0.95,0,176
W038,28-01-2026,1605,4.8,22,11:10:00,evening,4.74,0.92,0,174
W038,29-01-2026,1100,6.1,13,12:10:00,morning,4.66,0.98,1,131
W038,31-01-2026,1089,7.4,15,13:10:00,afternoon,4.92,0.92,0,155
W038,01-02-2026,873,3.1,10,14:10:00,evening,4.64,0.95,1,102
W038,02-02-2026,1128,5.5,16,15:10:00,morning,4.91,0.95,0,148
W038,03-02-2026,1334,4.7,21,16:10:00,night,4.73,0.97,0,117
W038,05-02-2026,1109,7.1,13,17:10:00,night,4.89,0.91,0,129
W038,06-02-2026,1214,6.2,18,18:10:00,evening,4.91,0.93,1,150
W038,07-02-2026,759,6.1,11,19:10:00,evening,4.67,0.91,0,163
W038,08-02-2026,1327,8,18,20:10:00,night,4.95,0.92,1,178
W038,09-02-2026,1091,5,16,21:10:00,evening,4.7,0.93,1,113
W038,11-02-2026,1059,6.2,14,22:10:00,night,4.77,0.96,1,133
W038,12-02-2026,1174,6.7,14,23:10:00,afternoon,4.83,0.93,1,158
W038,13-02-2026,1030,7.2,12,00:10:00,night,4.78,0.91,0,128
W038,14-02-2026,1249,5,19,01:10:00,night,4.61,0.9,1,142
W038,17-02-2026,1097,7.8,14,02:10:00,night,4.65,0.94,0,175
W038,18-02-2026,1138,6.1,17,03:10:00,evening,4.78,0.92,0,126
W038,19-02-2026,957,6,12,04:10:00,night,4.7,0.97,0,149
W038,20-02-2026,1172,3.1,15,05:10:00,afternoon,4.75,0.95,1,116
W038,21-02-2026,850,3.4,13,06:10:00,morning,4.86,0.91,0,177
W038,22-02-2026,1189,3.6,15,07:10:00,morning,4.98,0.91,0,171
W038,24-02-2026,1409,4.8,20,08:10:00,night,4.66,0.98,0,165
W038,25-02-2026,1156,7.1,17,09:10:00,evening,4.8,0.94,1,139
W038,26-02-2026,1368,3.2,17,10:10:00,afternoon,4.82,0.93,1,130
W038,27-02-2026,1088,7,13,11:10:00,morning,4.91,0.92,0,128
W038,28-02-2026,938,5.8,14,12:10:00,night,4.98,0.95,0,177
W038,01-03-2026,1116,6.4,14,13:10:00,afternoon,4.88,0.92,0,174
W039,10-01-2026,1039,6.4,12,14:10:00,afternoon,4.75,0.98,1,173
W039,12-01-2026,1081,3.7,15,15:10:00,afternoon,4.76,0.97,1,155
W039,13-01-2026,1014,6.3,14,16:10:00,evening,4.6,0.97,0,166
W039,14-01-2026,1223,3.9,18,17:10:00,night,4.93,0.93,1,166
W039,15-01-2026,1222,5.5,18,18:10:00,night,4.89,0.95,0,122
W039,17-01-2026,795,5.8,12,19:10:00,night,4.93,0.92,0,157
W039,18-01-2026,799,3.2,10,20:10:00,afternoon,4.85,0.97,0,147
W039,19-01-2026,1016,5.7,15,21:10:00,afternoon,4.78,0.94,1,110
W039,21-01-2026,1029,6.3,14,22:10:00,morning,4.83,0.93,1,155
W039,22-01-2026,1150,3.4,15,23:10:00,night,4.8,0.95,0,139
W039,23-01-2026,1277,5.7,19,00:10:00,evening,4.83,0.91,0,141
W039,24-01-2026,1403,7.2,21,01:10:00,morning,5,0.98,1,177
W039,26-01-2026,1071,7.1,17,02:10:00,morning,4.88,0.96,0,151
W039,27-01-2026,1098,5.3,15,03:10:00,afternoon,4.75,0.98,1,102
W039,28-01-2026,1307,7.1,16,04:10:00,night,4.76,0.98,1,175
W039,29-01-2026,994,5.7,16,05:10:00,evening,4.74,0.98,1,142
W039,01-02-2026,1083,7.3,16,06:10:00,morning,4.72,0.97,0,139
W039,02-02-2026,1076,3.7,16,07:10:00,afternoon,4.84,0.94,1,111
W039,03-02-2026,1081,6.8,14,08:10:00,night,4.86,0.91,1,140
W039,04-02-2026,1033,7.3,12,09:10:00,night,4.82,0.95,0,157
W039,05-02-2026,1061,6.6,13,10:10:00,afternoon,4.92,0.96,1,112
W039,06-02-2026,970,4.5,14,11:10:00,morning,4.61,0.95,0,103
W039,07-02-2026,1133,6.1,17,12:10:00,morning,4.92,0.92,1,170
W039,09-02-2026,1206,3.1,18,13:10:00,afternoon,4.76,0.91,0,153
W039,10-02-2026,896,6,13,14:10:00,afternoon,4.96,0.93,1,128
W039,13-02-2026,1162,7.5,16,15:10:00,morning,4.6,0.98,1,127
W039,14-02-2026,1015,4.6,15,16:10:00,morning,4.75,0.92,1,165
W039,15-02-2026,965,6.1,12,17:10:00,night,4.96,0.94,1,139
W039,17-02-2026,1077,6.7,14,18:10:00,night,4.95,0.98,0,148
W039,18-02-2026,1011,4.3,15,19:10:00,night,4.99,0.92,0,155
W039,19-02-2026,1051,5.3,16,20:10:00,morning,4.75,0.91,1,112
W039,20-02-2026,1288,6.7,20,21:10:00,night,4.72,0.94,0,149
W039,21-02-2026,552,5,7,22:10:00,evening,4.78,0.93,1,160
W039,22-02-2026,1134,5.6,15,23:10:00,evening,4.75,0.97,0,133
W039,23-02-2026,1414,4.8,22,00:10:00,morning,5,0.97,0,158
W039,24-02-2026,1143,7.4,14,01:10:00,evening,4.76,0.96,0,110
W039,25-02-2026,865,3.7,10,02:10:00,morning,4.64,0.96,0,128
W039,26-02-2026,1091,3.9,17,03:10:00,morning,4.87,0.9,0,103
W039,27-02-2026,1248,7.7,15,04:10:00,afternoon,4.71,0.96,1,116
W039,28-02-2026,1076,7.6,13,05:10:00,morning,4.96,0.95,0,165
W039,01-03-2026,1085,7.4,15,06:10:00,afternoon,4.91,0.97,1,156
W040,03-01-2026,518,7.2,7,07:10:00,morning,4.4,0.78,3,328
W040,04-01-2026,946,4.8,12,08:10:00,night,4.01,0.79,3,407
W040,05-01-2026,847,4.6,13,09:10:00,evening,4.3,0.83,3,347
W040,07-01-2026,417,5,5,10:10:00,evening,4.38,0.72,2,302
W040,09-01-2026,1305,8,19,11:10:00,afternoon,4.5,0.8,3,388
W040,10-01-2026,1248,7.7,19,12:10:00,night,4.3,0.83,2,321
W040,11-01-2026,400,3.2,5,13:10:00,afternoon,4.46,0.74,2,336
W040,13-01-2026,801,5.3,11,14:10:00,morning,4.31,0.79,4,425
W040,14-01-2026,200,5.1,5,15:10:00,morning,4.24,0.75,4,360
W040,15-01-2026,510,3.4,9,16:10:00,evening,4.29,0.8,4,378
W040,16-01-2026,984,3.8,14,17:10:00,afternoon,4.29,0.79,3,367
W040,17-01-2026,1065,6.7,15,18:10:00,morning,4.37,0.8,3,314
W040,19-01-2026,710,6.1,8,19:10:00,afternoon,4.07,0.8,3,357
W040,22-01-2026,269,5.7,5,20:10:00,evening,4.22,0.81,4,334
W040,23-01-2026,1015,6.9,12,21:10:00,afternoon,4.19,0.72,4,423
W040,24-01-2026,865,4.8,14,22:10:00,night,4.47,0.79,2,342
W040,25-01-2026,1051,3.6,14,23:10:00,night,4.03,0.77,2,314
W040,26-01-2026,441,7.3,5,00:10:00,night,4.01,0.72,3,300
W040,27-01-2026,200,5.3,5,01:10:00,night,4.12,0.78,3,403
W040,29-01-2026,911,6.4,12,02:10:00,evening,4.33,0.81,3,394
W040,30-01-2026,1514,7.6,22,03:10:00,afternoon,4.42,0.84,2,397
W040,31-01-2026,514,4.1,8,04:10:00,morning,4.39,0.84,3,396
W040,01-02-2026,737,3.9,10,05:10:00,afternoon,4.02,0.78,2,400
W040,02-02-2026,704,6.9,12,06:10:00,evening,4.47,0.81,2,332
W040,03-02-2026,1520,3.9,21,07:10:00,afternoon,4.15,0.77,2,408
W040,04-02-2026,1227,5.1,19,08:10:00,night,4.3,0.73,3,402
W040,05-02-2026,407,7.4,5,09:10:00,morning,4.4,0.79,2,371
W040,06-02-2026,1264,6,16,10:10:00,night,4.21,0.73,3,399
W040,07-02-2026,1262,5.7,16,11:10:00,afternoon,4.37,0.83,4,443
W040,08-02-2026,350,6.4,5,12:10:00,night,4,0.79,2,424
W040,09-02-2026,979,6.5,11,13:10:00,morning,4.34,0.84,3,422
W040,10-02-2026,1188,3.4,15,14:10:00,night,4.07,0.79,4,329
W040,11-02-2026,200,4,5,15:10:00,night,4.24,0.84,2,394
W040,12-02-2026,676,7.3,11,16:10:00,night,4.4,0.76,2,432
W040,13-02-2026,1226,6.2,18,17:10:00,evening,4.27,0.77,2,401
W040,14-02-2026,1418,4.5,21,18:10:00,night,4.46,0.85,2,413
W040,16-02-2026,1113,3.7,14,19:10:00,evening,4.49,0.8,3,375
W040,17-02-2026,833,5.4,13,20:10:00,evening,4.48,0.82,3,411
W040,18-02-2026,330,6.3,5,21:10:00,afternoon,4.46,0.82,3,343
W040,19-02-2026,339,5.9,5,22:10:00,evening,4.31,0.74,3,444
W040,21-02-2026,820,4.5,12,23:10:00,evening,4.44,0.76,4,358
W040,23-02-2026,1021,5.8,13,00:10:00,evening,4.17,0.71,2,361
W040,24-02-2026,454,3.2,8,01:10:00,night,4.09,0.75,4,416
W040,25-02-2026,765,5,9,02:10:00,night,4.4,0.74,4,352
W040,27-02-2026,538,3.1,7,03:10:00,morning,4.05,0.76,4,377
W040,28-02-2026,408,4,5,04:10:00,night,4.49,0.73,3,402
W041,05-01-2026,609,6.9,6,05:10:00,night,4.45,0.83,1,297
W041,07-01-2026,1039,4.3,15,06:10:00,morning,4.34,0.85,2,283
W041,08-01-2026,1196,4.5,17,07:10:00,evening,4.56,0.81,2,204
W041,09-01-2026,844,4.5,14,08:10:00,afternoon,4.54,0.86,2,260
W041,10-01-2026,966,7.6,14,09:10:00,evening,4.68,0.83,1,234
W041,11-01-2026,912,5,15,10:10:00,night,4.52,0.85,2,280
W041,12-01-2026,799,3.1,12,11:10:00,evening,4.44,0.89,2,189
W041,13-01-2026,791,4,12,12:10:00,morning,4.53,0.85,1,191
W041,14-01-2026,770,5.4,10,13:10:00,afternoon,4.41,0.85,2,247
W041,15-01-2026,832,5.1,12,14:10:00,night,4.34,0.83,2,279
W041,16-01-2026,1206,5.3,19,15:10:00,evening,4.46,0.87,1,281
W041,17-01-2026,1202,6.3,16,16:10:00,morning,4.69,0.81,2,241
W041,18-01-2026,739,6.7,12,17:10:00,evening,4.34,0.89,1,246
W041,19-01-2026,1075,4.3,15,18:10:00,morning,4.56,0.89,2,273
W041,20-01-2026,567,3.2,8,19:10:00,evening,4.35,0.88,2,207
W041,21-01-2026,904,4.9,11,20:10:00,afternoon,4.38,0.81,1,224
W041,22-01-2026,1459,3.5,20,21:10:00,morning,4.41,0.89,1,289
W041,23-01-2026,775,3.9,13,22:10:00,night,4.39,0.81,1,202
W041,24-01-2026,697,7.2,10,23:10:00,morning,4.31,0.8,1,204
W041,25-01-2026,1155,6.8,15,00:10:00,afternoon,4.65,0.89,1,206
W041,26-01-2026,1051,6.3,14,01:10:00,night,4.69,0.8,2,257
W041,27-01-2026,795,7.5,12,02:10:00,morning,4.4,0.85,2,228
W041,28-01-2026,907,4.2,11,03:10:00,afternoon,4.32,0.81,1,186
W041,29-01-2026,1430,3.4,20,04:10:00,morning,4.63,0.83,1,237
W041,30-01-2026,995,5.1,15,05:10:00,evening,4.41,0.85,2,189
W041,01-02-2026,366,4.2,6,06:10:00,night,4.35,0.89,2,242
W041,02-02-2026,1148,5.1,17,07:10:00,afternoon,4.55,0.87,1,228
W041,03-02-2026,649,6.4,7,08:10:00,morning,4.36,0.89,1,275
W041,05-02-2026,1132,6.7,15,09:10:00,night,4.44,0.87,1,215
W041,06-02-2026,1037,7.5,13,10:10:00,night,4.39,0.89,1,197
W041,07-02-2026,964,3.7,14,11:10:00,evening,4.31,0.82,2,197
W041,08-02-2026,987,6,12,12:10:00,morning,4.44,0.8,1,216
W041,09-02-2026,904,6,14,13:10:00,night,4.4,0.81,1,185
W041,10-02-2026,662,7.7,7,14:10:00,afternoon,4.61,0.86,2,216
W041,11-02-2026,1014,4.8,14,15:10:00,night,4.55,0.86,2,216
W041,13-02-2026,1444,4.3,19,16:10:00,evening,4.37,0.88,1,261
W041,14-02-2026,825,4.5,11,17:10:00,evening,4.58,0.81,1,265
W041,15-02-2026,683,3.4,7,18:10:00,night,4.33,0.86,1,216
W041,16-02-2026,1207,7.9,17,19:10:00,night,4.35,0.8,1,249
W041,17-02-2026,690,3.3,9,20:10:00,afternoon,4.46,0.88,2,244
W041,18-02-2026,1149,5.6,18,21:10:00,morning,4.66,0.86,1,231
W041,19-02-2026,849,6.9,13,22:10:00,afternoon,4.46,0.84,1,244
W041,20-02-2026,833,4.3,12,23:10:00,afternoon,4.34,0.89,1,287
W041,21-02-2026,697,7.4,11,00:10:00,night,4.49,0.86,1,262
W041,22-02-2026,757,6.3,12,01:10:00,evening,4.46,0.86,1,244
W041,23-02-2026,959,4.6,14,02:10:00,evening,4.68,0.86,2,216
W041,24-02-2026,808,4.5,12,03:10:00,night,4.42,0.85,2,234
W041,25-02-2026,638,3.5,10,04:10:00,morning,4.31,0.89,1,296
W041,26-02-2026,1439,7.7,21,05:10:00,night,4.53,0.87,2,263
W041,27-02-2026,563,4.1,8,06:10:00,evening,4.46,0.83,1,195
W041,28-02-2026,787,3.2,9,07:10:00,night,4.61,0.84,2,223
W041,01-03-2026,1430,4.2,22,08:10:00,night,4.42,0.84,1,204
W042,11-01-2026,450,6,7,09:10:00,night,4.11,0.84,3,397
W042,12-01-2026,438,4.7,8,10:10:00,afternoon,4.32,0.76,4,366
W042,13-01-2026,200,4.1,5,11:10:00,evening,4.09,0.78,2,441
W042,14-01-2026,1099,5.3,13,12:10:00,afternoon,4.1,0.82,4,445
W042,16-01-2026,927,7,15,13:10:00,night,4.41,0.84,2,375
W042,17-01-2026,743,6,12,14:10:00,morning,4.31,0.71,2,349
W042,18-01-2026,253,6.4,5,15:10:00,night,4.09,0.84,3,338
W042,19-01-2026,200,6.8,5,16:10:00,night,4.42,0.78,4,354
W042,20-01-2026,1012,5.6,14,17:10:00,night,4.12,0.82,4,330
W042,22-01-2026,1584,4.7,21,18:10:00,afternoon,4.46,0.78,4,415
W042,23-01-2026,1482,3.4,23,19:10:00,afternoon,4.42,0.79,3,312
W042,24-01-2026,847,4.8,14,20:10:00,night,4.04,0.78,4,418
W042,26-01-2026,1724,4.6,23,21:10:00,morning,4.4,0.82,2,367
W042,29-01-2026,2053,5.5,27,22:10:00,night,4.18,0.77,3,398
W042,30-01-2026,280,3.5,5,23:10:00,evening,4.06,0.82,2,340
W042,31-01-2026,926,7.1,14,00:10:00,morning,4.43,0.73,4,373
W042,01-02-2026,833,3.7,12,01:10:00,morning,4.14,0.75,4,387
W042,02-02-2026,1181,6.3,17,02:10:00,afternoon,4.42,0.74,4,420
W042,03-02-2026,1010,5.2,16,03:10:00,night,4.28,0.7,4,311
W042,04-02-2026,1002,4.1,15,04:10:00,morning,4.05,0.7,4,362
W042,05-02-2026,811,4.4,11,05:10:00,night,4.5,0.77,3,356
W042,07-02-2026,664,5.4,9,06:10:00,night,4.26,0.73,2,421
W042,08-02-2026,1472,5.5,21,07:10:00,afternoon,4.34,0.72,2,352
W042,09-02-2026,1267,7.2,17,08:10:00,night,4.5,0.73,3,437
W042,10-02-2026,1121,3.6,16,09:10:00,night,4.09,0.75,2,335
W042,11-02-2026,1465,6.4,19,10:10:00,afternoon,4.35,0.81,2,411
W042,12-02-2026,1041,6.5,12,11:10:00,afternoon,4.19,0.76,2,445
W042,13-02-2026,752,3.5,8,12:10:00,evening,4.24,0.77,4,379
W042,14-02-2026,752,5.6,11,13:10:00,night,4.1,0.79,2,306
W042,16-02-2026,970,7.3,13,14:10:00,evening,4.4,0.76,4,418
W042,17-02-2026,772,4.7,11,15:10:00,night,4.33,0.84,2,384
W042,18-02-2026,825,4.6,10,16:10:00,evening,4.26,0.76,3,362
W042,19-02-2026,930,5.2,11,17:10:00,night,4.15,0.79,2,300
W042,20-02-2026,405,5.9,5,18:10:00,morning,4.12,0.84,3,353
W042,21-02-2026,1313,3.1,19,19:10:00,evening,4.04,0.81,3,434
W042,25-02-2026,884,3.8,12,20:10:00,night,4.29,0.82,4,372
W042,28-02-2026,686,5.3,8,21:10:00,night,4.16,0.83,3,346
W043,10-01-2026,319,4.8,6,22:10:00,night,4.45,0.86,2,253
W043,11-01-2026,792,3.2,10,23:10:00,evening,4.36,0.83,1,200
W043,12-01-2026,911,4.3,14,00:10:00,evening,4.46,0.89,2,227
W043,14-01-2026,1097,3.4,16,01:10:00,evening,4.52,0.85,1,219
W043,16-01-2026,1592,4.1,23,02:10:00,night,4.66,0.87,2,205
W043,18-01-2026,688,6,7,03:10:00,morning,4.34,0.82,2,287
W043,19-01-2026,763,7.5,8,04:10:00,night,4.39,0.83,2,269
W043,22-01-2026,707,5.9,12,05:10:00,morning,4.61,0.85,1,241
W043,23-01-2026,607,4.2,6,06:10:00,night,4.49,0.81,2,223
W043,24-01-2026,656,4.7,8,07:10:00,morning,4.65,0.86,2,253
W043,25-01-2026,523,4.4,9,08:10:00,afternoon,4.57,0.85,2,293
W043,26-01-2026,857,7.6,11,09:10:00,night,4.47,0.86,2,237
W043,28-01-2026,1016,4.1,16,10:10:00,afternoon,4.45,0.87,2,214
W043,29-01-2026,897,3.3,11,11:10:00,afternoon,4.44,0.89,1,214
W043,30-01-2026,668,4.6,9,12:10:00,morning,4.55,0.83,1,207
W043,31-01-2026,946,6.4,13,13:10:00,night,4.5,0.89,2,214
W043,01-02-2026,1002,3.2,14,14:10:00,evening,4.43,0.9,1,241
W043,02-02-2026,1160,7.8,14,15:10:00,night,4.57,0.83,1,246
W043,04-02-2026,1163,7.1,16,16:10:00,night,4.67,0.84,2,191
W043,05-02-2026,1058,7.2,17,17:10:00,morning,4.53,0.84,1,221
W043,07-02-2026,1039,7,16,18:10:00,night,4.61,0.87,1,239
W043,08-02-2026,717,4.9,12,19:10:00,afternoon,4.54,0.88,2,290
W043,11-02-2026,754,7.7,8,20:10:00,evening,4.36,0.84,1,298
W043,12-02-2026,1028,3.9,15,21:10:00,evening,4.67,0.89,2,222
W043,14-02-2026,806,3.7,10,22:10:00,evening,4.55,0.86,2,266
W043,16-02-2026,1002,4.1,16,23:10:00,afternoon,4.57,0.87,2,220
W043,17-02-2026,1041,4.7,15,00:10:00,night,4.47,0.85,1,204
W043,19-02-2026,1285,7.2,17,01:10:00,morning,4.46,0.85,2,236
W043,20-02-2026,883,5.4,14,02:10:00,morning,4.56,0.83,2,277
W043,21-02-2026,407,7.1,7,03:10:00,evening,4.38,0.87,2,221
W043,23-02-2026,1290,3.1,16,04:10:00,night,4.59,0.87,2,190
W043,24-02-2026,1078,7.7,13,05:10:00,morning,4.47,0.88,2,195
W043,25-02-2026,603,3.7,8,06:10:00,night,4.62,0.88,2,237
W043,26-02-2026,1107,7.8,13,07:10:00,night,4.68,0.89,2,220
W043,28-02-2026,990,3.1,14,08:10:00,morning,4.68,0.88,2,209
W044,05-01-2026,1071,7.6,15,09:10:00,night,4.95,0.95,1,118
W044,06-01-2026,1214,3.1,18,10:10:00,night,4.65,0.96,1,154
W044,07-01-2026,1038,4.3,13,11:10:00,night,4.9,0.98,0,138
W044,08-01-2026,753,7.2,11,12:10:00,afternoon,4.61,0.98,1,159
W044,09-01-2026,859,7.9,10,13:10:00,afternoon,4.75,0.98,1,179
W044,10-01-2026,1028,6.8,13,14:10:00,evening,4.79,0.98,1,103
W044,11-01-2026,1072,7.8,13,15:10:00,night,4.86,0.92,1,101
W044,12-01-2026,1189,6,14,16:10:00,morning,4.81,0.96,0,120
W044,13-01-2026,1114,6.4,16,17:10:00,afternoon,4.92,0.91,1,168
W044,14-01-2026,1177,5.6,16,18:10:00,evening,4.62,0.97,0,129
W044,16-01-2026,1064,5.1,17,19:10:00,afternoon,4.69,0.96,0,136
W044,17-01-2026,1181,4,18,20:10:00,afternoon,4.69,0.95,0,177
W044,19-01-2026,972,6.4,14,21:10:00,night,5,0.92,1,163
W044,20-01-2026,1103,7.6,17,22:10:00,afternoon,4.78,0.92,1,144
W044,21-01-2026,1288,4.5,17,23:10:00,afternoon,4.97,0.92,1,108
W044,22-01-2026,865,4.4,13,00:10:00,night,4.73,0.92,0,174
W044,23-01-2026,987,4.5,14,01:10:00,night,4.72,0.97,0,170
W044,26-01-2026,1420,4.1,20,02:10:00,night,4.94,0.9,1,160
W044,27-01-2026,1090,6.9,15,03:10:00,evening,4.98,0.97,0,177
W044,28-01-2026,1319,6.2,16,04:10:00,afternoon,4.7,0.96,1,176
W044,29-01-2026,1076,7.7,14,05:10:00,evening,4.81,0.94,0,106
W044,30-01-2026,1112,4.6,16,06:10:00,morning,4.85,0.94,1,127
W044,31-01-2026,1109,6.3,17,07:10:00,night,4.61,0.93,0,117
W044,01-02-2026,1321,3.1,18,08:10:00,night,4.77,0.93,0,138
W044,02-02-2026,1037,5.4,14,09:10:00,night,4.76,0.97,0,116
W044,03-02-2026,965,4.7,13,10:10:00,evening,4.65,0.97,0,176
W044,04-02-2026,1333,7.2,21,11:10:00,evening,4.65,0.95,0,128
W044,05-02-2026,1180,3.5,14,12:10:00,morning,4.95,0.92,1,117
W044,06-02-2026,1248,6.5,15,13:10:00,night,4.71,0.96,1,124
W044,07-02-2026,1208,4.7,15,14:10:00,night,4.71,0.97,1,163
W044,09-02-2026,772,4.8,13,15:10:00,night,4.64,0.97,1,138
W044,11-02-2026,848,5.6,13,16:10:00,evening,4.94,0.94,1,101
W044,12-02-2026,1133,4.9,15,17:10:00,evening,4.98,0.92,0,130
W044,13-02-2026,1173,4.4,15,18:10:00,night,4.82,0.94,1,171
W044,14-02-2026,1190,3.4,15,19:10:00,evening,4.83,0.94,0,116
W044,16-02-2026,1250,5.1,17,20:10:00,night,4.73,0.93,1,136
W044,19-02-2026,1057,3.3,17,21:10:00,morning,4.75,0.95,1,156
W044,20-02-2026,1151,3.2,18,22:10:00,morning,4.66,0.96,0,158
W044,21-02-2026,1108,6.8,16,23:10:00,night,4.75,0.94,0,147
W044,22-02-2026,814,5.6,9,00:10:00,evening,4.66,0.95,0,145
W044,23-02-2026,1079,4.8,17,01:10:00,night,4.91,0.9,1,115
W044,24-02-2026,1142,6.9,16,02:10:00,afternoon,4.71,0.97,0,151
W044,25-02-2026,1087,5.7,13,03:10:00,night,4.74,0.91,0,176
W044,26-02-2026,1049,5.2,14,04:10:00,night,4.61,0.95,1,141
W044,27-02-2026,1144,7,14,05:10:00,night,4.76,0.96,1,167
W044,28-02-2026,1013,5.2,12,06:10:00,morning,4.94,0.93,1,114
W044,01-03-2026,1020,3.7,14,07:10:00,morning,4.84,0.9,0,158
W045,10-01-2026,1111,4.4,16,08:10:00,evening,4.86,0.92,1,161
W045,11-01-2026,1170,6,16,09:10:00,afternoon,4.81,0.96,0,107
W045,12-01-2026,1298,5.3,17,10:10:00,evening,4.7,0.95,1,163
W045,13-01-2026,975,4.2,14,11:10:00,night,4.93,0.9,1,111
W045,14-01-2026,1027,4.4,16,12:10:00,morning,4.64,0.94,0,172
W045,15-01-2026,1102,3.8,15,13:10:00,night,4.82,0.92,1,165
W045,16-01-2026,1275,4,19,14:10:00,morning,4.95,0.91,0,151
W045,17-01-2026,1168,4.5,17,15:10:00,night,4.91,0.95,1,118
W045,18-01-2026,1257,4.3,19,16:10:00,evening,4.84,0.97,1,112
W045,19-01-2026,1072,3.9,14,17:10:00,night,4.66,0.95,1,177
W045,20-01-2026,1314,6.4,17,18:10:00,night,4.66,0.94,1,126
W045,21-01-2026,1160,6.2,14,19:10:00,evening,4.91,0.91,1,144
W045,22-01-2026,1141,6.4,14,20:10:00,evening,4.63,0.96,0,127
W045,23-01-2026,1273,7.5,17,21:10:00,evening,4.74,0.98,0,130
W045,24-01-2026,841,3.7,11,22:10:00,night,4.62,0.97,1,137
W045,25-01-2026,1167,6.7,18,23:10:00,afternoon,4.83,0.96,1,179
W045,26-01-2026,1045,6.1,14,00:10:00,afternoon,4.76,0.97,1,134
W045,27-01-2026,924,6.9,12,01:10:00,afternoon,4.71,0.93,1,146
W045,28-01-2026,864,6.4,12,02:10:00,morning,4.93,0.97,1,122
W045,30-01-2026,1069,7.3,13,03:10:00,afternoon,4.85,0.91,0,124
W045,02-02-2026,1071,5.7,17,04:10:00,morning,4.9,0.98,0,108
W045,04-02-2026,975,7.4,14,05:10:00,night,4.79,0.97,1,179
W045,06-02-2026,1281,5.9,19,06:10:00,night,4.82,0.91,1,131
W045,07-02-2026,1291,6.9,19,07:10:00,morning,4.63,0.96,0,153
W045,08-02-2026,1007,4.1,16,08:10:00,morning,4.68,0.98,1,160
W045,09-02-2026,1159,6.8,16,09:10:00,night,4.74,0.96,1,128
W045,11-02-2026,1193,3.7,17,10:10:00,night,4.95,0.97,0,118
W045,12-02-2026,1251,4.2,19,11:10:00,night,4.83,0.93,1,176
W045,13-02-2026,821,4,12,12:10:00,night,4.99,0.95,1,171
W045,14-02-2026,1286,7.5,19,13:10:00,night,4.63,0.93,1,127
W045,15-02-2026,1302,7.5,18,14:10:00,night,4.88,0.94,0,153
W045,16-02-2026,1130,6.7,17,15:10:00,night,4.9,0.95,0,167
W045,18-02-2026,1232,4,19,16:10:00,evening,4.82,0.92,1,146
W045,19-02-2026,1250,5.6,18,17:10:00,afternoon,5,0.96,0,115
W045,20-02-2026,1114,5.2,17,18:10:00,morning,4.63,0.91,0,102
W045,21-02-2026,994,4.6,16,19:10:00,night,4.9,0.95,0,104
W045,22-02-2026,1075,3.8,15,20:10:00,morning,4.84,0.97,0,142
W045,23-02-2026,1135,7.9,16,21:10:00,evening,4.88,0.91,0,145
W045,25-02-2026,1243,6.3,15,22:10:00,afternoon,4.61,0.92,1,107
W045,26-02-2026,1254,7.3,19,23:10:00,night,4.68,0.96,0,170
W046,10-01-2026,1405,5,22,00:10:00,morning,4.89,0.97,0,158
W046,11-01-2026,1305,4.3,18,01:10:00,morning,4.94,0.91,0,108
W046,12-01-2026,1212,5.3,16,02:10:00,night,4.96,0.93,0,176
W046,13-01-2026,1247,4.4,16,03:10:00,morning,4.71,0.93,0,137
W046,15-01-2026,870,3.2,14,04:10:00,night,4.75,0.93,1,110
W046,16-01-2026,1301,4.4,17,05:10:00,afternoon,4.8,0.94,1,145
W046,17-01-2026,1336,7,19,06:10:00,afternoon,4.69,0.95,0,123
W046,18-01-2026,1031,5.1,13,07:10:00,night,4.74,0.98,0,156
W046,19-01-2026,651,4.3,7,08:10:00,afternoon,4.77,0.98,1,101
W046,20-01-2026,1023,7,14,09:10:00,evening,4.81,0.95,0,124
W046,21-01-2026,1110,7.3,13,10:10:00,afternoon,4.81,0.98,0,131
W046,22-01-2026,1187,5.8,17,11:10:00,night,4.63,0.97,1,144
W046,23-01-2026,1093,7.5,14,12:10:00,morning,4.65,0.93,0,126
W046,25-01-2026,1299,3.3,19,13:10:00,night,4.86,0.95,1,173
W046,26-01-2026,1115,7.9,14,14:10:00,night,4.87,0.9,0,156
W046,28-01-2026,1153,7.3,16,15:10:00,night,4.74,0.93,1,143
W046,31-01-2026,944,6.2,13,16:10:00,afternoon,4.92,0.97,1,125
W046,01-02-2026,1005,3.1,15,17:10:00,afternoon,4.72,0.97,0,159
W046,02-02-2026,1108,7.3,15,18:10:00,night,4.89,0.95,0,161
W046,04-02-2026,1249,3.4,19,19:10:00,morning,4.89,0.93,0,156
W046,05-02-2026,1013,5.4,14,20:10:00,afternoon,4.75,0.97,0,118
W046,06-02-2026,963,4.5,14,21:10:00,afternoon,4.98,0.94,1,164
W046,07-02-2026,912,3.9,13,22:10:00,morning,4.67,0.95,1,122
W046,08-02-2026,1209,5.2,15,23:10:00,afternoon,4.71,0.92,1,145
W046,09-02-2026,925,5.8,13,00:10:00,night,4.71,0.93,1,169
W046,10-02-2026,1054,3.5,17,01:10:00,night,4.68,0.96,1,166
W046,11-02-2026,1132,7.6,14,02:10:00,morning,4.85,0.98,0,116
W046,12-02-2026,1072,5.5,14,03:10:00,morning,4.86,0.93,0,176
W046,13-02-2026,992,3.6,12,04:10:00,morning,4.84,0.96,0,128
W046,14-02-2026,1173,3.2,15,05:10:00,afternoon,4.68,0.91,1,157
W046,15-02-2026,1291,3.7,17,06:10:00,afternoon,4.84,0.92,0,131
W046,16-02-2026,1004,5.8,14,07:10:00,evening,4.63,0.91,1,152
W046,18-02-2026,1309,5.5,20,08:10:00,night,4.73,0.95,0,168
W046,19-02-2026,1427,3.1,21,09:10:00,night,4.8,0.97,0,105
W046,20-02-2026,980,7.5,15,10:10:00,night,4.9,0.91,1,120
W046,21-02-2026,965,3.5,12,11:10:00,morning,4.75,0.91,0,113
W046,22-02-2026,935,8,14,12:10:00,evening,4.75,0.97,1,110
W046,23-02-2026,1326,6.6,17,13:10:00,night,4.7,0.96,0,128
W046,24-02-2026,911,3.8,14,14:10:00,night,4.97,0.91,0,143
W046,25-02-2026,1115,6.4,14,15:10:00,evening,4.86,0.92,0,117
W046,26-02-2026,875,5.9,14,16:10:00,afternoon,4.94,0.95,1,131
W046,27-02-2026,1090,6.2,13,17:10:00,evening,4.85,0.93,1,130
W046,28-02-2026,1113,6.9,14,18:10:00,morning,4.94,0.91,0,129
W046,01-03-2026,1233,3.3,19,19:10:00,afternoon,4.61,0.97,0,163
W047,04-01-2026,1130,4.2,14,20:10:00,evening,4.94,0.93,1,127
W047,05-01-2026,885,3.8,14,21:10:00,night,4.63,0.95,1,173
W047,06-01-2026,1037,6.9,14,22:10:00,morning,4.71,0.94,0,113
W047,09-01-2026,880,7.9,12,23:10:00,night,4.76,0.96,0,164
W047,10-01-2026,1149,6.5,17,00:10:00,afternoon,4.8,0.92,0,154
W047,11-01-2026,1018,5.1,15,01:10:00,night,4.81,0.96,1,118
W047,13-01-2026,939,6.6,12,02:10:00,afternoon,4.95,0.94,0,109
W047,14-01-2026,959,3,12,03:10:00,morning,4.72,0.93,0,167
W047,15-01-2026,952,5.7,14,04:10:00,morning,4.82,0.96,1,143
W047,16-01-2026,1230,6.9,18,05:10:00,night,5,0.98,1,162
W047,17-01-2026,1000,5.6,12,06:10:00,night,4.71,0.91,0,148
W047,18-01-2026,897,4.8,13,07:10:00,night,4.7,0.94,0,107
W047,19-01-2026,1019,4.1,12,08:10:00,night,4.85,0.96,0,115
W047,20-01-2026,1087,3.4,17,09:10:00,afternoon,4.78,0.9,0,148
W047,21-01-2026,1311,4.8,20,10:10:00,evening,4.99,0.92,0,167
W047,22-01-2026,927,5.5,13,11:10:00,morning,4.87,0.92,1,153
W047,23-01-2026,1431,6.8,22,12:10:00,night,4.82,0.95,1,102
W047,25-01-2026,1045,5.9,13,13:10:00,evening,4.63,0.94,1,118
W047,28-01-2026,1065,7.2,17,14:10:00,morning,4.8,0.91,0,162
W047,29-01-2026,1052,6.5,13,15:10:00,morning,4.99,0.93,1,121
W047,31-01-2026,959,5.2,15,16:10:00,night,4.96,0.9,1,126
W047,01-02-2026,1032,4.8,13,17:10:00,night,4.82,0.92,1,113
W047,02-02-2026,1062,7.6,13,18:10:00,evening,4.61,0.98,0,170
W047,03-02-2026,929,3.1,11,19:10:00,morning,4.96,0.91,0,133
W047,04-02-2026,1021,7.8,15,20:10:00,morning,4.91,0.92,0,173
W047,05-02-2026,1304,7.3,18,21:10:00,night,4.8,0.92,1,166
W047,06-02-2026,1188,6.3,17,22:10:00,night,4.91,0.95,0,176
W047,07-02-2026,1146,3.4,16,23:10:00,evening,4.69,0.92,0,124
W047,08-02-2026,1025,5.4,13,00:10:00,evening,4.62,0.97,0,116
W047,09-02-2026,932,3.7,14,01:10:00,morning,4.68,0.94,1,139
W047,11-02-2026,881,6.5,14,02:10:00,evening,4.66,0.95,0,159
W047,12-02-2026,1213,6.3,17,03:10:00,night,4.8,0.91,0,150
W047,13-02-2026,1053,7.3,17,04:10:00,morning,4.63,0.97,1,151
W047,15-02-2026,954,6.7,12,05:10:00,night,4.85,0.93,0,169
W047,17-02-2026,1191,4.7,19,06:10:00,night,4.67,0.96,1,130
W047,18-02-2026,1075,5.6,15,07:10:00,morning,4.95,0.97,0,178
W047,19-02-2026,1009,5.7,15,08:10:00,night,4.63,0.92,1,143
W047,21-02-2026,921,7.1,14,09:10:00,evening,4.89,0.94,1,140
W047,22-02-2026,1181,6.7,14,10:10:00,evening,4.83,0.93,1,133
W047,23-02-2026,1233,6,18,11:10:00,night,4.61,0.97,0,122
W047,24-02-2026,1140,5.3,18,12:10:00,night,4.63,0.92,1,119
W047,25-02-2026,1147,7,16,13:10:00,afternoon,4.79,0.97,1,170
W047,27-02-2026,1188,7.5,14,14:10:00,night,4.95,0.93,0,167
W047,28-02-2026,1017,5.2,13,15:10:00,night,4.79,0.98,1,103
W047,01-03-2026,954,6.4,11,16:10:00,night,4.83,0.93,1,172
W048,07-01-2026,1057,5,16,17:10:00,night,4.32,0.82,2,291
W048,08-01-2026,826,5.1,11,18:10:00,morning,4.53,0.85,1,191
W048,09-01-2026,1069,3.9,15,19:10:00,evening,4.31,0.88,2,197
W048,10-01-2026,607,7.5,8,20:10:00,afternoon,4.32,0.86,1,265
W048,11-01-2026,1606,5.4,23,21:10:00,afternoon,4.33,0.86,2,229
W048,12-01-2026,675,5.8,7,22:10:00,evening,4.53,0.82,2,259
W048,14-01-2026,1112,7.7,17,23:10:00,night,4.48,0.84,2,267
W048,15-01-2026,764,3.5,9,00:10:00,afternoon,4.53,0.81,2,183
W048,16-01-2026,1149,5.4,15,01:10:00,evening,4.66,0.83,1,198
W048,17-01-2026,1182,3.8,18,02:10:00,night,4.37,0.83,2,224
W048,18-01-2026,1148,5.5,16,03:10:00,evening,4.59,0.87,1,219
W048,20-01-2026,549,6.9,5,04:10:00,evening,4.67,0.81,2,292
W048,21-01-2026,1114,4.5,15,05:10:00,afternoon,4.32,0.81,1,230
W048,22-01-2026,717,4.5,12,06:10:00,evening,4.67,0.84,2,237
W048,24-01-2026,597,3,6,07:10:00,night,4.6,0.84,1,243
W048,25-01-2026,1056,5.8,15,08:10:00,morning,4.43,0.86,2,286
W048,26-01-2026,935,5.8,12,09:10:00,night,4.61,0.84,1,250
W048,27-01-2026,663,5.3,9,10:10:00,afternoon,4.61,0.82,2,242
W048,29-01-2026,921,5.1,11,11:10:00,morning,4.31,0.84,2,295
W048,30-01-2026,550,6,6,12:10:00,night,4.36,0.8,1,284
W048,31-01-2026,1193,4.9,16,13:10:00,afternoon,4.45,0.84,1,217
W048,01-02-2026,835,3.6,13,14:10:00,afternoon,4.44,0.82,2,189
W048,03-02-2026,1012,5.4,16,15:10:00,morning,4.63,0.8,2,188
W048,04-02-2026,698,3.6,8,16:10:00,evening,4.37,0.84,1,209
W048,05-02-2026,787,4,10,17:10:00,evening,4.66,0.84,1,289
W048,07-02-2026,872,7,13,18:10:00,morning,4.33,0.88,1,254
W048,08-02-2026,708,6.4,8,19:10:00,night,4.47,0.83,1,181
W048,09-02-2026,561,3.5,7,20:10:00,night,4.58,0.82,1,243
W048,10-02-2026,741,7.7,10,21:10:00,morning,4.48,0.81,2,203
W048,11-02-2026,940,3.4,15,22:10:00,morning,4.62,0.9,2,262
W048,13-02-2026,992,8,15,23:10:00,morning,4.34,0.82,1,181
W048,14-02-2026,1241,5.7,15,00:10:00,afternoon,4.62,0.86,2,229
W048,15-02-2026,1005,7.7,15,01:10:00,afternoon,4.4,0.86,1,291
W048,16-02-2026,1226,7,17,02:10:00,morning,4.46,0.82,2,216
W048,17-02-2026,392,5.8,5,03:10:00,afternoon,4.58,0.87,1,297
W048,18-02-2026,640,5.9,7,04:10:00,evening,4.51,0.84,1,209
W048,19-02-2026,1132,7.7,15,05:10:00,afternoon,4.54,0.86,2,282
W048,20-02-2026,1276,6.7,20,06:10:00,night,4.59,0.9,2,262
W048,21-02-2026,453,5.7,6,07:10:00,morning,4.53,0.88,2,192
W048,23-02-2026,591,7.3,9,08:10:00,night,4.54,0.88,2,216
W048,24-02-2026,925,3.1,11,09:10:00,morning,4.54,0.82,2,266
W048,25-02-2026,846,6.6,13,10:10:00,evening,4.31,0.89,1,295
W048,27-02-2026,745,6.5,10,11:10:00,evening,4.62,0.88,1,285
W048,28-02-2026,852,4.5,10,12:10:00,night,4.53,0.82,2,257
W048,01-03-2026,595,7.6,9,13:10:00,evening,4.36,0.87,1,182
W049,09-01-2026,973,5.3,14,14:10:00,afternoon,4.81,0.94,0,173
W049,10-01-2026,825,5,11,15:10:00,night,4.98,0.98,1,172
W049,11-01-2026,1024,7.1,16,16:10:00,night,4.72,0.92,1,117
W049,12-01-2026,966,3.2,12,17:10:00,morning,4.98,0.92,0,163
W049,13-01-2026,815,5.7,13,18:10:00,morning,4.81,0.93,1,125
W049,14-01-2026,1035,5.3,13,19:10:00,afternoon,4.96,0.97,0,109
W049,15-01-2026,1027,4,13,20:10:00,night,4.64,0.97,0,113
W049,16-01-2026,960,3.5,13,21:10:00,morning,4.87,0.96,1,115
W049,18-01-2026,1186,6.9,17,22:10:00,night,4.74,0.92,1,165
W049,19-01-2026,846,7.6,12,23:10:00,afternoon,4.85,0.93,0,161
W049,20-01-2026,1121,4.3,14,00:10:00,night,4.67,0.91,1,112
W049,23-01-2026,1067,7.3,17,01:10:00,evening,4.65,0.93,0,135
W049,24-01-2026,1089,7.6,14,02:10:00,night,4.61,0.91,1,156
W049,25-01-2026,1257,4.9,19,03:10:00,evening,4.63,0.96,0,114
W049,26-01-2026,1290,6.5,20,04:10:00,morning,4.91,0.97,1,154
W049,27-01-2026,1081,4.5,16,05:10:00,morning,4.83,0.98,0,110
W049,28-01-2026,1065,6,17,06:10:00,night,4.79,0.97,1,148
W049,29-01-2026,1045,7.3,15,07:10:00,night,4.77,0.93,0,108
W049,30-01-2026,1380,7.3,20,08:10:00,morning,4.96,0.93,1,168
W049,31-01-2026,1287,4.7,19,09:10:00,morning,4.85,0.91,0,145
W049,01-02-2026,1282,3.8,18,10:10:00,evening,4.87,0.96,1,170
W049,02-02-2026,1228,3.9,16,11:10:00,morning,4.68,0.98,0,157
W049,03-02-2026,711,7.2,8,12:10:00,night,4.89,0.93,1,162
W049,04-02-2026,1059,5.5,15,13:10:00,evening,4.88,0.94,1,155
W049,05-02-2026,1350,4,19,14:10:00,morning,4.61,0.91,0,156
W049,06-02-2026,916,6.6,12,15:10:00,night,4.68,0.95,1,151
W049,08-02-2026,1166,3,16,16:10:00,morning,4.68,0.92,0,118
W049,09-02-2026,1133,3.3,18,17:10:00,evening,4.66,0.97,0,135
W049,10-02-2026,1341,7.9,18,18:10:00,afternoon,4.74,0.98,0,177
W049,12-02-2026,1546,6.4,21,19:10:00,afternoon,4.86,0.93,0,132
W049,13-02-2026,1042,6.5,16,20:10:00,night,4.71,0.97,0,127
W049,15-02-2026,1087,5.9,17,21:10:00,afternoon,4.66,0.91,0,150
W049,18-02-2026,979,7.9,12,22:10:00,morning,4.95,0.96,0,134
W049,19-02-2026,1113,3.3,15,23:10:00,evening,4.66,0.94,0,106
W049,20-02-2026,1018,3.7,12,00:10:00,evening,4.82,0.95,1,115
W049,21-02-2026,940,7.8,15,01:10:00,night,4.79,0.96,0,122
W049,22-02-2026,1173,4.7,15,02:10:00,morning,4.92,0.96,1,122
W049,23-02-2026,1306,5.5,16,03:10:00,night,4.69,0.94,1,140
W049,24-02-2026,1125,5.7,15,04:10:00,afternoon,4.77,0.98,0,129
W049,27-02-2026,1191,7.4,19,05:10:00,night,4.95,0.98,0,126
W049,28-02-2026,1247,5.7,18,06:10:00,morning,4.94,0.97,0,125
W050,10-01-2026,893,4.6,12,07:10:00,afternoon,4.18,0.84,4,345
W050,12-01-2026,589,5.6,8,08:10:00,evening,4.22,0.79,4,318
W050,13-01-2026,1240,6,16,09:10:00,night,4.21,0.78,4,375
W050,14-01-2026,790,4.8,9,10:10:00,night,4.06,0.75,2,432
W050,15-01-2026,1392,6.7,20,11:10:00,evening,4.22,0.79,4,321
W050,16-01-2026,919,4.4,12,12:10:00,evening,4.37,0.71,2,367
W050,17-01-2026,939,4.6,14,13:10:00,evening,4.06,0.84,4,416
W050,18-01-2026,1008,5,16,14:10:00,evening,4.16,0.83,3,439
W050,19-01-2026,1189,6.5,15,15:10:00,evening,4.04,0.82,2,311
W050,20-01-2026,424,5.2,5,16:10:00,afternoon,4.09,0.83,4,390
W050,21-01-2026,478,4.6,8,17:10:00,night,4.34,0.81,4,400
W050,22-01-2026,253,5.7,5,18:10:00,night,4.01,0.79,2,401
W050,23-01-2026,937,3.1,12,19:10:00,afternoon,4.39,0.75,2,409
W050,24-01-2026,619,6.4,10,20:10:00,night,4.31,0.73,4,362
W050,26-01-2026,1029,7.5,14,21:10:00,evening,4.06,0.78,3,375
W050,27-01-2026,893,7.3,13,22:10:00,morning,4.45,0.76,2,381
W050,29-01-2026,1323,6.8,16,23:10:00,afternoon,4.31,0.79,3,409
W050,31-01-2026,748,5.3,11,00:10:00,evening,4.27,0.73,3,389
W050,01-02-2026,634,6,11,01:10:00,morning,4.05,0.79,4,432
W050,02-02-2026,302,7.9,5,02:10:00,morning,4.33,0.81,3,336
W050,03-02-2026,397,5.3,5,03:10:00,evening,4.48,0.79,4,394
W050,04-02-2026,876,6.5,14,04:10:00,afternoon,4.4,0.82,4,371
W050,05-02-2026,951,5.3,12,05:10:00,night,4.04,0.83,3,337
W050,06-02-2026,1023,5.7,15,06:10:00,night,4.03,0.81,2,358
W050,07-02-2026,1310,7.8,19,07:10:00,night,4.08,0.77,2,441
W050,09-02-2026,1223,6.1,19,08:10:00,evening,4.17,0.84,2,426
W050,10-02-2026,709,5.3,11,09:10:00,night,4.06,0.79,4,404
W050,12-02-2026,481,6,7,10:10:00,morning,4.27,0.82,2,348
W050,14-02-2026,1271,4.6,16,11:10:00,afternoon,4.35,0.78,2,367
W050,15-02-2026,809,6.2,9,12:10:00,night,4.11,0.8,2,355
W050,16-02-2026,456,5.3,8,13:10:00,evening,4.16,0.76,4,350
W050,17-02-2026,844,6.1,12,14:10:00,morning,4.45,0.82,4,447
W050,18-02-2026,778,7.9,11,15:10:00,night,4.03,0.72,4,422
W050,20-02-2026,625,4.5,7,16:10:00,night,4.49,0.76,4,387
W050,21-02-2026,892,7.4,10,17:10:00,evening,4.01,0.79,3,430
W050,22-02-2026,1120,3.1,17,18:10:00,morning,4.25,0.8,3,378
W050,23-02-2026,919,4.8,13,19:10:00,evening,4.44,0.81,4,390
W050,24-02-2026,912,3.1,11,20:10:00,morning,4.19,0.73,4,340
W050,25-02-2026,528,5.9,5,21:10:00,morning,4.03,0.76,2,388
W050,28-02-2026,1509,6.6,22,22:10:00,morning,4.11,0.78,4,319
W050,01-03-2026,204,6.5,5,23:10:00,night,4.22,0.81,2,401
W051,10-01-2026,999,6.8,14,00:10:00,night,4.77,0.96,0,170
W051,11-01-2026,1036,4,16,01:10:00,afternoon,4.66,0.94,0,120
W051,12-01-2026,1137,3.9,15,02:10:00,evening,5,0.93,1,122
W051,13-01-2026,981,7,12,03:10:00,evening,4.74,0.95,0,165
W051,14-01-2026,1431,3.5,18,04:10:00,night,4.64,0.91,0,128
W051,15-01-2026,1050,7.5,14,05:10:00,night,4.71,0.93,1,179
W051,16-01-2026,1182,7.1,16,06:10:00,afternoon,4.64,0.96,0,132
W051,18-01-2026,1094,3.3,13,07:10:00,night,4.96,0.94,0,141
W051,19-01-2026,1107,5.1,14,08:10:00,night,4.91,0.9,0,135
W051,21-01-2026,1092,7.2,17,09:10:00,evening,4.75,0.97,1,136
W051,22-01-2026,977,7.3,11,10:10:00,night,4.73,0.97,1,116
W051,23-01-2026,1229,6.7,18,11:10:00,night,4.64,0.96,0,153
W051,24-01-2026,1260,4.2,20,12:10:00,evening,4.97,0.92,0,143
W051,25-01-2026,1535,6.3,22,13:10:00,evening,4.99,0.9,1,175
W051,26-01-2026,967,6.4,12,14:10:00,afternoon,4.92,0.96,0,179
W051,28-01-2026,1035,6.8,13,15:10:00,afternoon,4.6,0.9,1,113
W051,29-01-2026,1074,4.5,16,16:10:00,evening,4.92,0.9,1,124
W051,30-01-2026,1295,4.4,20,17:10:00,night,4.94,0.94,1,107
W051,31-01-2026,951,8,13,18:10:00,morning,4.7,0.94,0,143
W051,01-02-2026,1215,5,15,19:10:00,afternoon,4.94,0.92,1,177
W051,02-02-2026,1185,5,18,20:10:00,evening,4.86,0.96,1,144
W051,03-02-2026,1373,5.1,17,21:10:00,night,4.67,0.95,1,130
W051,04-02-2026,962,6.8,15,22:10:00,night,4.96,0.92,1,179
W051,05-02-2026,961,6.8,15,23:10:00,night,4.91,0.91,0,136
W051,06-02-2026,930,7.1,15,00:10:00,morning,4.75,0.91,0,124
W051,07-02-2026,950,5.9,12,01:10:00,afternoon,4.78,0.95,1,133
W051,08-02-2026,1213,5.4,17,02:10:00,morning,4.66,0.94,0,162
W051,09-02-2026,775,4.2,11,03:10:00,evening,4.75,0.93,0,164
W051,10-02-2026,1159,6.3,14,04:10:00,morning,4.64,0.96,1,160
W051,12-02-2026,1029,6.2,15,05:10:00,night,4.97,0.93,1,100
W051,15-02-2026,1101,7.6,16,06:10:00,morning,4.96,0.98,1,158
W051,18-02-2026,1047,4.5,12,07:10:00,night,4.93,0.97,1,131
W051,21-02-2026,1275,3.7,16,08:10:00,night,4.8,0.97,0,107
W051,22-02-2026,1081,4.4,13,09:10:00,evening,4.84,0.96,0,169
W051,23-02-2026,1390,4.2,21,10:10:00,night,4.66,0.92,0,134
W051,24-02-2026,1086,6.7,13,11:10:00,evening,4.79,0.9,0,178
W051,25-02-2026,1113,4,16,12:10:00,night,4.87,0.96,0,101
W051,26-02-2026,1227,3.7,19,13:10:00,afternoon,4.75,0.92,1,150
W051,27-02-2026,1063,5,15,14:10:00,evening,4.64,0.93,0,144
W051,28-02-2026,1248,3.1,16,15:10:00,morning,4.93,0.91,0,149
W052,01-01-2026,959,5.4,12,16:10:00,evening,4.31,0.77,4,421
W052,02-01-2026,1292,7.2,20,17:10:00,evening,4.42,0.74,3,402
W052,03-01-2026,252,7.7,5,18:10:00,night,4.01,0.76,4,399
W052,05-01-2026,1251,5.5,15,19:10:00,evening,4.5,0.72,4,306
W052,07-01-2026,200,5.2,5,20:10:00,afternoon,4.23,0.84,3,409
W052,08-01-2026,1080,7.8,15,21:10:00,afternoon,4.36,0.74,3,382
W052,09-01-2026,973,4.8,15,22:10:00,morning,4.18,0.78,3,360
W052,10-01-2026,514,6.8,5,23:10:00,evening,4.1,0.84,4,444
W052,11-01-2026,1548,6.3,20,00:10:00,morning,4.18,0.79,4,447
W052,12-01-2026,1284,5.4,19,01:10:00,night,4.42,0.75,2,379
W052,14-01-2026,256,4.5,5,02:10:00,afternoon,4.04,0.77,2,427
W052,16-01-2026,1014,5.4,16,03:10:00,evening,4.03,0.78,3,443
W052,18-01-2026,1258,7.1,18,04:10:00,afternoon,4.13,0.77,3,418
W052,19-01-2026,1013,6.8,15,05:10:00,night,4.04,0.8,4,447
W052,20-01-2026,1037,6.5,16,06:10:00,afternoon,4.38,0.82,4,414
W052,21-01-2026,1408,4.3,18,07:10:00,evening,4.19,0.85,4,303
W052,24-01-2026,696,7.9,11,08:10:00,night,4.05,0.73,2,381
W052,25-01-2026,926,4.9,14,09:10:00,afternoon,4.4,0.76,4,302
W052,26-01-2026,1152,5.6,15,10:10:00,evening,4.14,0.71,3,449
W052,27-01-2026,892,7.1,10,11:10:00,night,4.01,0.73,3,389
W052,28-01-2026,1435,4.8,18,12:10:00,afternoon,4.43,0.78,3,386
W052,29-01-2026,502,4.1,6,13:10:00,evening,4.22,0.73,4,363
W052,30-01-2026,1048,4,12,14:10:00,night,4.32,0.76,3,302
W052,31-01-2026,746,3.3,12,15:10:00,night,4.25,0.75,2,339
W052,01-02-2026,737,4.3,11,16:10:00,morning,4.2,0.78,2,345
W052,02-02-2026,242,3.6,5,17:10:00,afternoon,4.15,0.74,4,394
W052,03-02-2026,1584,6.7,22,18:10:00,night,4.39,0.85,2,383
W052,04-02-2026,940,3.1,13,19:10:00,night,4.37,0.75,2,323
W052,05-02-2026,596,7.8,10,20:10:00,evening,4.28,0.73,4,399
W052,06-02-2026,945,5.7,15,21:10:00,morning,4.47,0.79,3,439
W052,08-02-2026,1607,7.4,24,22:10:00,night,4.33,0.73,4,307
W052,09-02-2026,1467,3.5,21,23:10:00,morning,4.04,0.71,2,388
W052,11-02-2026,882,3.4,12,00:10:00,afternoon,4.39,0.72,2,355
W052,12-02-2026,872,6.2,12,01:10:00,afternoon,4.09,0.84,3,328
W052,13-02-2026,1267,5.2,18,02:10:00,morning,4.02,0.8,4,385
W052,14-02-2026,787,5.1,11,03:10:00,morning,4,0.7,4,330
W052,15-02-2026,758,3.4,12,04:10:00,morning,4.47,0.78,4,316
W052,16-02-2026,333,3.8,5,05:10:00,morning,4.1,0.76,2,315
W052,18-02-2026,552,6.5,7,06:10:00,night,4.33,0.79,2,436
W052,20-02-2026,240,7,5,07:10:00,night,4.32,0.83,3,316
W052,21-02-2026,468,5.9,8,08:10:00,evening,4.28,0.84,3,372
W052,22-02-2026,764,7.2,12,09:10:00,night,4.18,0.8,4,430
W052,23-02-2026,657,5.7,10,10:10:00,afternoon,4.16,0.7,2,424
W052,24-02-2026,1118,4.7,16,11:10:00,evening,4.16,0.76,2,324
W052,25-02-2026,928,4.2,11,12:10:00,night,4.43,0.82,3,355
W052,26-02-2026,1173,4.4,16,13:10:00,night,4.31,0.79,3,394
W052,27-02-2026,597,4.2,7,14:10:00,night,4.12,0.71,4,374
W052,28-02-2026,1046,6,14,15:10:00,night,4.28,0.75,3,348
W052,01-03-2026,328,6.4,5,16:10:00,night,4.18,0.78,3,335
W053,07-01-2026,1109,7.8,16,17:10:00,afternoon,4.62,0.87,1,299
W053,08-01-2026,1212,4.9,19,18:10:00,evening,4.64,0.85,2,261
W053,09-01-2026,515,6,9,19:10:00,evening,4.66,0.88,2,226
W053,10-01-2026,859,3.1,12,20:10:00,evening,4.63,0.85,1,218
W053,11-01-2026,942,6.3,14,21:10:00,morning,4.32,0.88,2,241
W053,12-01-2026,923,6.3,11,22:10:00,morning,4.67,0.89,1,286
W053,14-01-2026,667,4.5,8,23:10:00,evening,4.35,0.85,1,214
W053,16-01-2026,643,4.5,7,00:10:00,afternoon,4.38,0.82,1,198
W053,18-01-2026,1189,7.6,16,01:10:00,afternoon,4.3,0.88,2,281
W053,21-01-2026,958,7,11,02:10:00,night,4.51,0.82,1,187
W053,22-01-2026,890,3.8,12,03:10:00,afternoon,4.37,0.86,1,195
W053,23-01-2026,566,6.2,10,04:10:00,morning,4.4,0.81,1,256
W053,24-01-2026,1092,4.2,17,05:10:00,evening,4.58,0.84,2,214
W053,26-01-2026,662,6.7,11,06:10:00,afternoon,4.41,0.83,1,199
W053,27-01-2026,1178,7,15,07:10:00,night,4.65,0.86,2,208
W053,28-01-2026,993,4.5,16,08:10:00,evening,4.67,0.86,1,222
W053,30-01-2026,979,7.3,14,09:10:00,night,4.45,0.81,2,239
W053,01-02-2026,1190,6.6,15,10:10:00,evening,4.39,0.89,1,221
W053,02-02-2026,558,5.5,9,11:10:00,afternoon,4.41,0.86,1,249
W053,03-02-2026,656,4.2,11,12:10:00,morning,4.45,0.89,1,220
W053,04-02-2026,695,5.8,8,13:10:00,evening,4.56,0.82,2,229
W053,06-02-2026,434,5.1,5,14:10:00,morning,4.46,0.85,2,223
W053,10-02-2026,1179,7.8,16,15:10:00,evening,4.47,0.84,2,219
W053,11-02-2026,621,4.5,10,16:10:00,morning,4.44,0.83,1,204
W053,12-02-2026,1288,7.2,16,17:10:00,afternoon,4.39,0.89,2,235
W053,13-02-2026,1353,3.7,17,18:10:00,night,4.52,0.9,2,219
W053,15-02-2026,1068,7.4,15,19:10:00,afternoon,4.41,0.81,1,221
W053,16-02-2026,1125,3.5,16,20:10:00,night,4.44,0.83,2,209
W053,17-02-2026,982,3.1,15,21:10:00,afternoon,4.65,0.87,2,252
W053,18-02-2026,675,6.6,7,22:10:00,night,4.52,0.86,2,277
W053,19-02-2026,318,7.2,6,23:10:00,morning,4.43,0.82,2,191
W053,20-02-2026,928,7.3,14,00:10:00,night,4.64,0.82,1,190
W053,21-02-2026,489,5.1,8,01:10:00,morning,4.34,0.8,2,223
W053,22-02-2026,519,5.3,8,02:10:00,evening,4.43,0.84,2,227
W053,23-02-2026,1367,4.3,18,03:10:00,morning,4.57,0.81,1,182
W053,24-02-2026,923,5.2,14,04:10:00,night,4.51,0.81,2,225
W053,25-02-2026,939,5.7,11,05:10:00,evening,4.48,0.81,2,257
W053,27-02-2026,961,7.7,13,06:10:00,afternoon,4.68,0.85,2,244
W053,28-02-2026,1065,5.5,13,07:10:00,afternoon,4.51,0.85,2,267
W053,01-03-2026,1155,7.6,17,08:10:00,morning,4.42,0.87,2,182
W054,02-01-2026,1109,5.1,13,09:10:00,afternoon,4.8,0.97,1,100
W054,04-01-2026,1250,7.4,15,10:10:00,afternoon,4.68,0.9,1,179
W054,05-01-2026,1164,4.6,16,11:10:00,night,4.99,0.95,0,118
W054,07-01-2026,1311,4.8,20,12:10:00,morning,4.82,0.9,0,105
W054,08-01-2026,1250,6.9,15,13:10:00,evening,4.69,0.94,1,179
W054,09-01-2026,1173,7.6,16,14:10:00,night,4.67,0.9,1,112
W054,11-01-2026,1108,5,15,15:10:00,night,4.93,0.92,1,157
W054,12-01-2026,1144,6.8,16,16:10:00,afternoon,4.73,0.96,0,160
W054,14-01-2026,1071,3.5,15,17:10:00,evening,4.83,0.96,1,137
W054,15-01-2026,1180,5.4,17,18:10:00,night,4.93,0.97,0,164
W054,16-01-2026,1167,6.2,17,19:10:00,evening,4.8,0.97,0,165
W054,17-01-2026,1099,7.4,13,20:10:00,night,4.76,0.92,1,101
W054,18-01-2026,982,4.9,16,21:10:00,night,4.61,0.93,1,123
W054,19-01-2026,1134,4.6,15,22:10:00,morning,4.62,0.92,1,158
W054,21-01-2026,1131,7.1,14,23:10:00,afternoon,4.8,0.97,0,161
W054,22-01-2026,1424,5.5,22,00:10:00,afternoon,4.73,0.96,0,146
W054,23-01-2026,1295,7.2,17,01:10:00,night,4.63,0.98,0,169
W054,24-01-2026,1057,5.3,16,02:10:00,morning,4.76,0.98,0,112
W054,25-01-2026,1162,4.4,17,03:10:00,afternoon,4.64,0.96,0,169
W054,26-01-2026,963,4,11,04:10:00,night,4.78,0.91,1,103
W054,27-01-2026,932,6.7,15,05:10:00,night,4.62,0.9,1,141
W054,28-01-2026,1023,6.8,15,06:10:00,night,4.8,0.94,1,174
W054,29-01-2026,1041,5.4,16,07:10:00,evening,4.75,0.91,1,165
W054,30-01-2026,1155,3.8,18,08:10:00,night,4.7,0.93,1,123
W054,31-01-2026,1049,3,13,09:10:00,night,4.72,0.97,0,108
W054,02-02-2026,1158,5.4,18,10:10:00,night,4.75,0.97,1,134
W054,03-02-2026,1071,4.6,13,11:10:00,afternoon,4.96,0.96,1,165
W054,04-02-2026,1315,6.4,19,12:10:00,night,4.75,0.97,1,117
W054,05-02-2026,1143,5.7,17,13:10:00,evening,4.78,0.95,1,142
W054,06-02-2026,1073,4.6,14,14:10:00,morning,4.92,0.98,1,157
W054,08-02-2026,969,4,13,15:10:00,night,4.76,0.92,1,122
W054,09-02-2026,1200,7.3,17,16:10:00,afternoon,4.95,0.94,1,120
W054,10-02-2026,1349,4.4,20,17:10:00,morning,4.65,0.97,0,124
W054,11-02-2026,1133,6.7,16,18:10:00,afternoon,5,0.98,1,101
W054,12-02-2026,955,3.3,15,19:10:00,night,4.93,0.97,1,117
W054,15-02-2026,953,5,13,20:10:00,night,4.61,0.96,1,116
W054,16-02-2026,1256,4.2,18,21:10:00,night,4.88,0.97,1,117
W054,17-02-2026,891,3.9,12,22:10:00,morning,4.71,0.97,0,112
W054,18-02-2026,989,3.4,12,23:10:00,night,4.92,0.96,0,160
W054,19-02-2026,1267,3.6,16,00:10:00,afternoon,4.96,0.93,1,141
W054,20-02-2026,1075,6.7,14,01:10:00,afternoon,4.81,0.93,0,168
W054,21-02-2026,1218,4.1,16,02:10:00,morning,4.62,0.95,1,101
W054,22-02-2026,1159,4.9,14,03:10:00,morning,4.81,0.96,1,133
W054,23-02-2026,1195,6.8,17,04:10:00,evening,4.88,0.97,0,154
W054,25-02-2026,1068,6.6,15,05:10:00,morning,4.94,0.91,1,118
W054,26-02-2026,1105,3.9,14,06:10:00,night,4.92,0.91,0,137
W054,28-02-2026,1113,4.5,13,07:10:00,evening,4.65,0.97,1,148
W054,01-03-2026,1201,3.8,17,08:10:00,morning,4.92,0.95,1,140
W055,06-01-2026,461,4.1,5,09:10:00,night,4.43,0.86,2,204
W055,07-01-2026,882,5.3,11,10:10:00,evening,4.54,0.81,2,230
W055,08-01-2026,1086,6,14,11:10:00,afternoon,4.54,0.88,1,236
W055,09-01-2026,597,6,8,12:10:00,evening,4.69,0.86,2,220
W055,11-01-2026,1092,7.6,16,13:10:00,evening,4.59,0.84,2,184
W055,12-01-2026,839,7.6,12,14:10:00,morning,4.59,0.82,1,207
W055,14-01-2026,1226,7.9,18,15:10:00,night,4.39,0.9,1,270
W055,15-01-2026,982,4.5,16,16:10:00,night,4.58,0.82,2,211
W055,16-01-2026,758,4.7,8,17:10:00,night,4.39,0.85,2,236
W055,17-01-2026,693,3,11,18:10:00,evening,4.44,0.8,1,195
W055,18-01-2026,711,7.1,12,19:10:00,night,4.66,0.81,2,233
W055,20-01-2026,693,4.9,11,20:10:00,afternoon,4.62,0.81,2,279
W055,21-01-2026,850,5.8,10,21:10:00,night,4.39,0.87,2,279
W055,23-01-2026,412,3.6,5,22:10:00,evening,4.33,0.86,1,190
W055,24-01-2026,1128,3.5,14,23:10:00,evening,4.59,0.83,1,213
W055,26-01-2026,896,4.6,13,00:10:00,night,4.46,0.85,1,244
W055,28-01-2026,969,5.1,14,01:10:00,afternoon,4.5,0.82,1,233
W055,29-01-2026,669,6.4,11,02:10:00,night,4.38,0.88,1,291
W055,30-01-2026,1102,3.6,14,03:10:00,evening,4.45,0.86,1,261
W055,31-01-2026,787,7,11,04:10:00,morning,4.39,0.89,1,244
W055,02-02-2026,1143,7.2,15,05:10:00,evening,4.65,0.81,2,236
W055,03-02-2026,918,5,14,06:10:00,evening,4.67,0.81,1,273
W055,05-02-2026,1262,7.9,20,07:10:00,afternoon,4.6,0.84,1,285
W055,06-02-2026,1207,4.7,15,08:10:00,night,4.39,0.8,2,208
W055,07-02-2026,822,6.2,11,09:10:00,evening,4.6,0.87,2,269
W055,08-02-2026,874,5.7,10,10:10:00,evening,4.39,0.86,1,187
W055,10-02-2026,912,6.8,13,11:10:00,night,4.6,0.88,2,228
W055,13-02-2026,474,5,7,12:10:00,evening,4.61,0.9,2,224
W055,15-02-2026,1369,7.8,21,13:10:00,morning,4.41,0.87,2,268
W055,16-02-2026,774,5.9,11,14:10:00,evening,4.51,0.86,2,218
W055,17-02-2026,1427,4.1,19,15:10:00,night,4.41,0.8,1,214
W055,18-02-2026,1081,3.4,13,16:10:00,evening,4.33,0.85,2,206
W055,20-02-2026,766,3,8,17:10:00,night,4.49,0.82,1,288
W055,21-02-2026,497,4.2,6,18:10:00,evening,4.54,0.86,2,214
W055,22-02-2026,1108,5.6,14,19:10:00,evening,4.63,0.9,2,234
W055,23-02-2026,1504,4.3,20,20:10:00,afternoon,4.6,0.8,2,215
W055,24-02-2026,881,3.2,12,21:10:00,night,4.47,0.87,1,254
W055,25-02-2026,657,4.4,9,22:10:00,afternoon,4.42,0.9,1,287
W055,26-02-2026,386,6.6,5,23:10:00,night,4.48,0.87,1,246
W055,27-02-2026,513,3.5,9,00:10:00,evening,4.5,0.87,2,252
W055,28-02-2026,775,4.9,12,01:10:00,night,4.67,0.88,2,245
W055,01-03-2026,1193,7.7,19,02:10:00,night,4.48,0.83,1,226
W056,05-01-2026,1325,6.8,20,03:10:00,afternoon,4.56,0.88,2,209
W056,07-01-2026,1092,6.3,15,04:10:00,morning,4.43,0.88,2,186
W056,08-01-2026,1007,4.6,14,05:10:00,afternoon,4.6,0.86,1,237
W056,09-01-2026,785,4.6,9,06:10:00,night,4.47,0.85,2,288
W056,12-01-2026,757,7.2,11,07:10:00,night,4.33,0.85,2,185
W056,13-01-2026,826,6.4,9,08:10:00,evening,4.31,0.84,1,251
W056,14-01-2026,353,5.4,5,09:10:00,evening,4.65,0.88,1,203
W056,16-01-2026,519,7.5,5,10:10:00,night,4.53,0.85,1,266
W056,18-01-2026,927,4.1,11,11:10:00,afternoon,4.58,0.82,1,233
W056,19-01-2026,514,3.5,8,12:10:00,evening,4.57,0.85,1,205
W056,20-01-2026,945,6.1,12,13:10:00,night,4.61,0.89,1,247
W056,23-01-2026,969,5.7,11,14:10:00,night,4.32,0.8,2,275
W056,25-01-2026,829,3.5,11,15:10:00,morning,4.51,0.89,2,291
W056,26-01-2026,1109,5.7,15,16:10:00,morning,4.64,0.86,2,271
W056,27-01-2026,705,4.5,9,17:10:00,evening,4.32,0.89,1,241
W056,28-01-2026,854,6.2,12,18:10:00,afternoon,4.67,0.8,2,244
W056,30-01-2026,1100,6,13,19:10:00,evening,4.41,0.88,1,258
W056,02-02-2026,1008,6.3,13,20:10:00,evening,4.57,0.82,1,224
W056,05-02-2026,534,3.9,8,21:10:00,afternoon,4.5,0.85,2,284
W056,06-02-2026,1048,5,15,22:10:00,morning,4.31,0.89,1,185
W056,07-02-2026,1095,5.2,15,23:10:00,night,4.56,0.85,1,251
W056,08-02-2026,1226,4.5,15,00:10:00,evening,4.41,0.89,1,224
W056,10-02-2026,1071,5.5,17,01:10:00,night,4.42,0.8,1,243
W056,11-02-2026,881,5.8,12,02:10:00,evening,4.44,0.82,1,207
W056,13-02-2026,1389,3.1,19,03:10:00,night,4.67,0.83,1,269
W056,14-02-2026,1044,6.5,15,04:10:00,night,4.43,0.89,2,241
W056,15-02-2026,920,5,15,05:10:00,morning,4.53,0.87,1,226
W056,16-02-2026,719,7.7,10,06:10:00,morning,4.66,0.82,2,248
W056,17-02-2026,1172,4.5,14,07:10:00,morning,4.48,0.89,1,260
W056,19-02-2026,997,5.7,13,08:10:00,morning,4.6,0.86,1,200
W056,20-02-2026,908,6.9,14,09:10:00,night,4.59,0.8,1,276
W056,21-02-2026,1249,4.1,19,10:10:00,night,4.4,0.85,1,257
W056,22-02-2026,790,6.8,13,11:10:00,night,4.57,0.84,1,249
W056,23-02-2026,696,7.3,8,12:10:00,morning,4.65,0.85,2,279
W056,26-02-2026,861,7.7,11,13:10:00,evening,4.58,0.82,1,183
W056,27-02-2026,1085,6.7,16,14:10:00,night,4.43,0.86,2,236
W056,01-03-2026,635,6.4,11,15:10:00,night,4.59,0.87,2,241
W057,04-01-2026,427,8,6,16:10:00,afternoon,4.31,0.88,2,246
W057,05-01-2026,896,7.2,12,17:10:00,night,4.57,0.86,2,235
W057,06-01-2026,1274,8,20,18:10:00,morning,4.52,0.86,1,186
W057,08-01-2026,554,7.6,9,19:10:00,night,4.56,0.83,1,237
W057,09-01-2026,1249,5,18,20:10:00,morning,4.55,0.84,2,219
W057,11-01-2026,1111,5,16,21:10:00,evening,4.63,0.88,1,204
W057,13-01-2026,1182,7.7,16,22:10:00,morning,4.48,0.84,2,232
W057,16-01-2026,1604,6.8,24,23:10:00,night,4.35,0.83,2,272
W057,17-01-2026,262,7.9,5,00:10:00,afternoon,4.44,0.81,1,206
W057,19-01-2026,975,4.6,14,01:10:00,night,4.42,0.89,2,277
W057,20-01-2026,1108,7.5,17,02:10:00,evening,4.31,0.86,2,292
W057,21-01-2026,1014,5.7,12,03:10:00,afternoon,4.46,0.86,1,187
W057,22-01-2026,572,5.3,8,04:10:00,night,4.31,0.81,2,269
W057,23-01-2026,1003,7.4,15,05:10:00,morning,4.32,0.86,1,250
W057,24-01-2026,783,5,12,06:10:00,morning,4.42,0.86,1,231
W057,25-01-2026,780,6.9,12,07:10:00,morning,4.68,0.89,2,275
W057,26-01-2026,1148,6,16,08:10:00,night,4.45,0.85,1,254
W057,27-01-2026,1153,3.4,15,09:10:00,morning,4.61,0.86,2,199
W057,29-01-2026,1182,6.2,17,10:10:00,night,4.39,0.85,1,250
W057,30-01-2026,1311,6.5,18,11:10:00,morning,4.67,0.82,2,279
W057,01-02-2026,285,5.7,5,12:10:00,afternoon,4.46,0.84,1,282
W057,02-02-2026,945,6.4,13,13:10:00,afternoon,4.64,0.83,1,288
W057,03-02-2026,1146,4.5,18,14:10:00,morning,4.42,0.85,1,253
W057,04-02-2026,893,7.3,10,15:10:00,night,4.48,0.89,1,199
W057,05-02-2026,643,4.7,8,16:10:00,night,4.56,0.87,2,204
W057,06-02-2026,746,3.5,10,17:10:00,morning,4.55,0.84,1,196
W057,08-02-2026,1094,7.2,16,18:10:00,afternoon,4.69,0.85,2,186
W057,09-02-2026,905,4.2,11,19:10:00,evening,4.3,0.89,1,238
W057,11-02-2026,1067,4.3,13,20:10:00,morning,4.46,0.85,2,195
W057,12-02-2026,881,3.4,13,21:10:00,morning,4.36,0.83,2,182
W057,13-02-2026,908,4.7,11,22:10:00,evening,4.33,0.8,1,244
W057,14-02-2026,945,4.9,11,23:10:00,morning,4.66,0.83,1,281
W057,15-02-2026,787,3.2,9,00:10:00,morning,4.55,0.88,2,214
W057,16-02-2026,982,6.3,13,01:10:00,morning,4.45,0.89,1,205
W057,17-02-2026,1020,7.3,12,02:10:00,afternoon,4.45,0.82,1,278
W057,18-02-2026,1315,4.7,17,03:10:00,night,4.43,0.84,1,284
W057,19-02-2026,1207,6.1,17,04:10:00,morning,4.37,0.89,1,184
W057,20-02-2026,733,6.5,10,05:10:00,night,4.66,0.81,1,221
W057,21-02-2026,1046,4.5,12,06:10:00,morning,4.51,0.9,1,283
W057,22-02-2026,1111,4.3,15,07:10:00,evening,4.61,0.86,1,185
W057,23-02-2026,1061,5.8,13,08:10:00,morning,4.49,0.89,1,296
W057,24-02-2026,973,5.4,13,09:10:00,morning,4.44,0.81,1,245
W057,25-02-2026,851,7.5,10,10:10:00,evening,4.43,0.9,2,218
W057,27-02-2026,793,5.9,9,11:10:00,afternoon,4.4,0.85,1,249
W057,28-02-2026,651,7.9,8,12:10:00,night,4.5,0.81,2,284
W057,01-03-2026,1021,4.5,12,13:10:00,night,4.5,0.88,1,267
W058,02-01-2026,879,4.4,10,14:10:00,morning,4.86,0.92,0,164
W058,03-01-2026,1080,7.2,15,15:10:00,afternoon,4.93,0.97,1,132
W058,04-01-2026,1025,7.5,16,16:10:00,morning,4.78,0.96,1,120
W058,05-01-2026,991,6.2,12,17:10:00,evening,4.98,0.91,1,130
W058,06-01-2026,1341,5.5,20,18:10:00,morning,4.69,0.92,0,134
W058,07-01-2026,1036,6.5,12,19:10:00,morning,4.96,0.92,1,105
W058,08-01-2026,1038,4.1,14,20:10:00,afternoon,4.64,0.96,0,155
W058,10-01-2026,1138,5.9,18,21:10:00,night,4.63,0.93,0,168
W058,11-01-2026,978,6.9,11,22:10:00,morning,4.98,0.91,1,168
W058,12-01-2026,1430,7.1,19,23:10:00,evening,4.9,0.9,1,105
W058,13-01-2026,1056,5.6,17,00:10:00,morning,4.8,0.91,1,126
W058,14-01-2026,1174,5.1,16,01:10:00,evening,4.95,0.96,0,142
W058,15-01-2026,1154,5.1,14,02:10:00,afternoon,4.99,0.97,0,177
W058,16-01-2026,1061,7.3,17,03:10:00,evening,4.6,0.91,1,171
W058,17-01-2026,1108,7.3,15,04:10:00,evening,4.95,0.96,1,117
W058,18-01-2026,997,3.2,12,05:10:00,night,4.63,0.91,1,128
W058,19-01-2026,1295,3.6,17,06:10:00,night,4.85,0.95,0,149
W058,20-01-2026,921,3.9,13,07:10:00,afternoon,4.84,0.95,0,154
W058,22-01-2026,1152,7.3,16,08:10:00,evening,4.8,0.96,1,167
W058,25-01-2026,1276,7.6,19,09:10:00,afternoon,4.9,0.95,1,122
W058,26-01-2026,1130,6.5,15,10:10:00,afternoon,4.87,0.93,0,118
W058,27-01-2026,1129,6.6,16,11:10:00,evening,4.92,0.96,1,136
W058,28-01-2026,1094,3.6,16,12:10:00,evening,4.66,0.92,0,125
W058,29-01-2026,1162,3.6,17,13:10:00,afternoon,4.74,0.9,1,130
W058,30-01-2026,1191,4.5,17,14:10:00,evening,4.8,0.91,0,145
W058,31-01-2026,1251,5,18,15:10:00,night,4.81,0.96,1,162
W058,01-02-2026,1048,7.5,13,16:10:00,morning,5,0.93,1,117
W058,02-02-2026,870,5.6,13,17:10:00,afternoon,4.74,0.93,0,119
W058,03-02-2026,1181,3.6,14,18:10:00,night,4.75,0.92,1,167
W058,04-02-2026,1056,6.8,13,19:10:00,evening,4.7,0.9,0,155
W058,05-02-2026,1149,3.3,18,20:10:00,night,4.89,0.97,0,110
W058,06-02-2026,980,6.8,14,21:10:00,evening,4.86,0.91,0,159
W058,08-02-2026,1360,7.7,19,22:10:00,evening,4.84,0.93,0,157
W058,09-02-2026,1142,7.1,14,23:10:00,night,4.62,0.95,0,125
W058,10-02-2026,1135,3.3,14,00:10:00,morning,4.75,0.94,1,106
W058,11-02-2026,961,7.1,14,01:10:00,evening,4.85,0.96,0,177
W058,12-02-2026,1196,3.3,16,02:10:00,evening,4.61,0.95,1,138
W058,13-02-2026,929,5,14,03:10:00,morning,4.86,0.96,0,111
W058,14-02-2026,1060,6.5,17,04:10:00,evening,4.71,0.92,0,132
W058,15-02-2026,1216,6.6,19,05:10:00,afternoon,4.84,0.94,0,166
W058,16-02-2026,1226,7.3,17,06:10:00,night,4.99,0.92,1,112
W058,19-02-2026,1064,4.1,17,07:10:00,night,4.72,0.94,1,149
W058,20-02-2026,1054,3.3,13,08:10:00,afternoon,4.9,0.91,0,168
W058,22-02-2026,1337,4.7,20,09:10:00,afternoon,4.66,0.95,0,141
W058,23-02-2026,999,5.1,12,10:10:00,evening,4.83,0.91,1,125
W058,24-02-2026,1038,3.7,14,11:10:00,night,4.99,0.92,1,165
W058,25-02-2026,1336,5.6,20,12:10:00,morning,4.61,0.9,1,108
W058,26-02-2026,1231,3.2,17,13:10:00,morning,4.65,0.93,0,103
W058,28-02-2026,950,4.9,12,14:10:00,evening,4.69,0.98,1,106
W058,01-03-2026,1257,7.4,15,15:10:00,evening,4.73,0.96,1,108
W059,11-01-2026,1100,5.3,16,16:10:00,afternoon,4.92,0.97,0,169
W059,12-01-2026,1189,5.1,16,17:10:00,morning,4.87,0.92,1,111
W059,13-01-2026,1242,5.8,16,18:10:00,night,4.91,0.92,1,176
W059,19-01-2026,971,6.2,11,19:10:00,night,4.65,0.92,0,122
W059,20-01-2026,1007,3.9,12,20:10:00,night,4.63,0.96,0,132
W059,21-01-2026,990,7.1,13,21:10:00,morning,4.86,0.96,0,158
W059,22-01-2026,958,4.2,14,22:10:00,evening,4.99,0.97,0,176
W059,23-01-2026,1045,6.6,16,23:10:00,night,4.98,0.91,1,132
W059,25-01-2026,961,6.6,15,00:10:00,morning,4.8,0.96,0,167
W059,26-01-2026,1064,5.6,15,01:10:00,afternoon,4.96,0.9,0,134
W059,28-01-2026,1082,5.8,15,02:10:00,morning,4.79,0.92,0,121
W059,29-01-2026,1139,7.5,15,03:10:00,afternoon,4.65,0.91,0,156
W059,01-02-2026,804,4.3,12,04:10:00,evening,4.95,0.98,0,122
W059,02-02-2026,904,3.8,13,05:10:00,night,4.98,0.97,0,139
W059,03-02-2026,1214,5.1,15,06:10:00,night,4.71,0.93,1,105
W059,05-02-2026,1213,4.7,15,07:10:00,morning,4.75,0.95,1,115
W059,06-02-2026,1217,6,18,08:10:00,afternoon,4.61,0.97,0,114
W059,07-02-2026,927,7.6,12,09:10:00,evening,4.88,0.91,0,144
W059,08-02-2026,1055,6,13,10:10:00,night,4.65,0.96,1,176
W059,09-02-2026,1182,5,16,11:10:00,night,4.87,0.96,0,123
W059,11-02-2026,1292,6.3,20,12:10:00,morning,4.67,0.94,1,158
W059,12-02-2026,1341,4.5,17,13:10:00,night,4.95,0.9,1,161
W059,13-02-2026,864,7.5,12,14:10:00,night,4.9,0.94,1,160
W059,14-02-2026,1084,3.3,13,15:10:00,afternoon,4.81,0.95,0,178
W059,15-02-2026,855,7.2,10,16:10:00,morning,4.96,0.95,1,109
W059,16-02-2026,1265,3.5,20,17:10:00,night,4.87,0.94,1,118
W059,17-02-2026,1087,7.3,13,18:10:00,morning,4.84,0.98,0,149
W059,18-02-2026,1195,5.4,16,19:10:00,night,4.65,0.92,1,119
W059,19-02-2026,1143,3.9,15,20:10:00,evening,4.76,0.96,1,106
W059,20-02-2026,804,5.4,11,21:10:00,morning,4.84,0.93,1,127
W059,22-02-2026,1240,7.5,16,22:10:00,evening,4.74,0.94,1,155
W059,23-02-2026,1455,6,20,23:10:00,afternoon,4.88,0.93,0,128
W059,24-02-2026,1278,5.7,19,00:10:00,afternoon,4.9,0.91,0,154
W059,25-02-2026,960,5.3,12,01:10:00,evening,4.88,0.95,0,119
W059,27-02-2026,1118,3.4,17,02:10:00,night,4.8,0.97,1,139
W059,28-02-2026,1221,7.4,16,03:10:00,night,4.88,0.98,1,179
W059,01-03-2026,1019,6.9,12,04:10:00,night,4.95,0.95,1,113
W060,11-01-2026,992,3.1,13,05:10:00,morning,4.83,0.92,1,118
W060,12-01-2026,1343,5.8,19,06:10:00,morning,4.79,0.98,1,138
W060,14-01-2026,1055,4.8,14,07:10:00,afternoon,4.62,0.96,0,154
W060,16-01-2026,1191,6.3,19,08:10:00,afternoon,4.87,0.97,0,101
W060,17-01-2026,1360,3.6,17,09:10:00,afternoon,4.93,0.97,0,158
W060,18-01-2026,1013,3.7,13,10:10:00,evening,4.71,0.95,0,148
W060,19-01-2026,1049,5.3,14,11:10:00,evening,4.7,0.95,0,172
W060,20-01-2026,1058,6,13,12:10:00,afternoon,4.98,0.96,0,175
W060,21-01-2026,881,4.6,11,13:10:00,morning,4.81,0.93,0,114
W060,22-01-2026,1113,3.6,17,14:10:00,afternoon,4.83,0.95,1,159
W060,23-01-2026,1035,4.9,15,15:10:00,afternoon,4.83,0.97,0,139
W060,25-01-2026,1217,4.5,18,16:10:00,night,4.95,0.97,1,115
W060,26-01-2026,1283,6,18,17:10:00,night,4.95,0.93,0,148
W060,28-01-2026,1003,6.6,15,18:10:00,morning,4.9,0.94,0,162
W060,29-01-2026,1113,6,13,19:10:00,afternoon,4.61,0.96,1,147
W060,30-01-2026,1102,5.8,13,20:10:00,night,4.8,0.94,0,115
W060,31-01-2026,913,7.1,15,21:10:00,afternoon,4.63,0.97,0,101
W060,01-02-2026,1437,3.8,20,22:10:00,morning,4.9,0.97,0,169
W060,02-02-2026,1092,5.3,16,23:10:00,night,4.79,0.95,0,113
W060,04-02-2026,963,5.8,13,00:10:00,night,4.71,0.97,0,103
W060,05-02-2026,968,7.2,15,01:10:00,evening,4.98,0.96,0,129
W060,06-02-2026,1251,5.7,19,02:10:00,morning,4.84,0.94,0,169
W060,07-02-2026,1185,5.6,16,03:10:00,morning,4.94,0.93,0,144
W060,08-02-2026,1224,6.1,18,04:10:00,afternoon,4.66,0.9,1,127
W060,10-02-2026,1267,5.8,18,05:10:00,morning,4.88,0.93,0,130
W060,11-02-2026,1260,7.9,18,06:10:00,afternoon,4.77,0.96,0,141
W060,12-02-2026,1433,5.3,19,07:10:00,afternoon,4.63,0.92,1,121
W060,14-02-2026,1137,4.8,17,08:10:00,afternoon,4.99,0.93,1,141
W060,15-02-2026,930,4.5,13,09:10:00,evening,4.85,0.98,1,135
W060,16-02-2026,1095,6.2,14,10:10:00,afternoon,4.83,0.94,0,126
W060,17-02-2026,1193,4,17,11:10:00,night,4.97,0.94,1,131
W060,18-02-2026,910,3.5,15,12:10:00,afternoon,4.69,0.92,1,136
W060,19-02-2026,723,4.5,10,13:10:00,morning,4.71,0.93,0,135
W060,20-02-2026,1178,7.8,18,14:10:00,night,4.78,0.91,0,111
W060,21-02-2026,935,7.5,14,15:10:00,evening,4.75,0.95,1,174
W060,24-02-2026,1265,4.3,17,16:10:00,evening,4.69,0.91,0,179
W060,25-02-2026,1030,7.1,12,17:10:00,night,4.71,0.94,0,130
W060,26-02-2026,976,3.5,15,18:10:00,night,4.88,0.93,1,178
W060,27-02-2026,1289,7.4,20,19:10:00,night,4.65,0.98,1,173
W060,28-02-2026,1060,7.9,15,20:10:00,morning,4.99,0.94,0,131
W060,01-03-2026,980,6.2,12,21:10:00,night,4.73,0.96,0,138
W061,02-01-2026,1110,5.9,15,22:10:00,evening,4.74,0.93,1,100
W061,03-01-2026,954,5.6,13,23:10:00,evening,4.91,0.95,1,149
W061,04-01-2026,1171,6.8,17,00:10:00,evening,4.84,0.91,0,161
W061,07-01-2026,1232,3.1,18,01:10:00,afternoon,4.95,0.95,0,152
W061,08-01-2026,1143,6,18,02:10:00,afternoon,4.68,0.91,1,154
W061,09-01-2026,1281,3.1,18,03:10:00,night,4.81,0.92,0,119
W061,10-01-2026,1223,3.9,17,04:10:00,morning,4.71,0.95,1,120
W061,11-01-2026,1127,6.6,18,05:10:00,morning,4.72,0.91,1,117
W061,12-01-2026,843,3.6,10,06:10:00,afternoon,4.79,0.9,0,121
W061,13-01-2026,1466,7,21,07:10:00,night,4.93,0.92,0,145
W061,14-01-2026,800,5.1,11,08:10:00,evening,4.81,0.92,1,144
W061,15-01-2026,1021,3.1,14,09:10:00,night,4.68,0.97,1,172
W061,16-01-2026,1218,6.4,19,10:10:00,morning,4.73,0.93,1,149
W061,18-01-2026,1164,6.2,17,11:10:00,afternoon,4.75,0.96,1,167
W061,19-01-2026,1066,7.3,16,12:10:00,afternoon,4.83,0.97,0,120
W061,20-01-2026,984,7.5,15,13:10:00,night,4.9,0.94,1,120
W061,21-01-2026,1143,7,18,14:10:00,morning,4.85,0.91,0,103
W061,22-01-2026,962,3.1,13,15:10:00,night,4.7,0.98,1,137
W061,25-01-2026,1067,3.3,16,16:10:00,afternoon,4.88,0.91,0,174
W061,26-01-2026,1199,4.7,15,17:10:00,night,4.87,0.95,0,156
W061,27-01-2026,1199,7.6,17,18:10:00,morning,4.61,0.91,1,130
W061,28-01-2026,1264,7.4,16,19:10:00,evening,4.85,0.92,0,120
W061,29-01-2026,1163,5.4,18,20:10:00,afternoon,4.85,0.93,1,103
W061,30-01-2026,1122,5,14,21:10:00,afternoon,4.86,0.9,1,146
W061,31-01-2026,1277,5.5,20,22:10:00,night,4.7,0.9,1,141
W061,01-02-2026,1325,5.8,17,23:10:00,evening,4.86,0.97,1,162
W061,02-02-2026,1062,4.5,15,00:10:00,night,4.72,0.94,0,130
W061,03-02-2026,1137,4.6,17,01:10:00,night,4.92,0.94,1,104
W061,05-02-2026,1163,4.4,17,02:10:00,night,4.64,0.91,0,118
W061,06-02-2026,1005,5.2,15,03:10:00,night,4.69,0.91,1,123
W061,08-02-2026,1127,5,16,04:10:00,night,4.87,0.96,1,154
W061,09-02-2026,1252,3.3,15,05:10:00,evening,4.91,0.98,1,148
W061,11-02-2026,1192,3.3,18,06:10:00,morning,4.98,0.95,0,177
W061,12-02-2026,835,6.2,13,07:10:00,morning,4.72,0.93,0,109
W061,13-02-2026,1247,3.3,17,08:10:00,morning,4.79,0.9,1,115
W061,15-02-2026,1240,4.5,17,09:10:00,evening,4.87,0.94,0,165
W061,16-02-2026,1054,5.9,13,10:10:00,morning,4.98,0.92,0,178
W061,17-02-2026,1057,6.3,17,11:10:00,afternoon,4.82,0.97,1,155
W061,18-02-2026,1220,7.1,19,12:10:00,night,4.73,0.93,1,139
W061,19-02-2026,1161,5.5,18,13:10:00,night,4.91,0.95,1,110
W061,21-02-2026,1310,6.7,18,14:10:00,afternoon,4.68,0.94,0,144
W061,22-02-2026,1195,4.8,18,15:10:00,night,4.92,0.92,0,106
W061,23-02-2026,1244,3.6,19,16:10:00,evening,4.92,0.91,1,172
W061,24-02-2026,1207,5.5,19,17:10:00,morning,4.63,0.93,1,149
W061,25-02-2026,1058,5.5,13,18:10:00,night,4.69,0.96,0,157
W061,27-02-2026,975,4.7,14,19:10:00,evening,4.74,0.91,0,121
W061,28-02-2026,1190,5.5,17,20:10:00,afternoon,4.92,0.93,1,155
W062,05-01-2026,739,5.7,11,21:10:00,night,4.44,0.84,1,264
W062,06-01-2026,850,7.9,12,22:10:00,night,4.51,0.81,1,257
W062,08-01-2026,657,5.5,7,23:10:00,night,4.37,0.83,2,223
W062,09-01-2026,1054,6.4,17,00:10:00,afternoon,4.46,0.84,1,226
W062,10-01-2026,919,4.4,15,01:10:00,afternoon,4.36,0.89,1,247
W062,12-01-2026,882,6.7,11,02:10:00,morning,4.45,0.84,2,194
W062,14-01-2026,961,4.9,11,03:10:00,night,4.58,0.83,1,251
W062,16-01-2026,671,3.3,7,04:10:00,morning,4.38,0.81,1,195
W062,17-01-2026,858,5.4,13,05:10:00,night,4.31,0.9,1,263
W062,18-01-2026,1264,3.4,19,06:10:00,morning,4.62,0.84,1,195
W062,19-01-2026,566,3.4,6,07:10:00,evening,4.7,0.87,1,262
W062,21-01-2026,920,3.2,15,08:10:00,morning,4.6,0.82,2,216
W062,22-01-2026,909,5.9,14,09:10:00,morning,4.67,0.82,2,203
W062,25-01-2026,887,4.9,11,10:10:00,morning,4.34,0.87,1,276
W062,26-01-2026,438,7.3,5,11:10:00,afternoon,4.52,0.86,1,226
W062,28-01-2026,651,3.2,8,12:10:00,afternoon,4.53,0.9,1,204
W062,29-01-2026,698,4.5,8,13:10:00,night,4.53,0.88,1,241
W062,30-01-2026,751,6.2,11,14:10:00,morning,4.56,0.87,1,234
W062,31-01-2026,554,4.2,9,15:10:00,afternoon,4.32,0.88,1,265
W062,01-02-2026,579,6.5,6,16:10:00,afternoon,4.41,0.85,1,194
W062,02-02-2026,993,6.9,14,17:10:00,night,4.31,0.84,1,263
W062,04-02-2026,641,3.2,9,18:10:00,morning,4.43,0.85,1,246
W062,06-02-2026,1228,4.4,17,19:10:00,morning,4.57,0.81,2,210
W062,07-02-2026,726,5.6,12,20:10:00,night,4.6,0.83,1,264
W062,08-02-2026,1090,7.3,16,21:10:00,evening,4.47,0.87,1,284
W062,09-02-2026,921,4.4,14,22:10:00,morning,4.47,0.88,1,226
W062,12-02-2026,1043,5,15,23:10:00,night,4.53,0.82,2,294
W062,13-02-2026,968,7.6,14,00:10:00,morning,4.45,0.88,2,191
W062,14-02-2026,902,6.2,10,01:10:00,evening,4.31,0.89,1,289
W062,15-02-2026,1010,5.5,13,02:10:00,night,4.65,0.86,1,295
W062,16-02-2026,813,3.7,12,03:10:00,evening,4.69,0.88,2,231
W062,17-02-2026,573,4.1,8,04:10:00,evening,4.45,0.87,1,206
W062,20-02-2026,763,4.7,12,05:10:00,morning,4.44,0.81,1,299
W062,22-02-2026,673,7.8,10,06:10:00,afternoon,4.6,0.86,1,257
W062,23-02-2026,1164,6.8,14,07:10:00,night,4.63,0.86,1,244
W062,24-02-2026,773,7.2,9,08:10:00,morning,4.57,0.85,2,249
W062,25-02-2026,875,5,11,09:10:00,morning,4.43,0.82,2,292
W062,27-02-2026,904,3.5,10,10:10:00,night,4.38,0.81,2,237
W062,28-02-2026,695,6,7,11:10:00,night,4.58,0.81,2,207
W063,11-01-2026,854,4.8,12,12:10:00,morning,4.8,0.96,0,156
W063,12-01-2026,984,5.3,14,13:10:00,night,4.66,0.95,0,113
W063,13-01-2026,1156,4.2,15,14:10:00,night,4.7,0.91,0,172
W063,14-01-2026,1044,7.3,16,15:10:00,night,4.62,0.97,0,119
W063,15-01-2026,1132,3.9,14,16:10:00,afternoon,4.84,0.96,0,107
W063,16-01-2026,1043,3.5,15,17:10:00,evening,4.79,0.96,1,129
W063,18-01-2026,996,6.7,13,18:10:00,morning,4.93,0.95,0,165
W063,19-01-2026,1168,5.4,17,19:10:00,night,5,0.91,0,151
W063,20-01-2026,1032,4.5,15,20:10:00,night,4.91,0.96,1,153
W063,21-01-2026,1260,6.6,16,21:10:00,afternoon,4.79,0.91,1,129
W063,22-01-2026,1298,4.6,20,22:10:00,morning,4.65,0.97,1,166
W063,23-01-2026,774,4,13,23:10:00,night,4.69,0.97,0,135
W063,24-01-2026,1247,4.1,18,00:10:00,night,4.67,0.92,1,164
W063,26-01-2026,940,4,12,01:10:00,morning,4.65,0.98,1,161
W063,27-01-2026,1317,7.2,18,02:10:00,morning,4.67,0.91,0,130
W063,28-01-2026,1336,3.9,17,03:10:00,night,4.8,0.9,1,167
W063,29-01-2026,990,4.1,12,04:10:00,morning,4.76,0.96,1,151
W063,30-01-2026,877,6.2,14,05:10:00,evening,4.6,0.9,0,132
W063,31-01-2026,921,4.7,12,06:10:00,afternoon,4.96,0.98,0,127
W063,05-02-2026,1044,4.9,16,07:10:00,afternoon,4.75,0.9,1,172
W063,06-02-2026,1199,4,16,08:10:00,night,4.93,0.95,0,122
W063,07-02-2026,927,7.3,14,09:10:00,afternoon,4.78,0.91,0,171
W063,09-02-2026,991,5.4,16,10:10:00,night,4.62,0.95,1,101
W063,10-02-2026,900,5.8,12,11:10:00,evening,4.96,0.95,1,146
W063,11-02-2026,1164,3.7,14,12:10:00,afternoon,4.93,0.91,0,151
W063,12-02-2026,1038,3.2,16,13:10:00,morning,4.74,0.9,0,107
W063,13-02-2026,1365,3.3,18,14:10:00,afternoon,4.97,0.91,0,169
W063,14-02-2026,798,4.3,13,15:10:00,night,4.81,0.92,1,102
W063,15-02-2026,869,6.7,10,16:10:00,night,4.71,0.96,1,169
W063,16-02-2026,1202,7.1,17,17:10:00,evening,4.98,0.91,0,114
W063,17-02-2026,966,5.1,15,18:10:00,evening,4.78,0.92,0,123
W063,18-02-2026,1003,6.3,12,19:10:00,morning,4.67,0.96,0,154
W063,20-02-2026,987,5.1,15,20:10:00,night,4.96,0.98,0,143
W063,21-02-2026,1166,5,14,21:10:00,evening,4.71,0.97,0,117
W063,23-02-2026,1156,4.5,14,22:10:00,afternoon,4.74,0.98,1,117
W063,25-02-2026,1161,3.9,14,23:10:00,afternoon,4.94,0.97,1,131
W063,27-02-2026,1132,7.4,15,00:10:00,night,4.92,0.92,0,142
W063,28-02-2026,1268,6,20,01:10:00,afternoon,4.92,0.91,1,135
W064,11-01-2026,825,3.1,11,02:10:00,night,4.47,0.81,2,368
W064,13-01-2026,671,4.6,11,03:10:00,night,4.34,0.72,4,308
W064,15-01-2026,789,5.1,12,04:10:00,afternoon,4.04,0.81,2,326
W064,16-01-2026,849,3.6,14,05:10:00,afternoon,4.32,0.8,4,425
W064,18-01-2026,229,5.8,5,06:10:00,evening,4.34,0.71,2,311
W064,19-01-2026,1261,7.6,20,07:10:00,evening,4.06,0.76,2,426
W064,20-01-2026,1228,5.2,15,08:10:00,night,4.02,0.82,4,430
W064,21-01-2026,700,6.9,10,09:10:00,morning,4.09,0.8,2,332
W064,22-01-2026,740,5.1,10,10:10:00,afternoon,4.27,0.77,3,355
W064,23-01-2026,200,7.2,5,11:10:00,night,4.47,0.79,4,372
W064,24-01-2026,200,3.4,5,12:10:00,night,4.48,0.73,2,410
W064,25-01-2026,281,7.8,5,13:10:00,night,4.48,0.74,2,316
W064,26-01-2026,1401,7.7,18,14:10:00,evening,4.1,0.75,4,320
W064,27-01-2026,1303,5.4,20,15:10:00,night,4.4,0.82,3,416
W064,28-01-2026,1091,5.8,14,16:10:00,evening,4.28,0.76,3,389
W064,29-01-2026,1256,7.4,16,17:10:00,night,4.24,0.7,3,366
W064,30-01-2026,200,6.8,5,18:10:00,night,4.22,0.81,3,434
W064,01-02-2026,684,5.2,8,19:10:00,night,4.3,0.78,4,443
W064,03-02-2026,1341,5.8,17,20:10:00,morning,4.12,0.85,4,411
W064,04-02-2026,780,7.4,10,21:10:00,night,4.2,0.71,2,381
W064,06-02-2026,200,4,5,22:10:00,night,4.5,0.73,4,377
W064,08-02-2026,200,4.4,5,23:10:00,afternoon,4.15,0.81,2,334
W064,09-02-2026,546,7,8,00:10:00,evening,4.12,0.73,3,384
W064,10-02-2026,1196,3.2,17,01:10:00,morning,4.07,0.71,2,425
W064,12-02-2026,1187,5.3,15,02:10:00,afternoon,4.22,0.8,3,342
W064,14-02-2026,723,6.3,9,03:10:00,afternoon,4.01,0.71,4,421
W064,16-02-2026,492,5,6,04:10:00,afternoon,4.33,0.8,2,420
W064,18-02-2026,704,3.9,9,05:10:00,morning,4.03,0.75,4,337
W064,20-02-2026,1062,3.4,15,06:10:00,evening,4.35,0.74,2,403
W064,21-02-2026,328,3.2,6,07:10:00,night,4.2,0.7,3,327
W064,22-02-2026,264,7.6,5,08:10:00,morning,4.36,0.84,4,425
W064,23-02-2026,576,6.4,10,09:10:00,afternoon,4.01,0.7,2,407
W064,24-02-2026,1138,5.9,18,10:10:00,morning,4.17,0.81,4,344
W064,25-02-2026,1224,5.2,19,11:10:00,night,4.03,0.8,4,353
W064,26-02-2026,200,3.2,5,12:10:00,morning,4.19,0.84,3,311
W064,27-02-2026,887,7,10,13:10:00,afternoon,4.46,0.81,2,327
W064,28-02-2026,1705,6.9,23,14:10:00,evening,4.21,0.82,2,447
W064,01-03-2026,1109,5.2,15,15:10:00,evening,4.23,0.7,2,432
W065,05-01-2026,976,4.1,14,16:10:00,night,4.46,0.83,2,249
W065,06-01-2026,850,5,10,17:10:00,evening,4.39,0.86,2,221
W065,07-01-2026,569,5.6,7,18:10:00,morning,4.42,0.9,1,218
W065,08-01-2026,922,5.9,15,19:10:00,afternoon,4.42,0.88,1,229
W065,09-01-2026,988,3.3,15,20:10:00,afternoon,4.53,0.9,1,294
W065,10-01-2026,586,6.2,8,21:10:00,morning,4.43,0.8,2,279
W065,11-01-2026,1312,4.2,16,22:10:00,evening,4.54,0.89,2,215
W065,12-01-2026,1151,7.1,17,23:10:00,morning,4.38,0.84,2,186
W065,13-01-2026,1221,3.5,15,00:10:00,afternoon,4.59,0.86,2,234
W065,14-01-2026,1070,7.8,14,01:10:00,morning,4.44,0.9,2,272
W065,15-01-2026,752,6.6,10,02:10:00,night,4.6,0.82,2,185
W065,16-01-2026,692,6.5,11,03:10:00,afternoon,4.67,0.84,2,215
W065,17-01-2026,1075,6.8,16,04:10:00,night,4.52,0.84,2,188
W065,18-01-2026,773,4.8,9,05:10:00,evening,4.59,0.9,1,280
W065,19-01-2026,693,5.4,11,06:10:00,afternoon,4.38,0.84,2,204
W065,20-01-2026,722,3.6,11,07:10:00,night,4.52,0.85,1,220
W065,21-01-2026,1145,6.9,15,08:10:00,afternoon,4.32,0.81,1,241
W065,23-01-2026,604,5.9,6,09:10:00,night,4.67,0.86,2,291
W065,24-01-2026,863,6.4,14,10:10:00,afternoon,4.69,0.81,1,203
W065,25-01-2026,1176,3.2,17,11:10:00,afternoon,4.48,0.86,1,241
W065,26-01-2026,949,4.4,13,12:10:00,evening,4.62,0.89,2,180
W065,30-01-2026,961,3.7,11,13:10:00,morning,4.45,0.82,2,211
W065,31-01-2026,987,4.2,16,14:10:00,night,4.64,0.84,1,202
W065,01-02-2026,1324,4.3,16,15:10:00,morning,4.34,0.82,2,232
W065,02-02-2026,680,5.5,10,16:10:00,night,4.69,0.8,2,269
W065,03-02-2026,1272,7.8,18,17:10:00,morning,4.49,0.83,1,235
W065,04-02-2026,1011,6.3,12,18:10:00,morning,4.4,0.85,2,270
W065,05-02-2026,514,4.6,8,19:10:00,morning,4.31,0.81,2,195
W065,07-02-2026,1129,5.9,17,20:10:00,night,4.47,0.86,2,268
W065,08-02-2026,1205,6.6,17,21:10:00,afternoon,4.62,0.87,2,257
W065,09-02-2026,1181,5.9,16,22:10:00,afternoon,4.6,0.89,2,194
W065,10-02-2026,841,7.8,12,23:10:00,morning,4.32,0.82,1,221
W065,11-02-2026,945,3.7,12,00:10:00,morning,4.37,0.84,2,200
W065,12-02-2026,250,3.7,5,01:10:00,night,4.61,0.86,1,251
W065,14-02-2026,991,7.1,16,02:10:00,afternoon,4.31,0.8,2,237
W065,15-02-2026,1251,7,18,03:10:00,morning,4.54,0.85,1,274
W065,16-02-2026,1088,7.6,15,04:10:00,night,4.42,0.85,2,298
W065,17-02-2026,1104,4.3,16,05:10:00,morning,4.63,0.9,1,267
W065,19-02-2026,1122,7,17,06:10:00,night,4.56,0.8,1,227
W065,20-02-2026,877,6.2,13,07:10:00,night,4.58,0.82,2,295
W065,21-02-2026,1324,5.1,16,08:10:00,morning,4.34,0.87,2,261
W065,22-02-2026,794,6.7,10,09:10:00,night,4.52,0.8,2,268
W065,23-02-2026,1134,5.2,16,10:10:00,morning,4.33,0.87,1,192
W065,24-02-2026,985,4.9,16,11:10:00,evening,4.65,0.81,2,232
W065,25-02-2026,743,6.1,12,12:10:00,evening,4.4,0.87,1,281
W065,26-02-2026,646,4.9,10,13:10:00,afternoon,4.46,0.83,1,292
W065,27-02-2026,925,3.5,12,14:10:00,evening,4.42,0.81,2,267
W065,28-02-2026,355,4.6,5,15:10:00,morning,4.33,0.85,2,299
W065,01-03-2026,1019,6.8,15,16:10:00,evening,4.66,0.87,1,266
W066,11-01-2026,916,5.3,14,17:10:00,afternoon,4.9,0.95,0,110
W066,12-01-2026,1266,3.5,20,18:10:00,morning,4.97,0.95,0,179
W066,13-01-2026,935,7.4,15,19:10:00,evening,4.63,0.98,1,129
W066,14-01-2026,1144,3.1,17,20:10:00,night,4.65,0.97,1,155
W066,15-01-2026,1110,5.5,16,21:10:00,morning,4.7,0.95,1,104
W066,16-01-2026,1158,7.9,15,22:10:00,afternoon,4.89,0.96,1,113
W066,17-01-2026,805,3.9,12,23:10:00,night,4.7,0.9,1,142
W066,18-01-2026,1242,7.6,19,00:10:00,evening,4.91,0.94,0,139
W066,19-01-2026,1068,4.6,15,01:10:00,night,4.7,0.96,1,134
W066,20-01-2026,1080,3.2,16,02:10:00,morning,4.73,0.93,0,128
W066,21-01-2026,1222,4.2,17,03:10:00,afternoon,4.67,0.96,0,148
W066,22-01-2026,936,5.8,14,04:10:00,morning,4.78,0.9,0,160
W066,23-01-2026,937,5.5,13,05:10:00,morning,4.69,0.95,0,147
W066,24-01-2026,1073,4.4,17,06:10:00,morning,4.61,0.95,0,102
W066,25-01-2026,1007,6.5,12,07:10:00,afternoon,4.88,0.94,1,176
W066,26-01-2026,1291,3.1,16,08:10:00,night,4.64,0.94,0,129
W066,27-01-2026,1173,4.2,14,09:10:00,evening,4.6,0.94,1,170
W066,28-01-2026,960,4.6,11,10:10:00,morning,4.86,0.93,1,103
W066,29-01-2026,1234,5.1,18,11:10:00,afternoon,4.79,0.91,1,140
W066,30-01-2026,877,4.9,13,12:10:00,night,4.77,0.95,1,156
W066,02-02-2026,1149,4,18,13:10:00,afternoon,4.99,0.93,0,101
W066,03-02-2026,1031,7.7,16,14:10:00,night,4.69,0.92,0,133
W066,04-02-2026,944,7,15,15:10:00,evening,4.77,0.98,0,144
W066,08-02-2026,1069,3.1,16,16:10:00,night,4.93,0.94,1,120
W066,09-02-2026,1137,4,15,17:10:00,evening,4.63,0.95,0,171
W066,10-02-2026,1076,7.9,16,18:10:00,evening,4.82,0.97,1,173
W066,11-02-2026,936,3.2,13,19:10:00,evening,4.78,0.9,1,168
W066,12-02-2026,1032,7.9,15,20:10:00,afternoon,4.7,0.93,1,163
W066,13-02-2026,1322,3.6,19,21:10:00,evening,4.8,0.93,1,178
W066,15-02-2026,1114,5.5,16,22:10:00,night,4.92,0.92,0,177
W066,16-02-2026,1340,4.2,17,23:10:00,evening,4.86,0.94,1,110
W066,17-02-2026,1211,6.8,19,00:10:00,night,4.73,0.96,1,101
W066,18-02-2026,1248,3.1,19,01:10:00,afternoon,5,0.92,0,142
W066,19-02-2026,1246,7.9,16,02:10:00,night,4.88,0.94,1,165
W066,20-02-2026,992,7.5,13,03:10:00,afternoon,4.82,0.94,1,101
W066,22-02-2026,1074,7.2,13,04:10:00,morning,4.7,0.96,0,112
W066,24-02-2026,1394,3.4,20,05:10:00,afternoon,4.67,0.98,0,108
W066,25-02-2026,1166,7.3,15,06:10:00,evening,4.95,0.92,1,122
W066,26-02-2026,950,3.1,15,07:10:00,night,4.97,0.93,1,105
W066,28-02-2026,1053,5,15,08:10:00,morning,4.71,0.98,1,134
W066,01-03-2026,1139,5.5,16,09:10:00,evening,4.91,0.9,0,117
W067,10-01-2026,688,7.8,11,10:10:00,night,4.01,0.75,2,430
W067,11-01-2026,200,6.9,5,11:10:00,morning,4.18,0.82,4,428
W067,12-01-2026,1010,3.1,16,12:10:00,night,4.13,0.7,3,302
W067,13-01-2026,1007,3.6,13,13:10:00,evening,4.17,0.75,2,324
W067,15-01-2026,747,5.3,12,14:10:00,evening,4.27,0.78,3,403
W067,17-01-2026,1543,3.9,23,15:10:00,afternoon,4.1,0.82,4,334
W067,18-01-2026,661,7.5,10,16:10:00,evening,4.34,0.79,2,343
W067,19-01-2026,711,6.4,11,17:10:00,night,4.33,0.8,4,366
W067,20-01-2026,1082,4,15,18:10:00,night,4.41,0.75,3,385
W067,22-01-2026,1663,5.8,21,19:10:00,morning,4.44,0.77,2,329
W067,23-01-2026,200,3.8,5,20:10:00,afternoon,4.25,0.85,4,305
W067,24-01-2026,453,4,7,21:10:00,afternoon,4.4,0.76,2,413
W067,27-01-2026,571,3.5,10,22:10:00,afternoon,4.43,0.72,4,413
W067,29-01-2026,526,4.8,8,23:10:00,afternoon,4.08,0.81,4,331
W067,30-01-2026,1078,4.8,16,00:10:00,afternoon,4.29,0.73,2,318
W067,31-01-2026,200,5.5,5,01:10:00,evening,4.08,0.75,2,360
W067,01-02-2026,511,6.7,6,02:10:00,night,4.41,0.72,2,338
W067,02-02-2026,505,4.8,7,03:10:00,evening,4.08,0.84,3,302
W067,04-02-2026,219,7.2,5,04:10:00,night,4.21,0.84,4,419
W067,05-02-2026,677,4.7,9,05:10:00,afternoon,4.49,0.79,4,403
W067,07-02-2026,1109,6.9,15,06:10:00,morning,4.08,0.77,3,385
W067,08-02-2026,589,4.2,10,07:10:00,evening,4.28,0.8,2,417
W067,10-02-2026,1155,3.9,17,08:10:00,morning,4.34,0.81,3,309
W067,11-02-2026,918,5.9,15,09:10:00,evening,4.35,0.7,3,376
W067,12-02-2026,666,3.8,11,10:10:00,afternoon,4.02,0.73,3,301
W067,13-02-2026,1383,7.8,19,11:10:00,afternoon,4.03,0.83,4,305
W067,14-02-2026,1789,6.2,26,12:10:00,morning,4.44,0.84,4,349
W067,16-02-2026,1097,6.6,15,13:10:00,morning,4.03,0.83,3,416
W067,17-02-2026,1195,4.2,16,14:10:00,evening,4.5,0.83,4,373
W067,19-02-2026,981,4.9,14,15:10:00,night,4.19,0.83,2,330
W067,20-02-2026,1272,3.7,20,16:10:00,evening,4.25,0.74,2,412
W067,21-02-2026,1499,4,23,17:10:00,evening,4.31,0.73,3,314
W067,23-02-2026,1795,3.1,24,18:10:00,morning,4.26,0.84,2,325
W067,24-02-2026,200,4.6,5,19:10:00,night,4.22,0.82,2,418
W067,25-02-2026,200,3.5,5,20:10:00,morning,4.36,0.73,3,366
W067,26-02-2026,936,3.4,15,21:10:00,night,4.24,0.83,3,354
W067,27-02-2026,994,4.7,14,22:10:00,night,4.05,0.75,4,430
W067,28-02-2026,1211,6.1,15,23:10:00,afternoon,4.46,0.74,3,371
W068,03-01-2026,1097,3,14,00:10:00,night,4.95,0.91,1,153
W068,04-01-2026,1185,3.2,15,01:10:00,evening,4.88,0.93,0,144
W068,05-01-2026,984,6.5,12,02:10:00,afternoon,4.82,0.92,1,178
W068,06-01-2026,898,6.5,13,03:10:00,night,4.69,0.96,0,130
W068,07-01-2026,1198,3.7,15,04:10:00,afternoon,4.62,0.95,1,148
W068,08-01-2026,963,6.6,14,05:10:00,night,4.63,0.93,0,179
W068,12-01-2026,1111,5.5,17,06:10:00,afternoon,4.96,0.97,0,100
W068,14-01-2026,1005,7.6,14,07:10:00,night,4.62,0.91,0,157
W068,15-01-2026,770,5.1,10,08:10:00,afternoon,4.89,0.93,1,152
W068,16-01-2026,1263,5.7,17,09:10:00,night,4.94,0.93,1,132
W068,17-01-2026,1181,8,16,10:10:00,morning,4.96,0.97,1,116
W068,18-01-2026,1062,3.9,15,11:10:00,night,4.64,0.98,0,155
W068,19-01-2026,1141,7.7,15,12:10:00,night,4.92,0.9,1,162
W068,20-01-2026,1258,6.4,19,13:10:00,night,4.82,0.96,0,114
W068,21-01-2026,1075,3.6,15,14:10:00,afternoon,4.94,0.97,0,146
W068,22-01-2026,1207,7.6,16,15:10:00,morning,4.86,0.92,1,167
W068,23-01-2026,1128,7.5,18,16:10:00,night,4.73,0.98,0,121
W068,24-01-2026,934,4.9,13,17:10:00,night,4.89,0.92,1,106
W068,25-01-2026,1093,5.5,16,18:10:00,night,4.88,0.96,0,143
W068,26-01-2026,1097,7.9,17,19:10:00,evening,4.92,0.94,0,160
W068,27-01-2026,1318,6.7,19,20:10:00,night,4.95,0.94,0,100
W068,29-01-2026,1161,5.5,18,21:10:00,night,4.98,0.95,1,132
W068,30-01-2026,1189,5.5,16,22:10:00,morning,4.82,0.97,1,133
W068,31-01-2026,1050,3.7,14,23:10:00,night,4.89,0.93,0,178
W068,02-02-2026,795,6.4,9,00:10:00,night,4.63,0.9,0,171
W068,03-02-2026,1030,3.8,16,01:10:00,evening,4.67,0.9,0,125
W068,04-02-2026,1011,6.2,13,02:10:00,night,4.97,0.93,1,167
W068,05-02-2026,1163,3.7,18,03:10:00,night,4.97,0.92,0,112
W068,06-02-2026,1151,4.6,18,04:10:00,night,4.97,0.94,0,167
W068,07-02-2026,1094,3.3,14,05:10:00,night,4.65,0.98,1,106
W068,08-02-2026,1091,3.9,15,06:10:00,evening,4.73,0.92,1,174
W068,11-02-2026,933,7,15,07:10:00,night,4.67,0.96,1,139
W068,12-02-2026,1352,3.4,19,08:10:00,evening,4.9,0.97,1,143
W068,14-02-2026,954,6.4,15,09:10:00,evening,4.72,0.92,0,130
W068,15-02-2026,1072,6.3,13,10:10:00,night,4.65,0.96,0,137
W068,17-02-2026,1114,4.5,15,11:10:00,night,4.87,0.94,0,118
W068,18-02-2026,902,7.5,11,12:10:00,afternoon,4.95,0.91,0,149
W068,19-02-2026,1124,7.8,15,13:10:00,afternoon,4.89,0.94,1,146
W068,20-02-2026,1377,6,19,14:10:00,evening,4.9,0.94,0,165
W068,21-02-2026,1147,6,14,15:10:00,night,4.82,0.93,1,157
W068,22-02-2026,1104,7.8,15,16:10:00,evening,4.8,0.93,1,160
W068,23-02-2026,1272,3.9,20,17:10:00,afternoon,4.64,0.93,1,174
W068,25-02-2026,1120,6,14,18:10:00,night,4.99,0.97,0,163
W068,26-02-2026,1152,4.5,17,19:10:00,afternoon,4.68,0.91,0,135
W068,27-02-2026,1058,6.5,13,20:10:00,morning,4.66,0.94,0,126
W068,28-02-2026,1267,3.7,18,21:10:00,afternoon,4.71,0.97,1,179
W068,01-03-2026,980,4.4,13,22:10:00,afternoon,4.83,0.94,0,103
W069,07-01-2026,742,7.6,10,23:10:00,evening,4.38,0.82,4,345
W069,08-01-2026,655,6.5,11,00:10:00,night,4.33,0.82,4,445
W069,11-01-2026,387,7.8,6,01:10:00,morning,4.42,0.84,4,397
W069,12-01-2026,1088,7.4,16,02:10:00,morning,4.04,0.77,3,308
W069,13-01-2026,551,5.1,6,03:10:00,evening,4.32,0.8,2,383
W069,14-01-2026,811,6.7,11,04:10:00,night,4.48,0.72,4,395
W069,15-01-2026,839,6.8,11,05:10:00,night,4.26,0.84,3,380
W069,16-01-2026,591,4.3,9,06:10:00,afternoon,4.25,0.75,2,318
W069,18-01-2026,479,3.9,7,07:10:00,morning,4.05,0.84,3,421
W069,19-01-2026,691,6.1,8,08:10:00,morning,4.41,0.76,2,306
W069,20-01-2026,200,6.3,5,09:10:00,evening,4.28,0.77,4,309
W069,21-01-2026,816,7.2,11,10:10:00,evening,4.46,0.84,3,428
W069,22-01-2026,1613,5.5,24,11:10:00,afternoon,4.39,0.82,3,337
W069,23-01-2026,417,6.8,5,12:10:00,night,4.03,0.74,3,441
W069,25-01-2026,528,4.6,7,13:10:00,morning,4.5,0.85,2,414
W069,26-01-2026,916,5.4,11,14:10:00,morning,4.14,0.79,2,393
W069,28-01-2026,1530,3.4,21,15:10:00,afternoon,4.31,0.78,4,353
W069,29-01-2026,562,7.4,10,16:10:00,morning,4,0.81,4,414
W069,31-01-2026,1235,3.1,15,17:10:00,afternoon,4.48,0.73,4,421
W069,01-02-2026,257,4.2,5,18:10:00,evening,4.15,0.77,2,440
W069,02-02-2026,298,4.6,5,19:10:00,night,4.32,0.72,4,326
W069,03-02-2026,1075,5.2,17,20:10:00,night,4.14,0.72,3,327
W069,04-02-2026,848,7,13,21:10:00,afternoon,4.48,0.74,4,303
W069,05-02-2026,200,5.9,5,22:10:00,morning,4.09,0.71,2,372
W069,06-02-2026,982,6.2,16,23:10:00,afternoon,4.09,0.76,2,345
W069,07-02-2026,645,4.8,8,00:10:00,night,4.26,0.72,4,312
W069,08-02-2026,544,6.3,9,01:10:00,night,4.17,0.76,3,434
W069,09-02-2026,664,5.9,10,02:10:00,night,4.19,0.73,3,439
W069,11-02-2026,242,7.4,5,03:10:00,night,4.39,0.76,3,439
W069,12-02-2026,1165,4.6,14,04:10:00,evening,4.47,0.72,4,411
W069,13-02-2026,752,7,11,05:10:00,afternoon,4.41,0.83,4,375
W069,14-02-2026,761,7.2,9,06:10:00,night,4.45,0.79,3,365
W069,15-02-2026,899,3.5,13,07:10:00,morning,4.43,0.78,3,448
W069,17-02-2026,885,7.2,14,08:10:00,afternoon,4.19,0.85,2,378
W069,18-02-2026,1466,7.6,20,09:10:00,evening,4.43,0.71,2,338
W069,19-02-2026,966,3.5,12,10:10:00,afternoon,4.06,0.79,3,376
W069,20-02-2026,862,3.5,13,11:10:00,evening,4.25,0.84,2,334
W069,21-02-2026,959,7.1,13,12:10:00,night,4.39,0.71,2,399
W069,22-02-2026,200,6.2,5,13:10:00,evening,4.49,0.8,2,318
W069,23-02-2026,498,6.5,5,14:10:00,morning,4.14,0.81,2,323
W069,24-02-2026,1057,4.8,14,15:10:00,night,4.35,0.82,3,345
W069,25-02-2026,823,7.4,10,16:10:00,afternoon,4.33,0.8,4,376
W069,26-02-2026,854,7.8,10,17:10:00,afternoon,4.26,0.82,4,339
W069,27-02-2026,665,5.9,11,18:10:00,night,4.37,0.7,4,449
W069,28-02-2026,1106,5.4,13,19:10:00,morning,4.3,0.81,2,349
W070,08-01-2026,994,4.5,16,20:10:00,evening,4.99,0.95,1,139
W070,09-01-2026,941,5.4,15,21:10:00,afternoon,4.71,0.94,0,153
W070,10-01-2026,730,5.4,11,22:10:00,afternoon,4.83,0.92,0,136
W070,11-01-2026,1118,6.6,16,23:10:00,evening,4.83,0.92,0,102
W070,12-01-2026,996,5.4,15,00:10:00,night,4.88,0.92,0,158
W070,13-01-2026,1445,3.5,19,01:10:00,evening,4.84,0.96,1,115
W070,14-01-2026,1192,4.9,15,02:10:00,morning,4.97,0.96,1,158
W070,16-01-2026,1483,7.7,19,03:10:00,morning,4.8,0.93,1,118
W070,17-01-2026,1021,3.4,12,04:10:00,night,4.88,0.94,0,143
W070,18-01-2026,1211,5,16,05:10:00,morning,4.8,0.93,1,137
W070,20-01-2026,848,5.5,10,06:10:00,morning,4.62,0.96,0,106
W070,21-01-2026,1081,5.8,13,07:10:00,morning,4.84,0.96,1,135
W070,22-01-2026,985,5.6,14,08:10:00,night,4.99,0.96,1,140
W070,23-01-2026,1483,6.9,23,09:10:00,morning,4.67,0.95,1,170
W070,26-01-2026,1055,4.5,15,10:10:00,evening,4.95,0.93,1,140
W070,27-01-2026,1107,3.7,13,11:10:00,morning,4.84,0.93,0,159
W070,29-01-2026,1066,5.2,16,12:10:00,night,4.94,0.9,1,146
W070,30-01-2026,1103,3,15,13:10:00,night,4.66,0.94,1,106
W070,31-01-2026,1033,4.6,15,14:10:00,night,4.99,0.92,1,167
W070,01-02-2026,1044,7.2,13,15:10:00,evening,4.64,0.93,1,170
W070,02-02-2026,994,7.5,12,16:10:00,night,4.67,0.98,0,151
W070,03-02-2026,1058,5.9,15,17:10:00,night,4.7,0.94,0,159
W070,05-02-2026,1166,3.4,14,18:10:00,morning,4.63,0.93,1,142
W070,07-02-2026,944,5.6,12,19:10:00,night,4.7,0.91,0,149
W070,08-02-2026,1199,5.2,16,20:10:00,night,4.6,0.94,0,139
W070,09-02-2026,769,3,9,21:10:00,afternoon,4.79,0.96,1,104
W070,10-02-2026,1214,5.6,19,22:10:00,afternoon,4.83,0.94,1,104
W070,11-02-2026,904,6.5,12,23:10:00,evening,4.73,0.96,1,108
W070,12-02-2026,951,4.8,15,00:10:00,morning,4.63,0.94,0,158
W070,14-02-2026,1207,6.2,15,01:10:00,morning,4.93,0.93,0,166
W070,15-02-2026,1069,7.7,17,02:10:00,morning,4.77,0.97,1,123
W070,16-02-2026,1077,7.6,13,03:10:00,evening,4.85,0.91,0,116
W070,17-02-2026,830,6.7,11,04:10:00,night,4.9,0.93,0,128
W070,18-02-2026,996,3.5,13,05:10:00,evening,4.75,0.92,0,133
W070,19-02-2026,1402,4.8,21,06:10:00,afternoon,4.85,0.98,1,134
W070,20-02-2026,1122,5.7,18,07:10:00,afternoon,4.65,0.96,1,160
W070,21-02-2026,991,7.4,16,08:10:00,morning,4.62,0.94,1,104
W070,22-02-2026,1039,6.2,16,09:10:00,morning,4.96,0.97,0,173
W070,23-02-2026,896,5,13,10:10:00,morning,4.7,0.91,0,100
W070,24-02-2026,1011,3.8,15,11:10:00,afternoon,4.67,0.92,0,108
W070,25-02-2026,929,4.4,13,12:10:00,evening,4.81,0.92,1,139
W070,27-02-2026,1164,5.4,15,13:10:00,evening,4.85,0.92,0,148
W070,28-02-2026,1125,6.7,17,14:10:00,afternoon,4.9,0.91,1,117
W071,07-01-2026,200,4.3,5,15:10:00,afternoon,4.09,0.77,2,373
W071,08-01-2026,1072,6.1,14,16:10:00,evening,4.49,0.84,4,315
W071,09-01-2026,945,5.8,11,17:10:00,night,4.41,0.72,3,356
W071,10-01-2026,355,6.7,5,18:10:00,evening,4.28,0.77,4,435
W071,12-01-2026,548,3.6,5,19:10:00,afternoon,4.4,0.77,4,302
W071,13-01-2026,1675,5.3,22,20:10:00,night,4,0.83,3,410
W071,14-01-2026,597,6.1,9,21:10:00,afternoon,4.44,0.82,3,318
W071,15-01-2026,1333,7.4,18,22:10:00,afternoon,4.09,0.74,3,414
W071,16-01-2026,273,3.5,5,23:10:00,afternoon,4.15,0.78,2,364
W071,17-01-2026,1251,5.8,16,00:10:00,night,4.44,0.71,2,304
W071,18-01-2026,1110,5.3,14,01:10:00,night,4.26,0.79,4,420
W071,19-01-2026,812,7.1,10,02:10:00,night,4.46,0.75,3,418
W071,20-01-2026,229,6.8,5,03:10:00,afternoon,4.06,0.84,4,338
W071,21-01-2026,200,4.9,5,04:10:00,night,4.08,0.83,2,429
W071,22-01-2026,1040,6.5,13,05:10:00,night,4.34,0.72,3,346
W071,23-01-2026,1031,3.4,13,06:10:00,night,4.22,0.79,2,415
W071,24-01-2026,227,5.8,5,07:10:00,evening,4.25,0.83,2,441
W071,27-01-2026,805,4.9,13,08:10:00,evening,4.01,0.81,3,407
W071,29-01-2026,1785,5.9,27,09:10:00,night,4.05,0.83,2,409
W071,30-01-2026,825,4.4,9,10:10:00,evening,4.43,0.77,4,311
W071,31-01-2026,534,3.7,8,11:10:00,night,4.13,0.75,2,354
W071,01-02-2026,899,5.4,14,12:10:00,afternoon,4.1,0.85,2,449
W071,02-02-2026,255,6.9,5,13:10:00,night,4.29,0.76,3,307
W071,03-02-2026,791,6.4,13,14:10:00,night,4.34,0.79,2,362
W071,04-02-2026,943,4.6,15,15:10:00,morning,4.15,0.79,2,315
W071,05-02-2026,1206,4.1,15,16:10:00,afternoon,4.2,0.82,2,407
W071,06-02-2026,245,7.8,5,17:10:00,evening,4.41,0.84,2,383
W071,07-02-2026,682,6.1,10,18:10:00,night,4.33,0.72,2,420
W071,08-02-2026,200,3.6,5,19:10:00,night,4.21,0.83,3,340
W071,09-02-2026,423,3.6,7,20:10:00,night,4.39,0.76,2,417
W071,10-02-2026,1189,6.1,15,21:10:00,night,4.28,0.75,3,386
W071,11-02-2026,1059,7,15,22:10:00,night,4.12,0.74,2,381
W071,12-02-2026,723,7.1,11,23:10:00,night,4.05,0.76,4,353
W071,13-02-2026,1256,7.1,17,00:10:00,evening,4.46,0.83,3,332
W071,14-02-2026,796,4.2,13,01:10:00,afternoon,4.19,0.8,2,331
W071,17-02-2026,1105,6.9,17,02:10:00,morning,4.31,0.72,4,329
W071,18-02-2026,795,4.4,10,03:10:00,night,4.01,0.77,2,446
W071,20-02-2026,1017,5.2,16,04:10:00,night,4.1,0.82,4,430
W071,21-02-2026,1349,3.5,19,05:10:00,night,4.28,0.76,4,313
W071,24-02-2026,200,5.5,5,06:10:00,night,4.44,0.82,4,411
W071,25-02-2026,1043,6.1,13,07:10:00,morning,4.26,0.82,2,311
W071,26-02-2026,1184,7.6,14,08:10:00,evening,4.02,0.83,3,327
W071,27-02-2026,200,6.3,5,09:10:00,night,4.4,0.82,3,435
W071,28-02-2026,1341,3.3,18,10:10:00,evening,4.34,0.85,2,347
W071,01-03-2026,1228,5.4,19,11:10:00,evening,4.35,0.75,4,443
W072,12-01-2026,1313,6,19,12:10:00,night,4.51,0.85,1,258
W072,13-01-2026,1538,3.4,23,13:10:00,night,4.38,0.85,1,226
W072,14-01-2026,649,4.4,10,14:10:00,night,4.62,0.82,1,297
W072,16-01-2026,863,6.8,10,15:10:00,afternoon,4.63,0.81,1,228
W072,17-01-2026,1070,7.3,13,16:10:00,afternoon,4.32,0.83,2,197
W072,18-01-2026,1054,4.8,13,17:10:00,night,4.63,0.88,1,243
W072,19-01-2026,833,6.5,12,18:10:00,evening,4.46,0.85,1,285
W072,20-01-2026,504,6.2,8,19:10:00,night,4.57,0.81,2,294
W072,22-01-2026,832,5,11,20:10:00,evening,4.58,0.88,2,287
W072,24-01-2026,921,3.9,11,21:10:00,afternoon,4.4,0.88,1,183
W072,25-01-2026,1078,4.9,14,22:10:00,afternoon,4.37,0.81,2,180
W072,26-01-2026,425,5.7,5,23:10:00,night,4.31,0.81,2,269
W072,27-01-2026,432,7.6,7,00:10:00,night,4.56,0.86,2,233
W072,30-01-2026,937,5.4,11,01:10:00,afternoon,4.44,0.85,1,251
W072,31-01-2026,525,5.8,7,02:10:00,afternoon,4.5,0.9,1,230
W072,01-02-2026,900,7.1,13,03:10:00,night,4.48,0.8,1,215
W072,02-02-2026,879,6.2,13,04:10:00,evening,4.62,0.83,1,204
W072,03-02-2026,1129,6.1,17,05:10:00,morning,4.68,0.89,2,250
W072,04-02-2026,912,3.8,12,06:10:00,morning,4.46,0.89,2,182
W072,05-02-2026,605,7,10,07:10:00,afternoon,4.31,0.84,2,233
W072,06-02-2026,1296,3.3,18,08:10:00,afternoon,4.32,0.9,1,277
W072,07-02-2026,660,4.2,9,09:10:00,evening,4.51,0.86,2,257
W072,09-02-2026,683,3.1,10,10:10:00,night,4.36,0.89,1,272
W072,10-02-2026,1178,5,18,11:10:00,afternoon,4.31,0.87,2,274
W072,12-02-2026,960,3.8,11,12:10:00,morning,4.46,0.82,1,206
W072,13-02-2026,738,3.1,10,13:10:00,morning,4.47,0.89,1,298
W072,14-02-2026,819,5.7,11,14:10:00,morning,4.56,0.84,1,273
W072,15-02-2026,247,7.3,5,15:10:00,night,4.4,0.88,1,285
W072,16-02-2026,1113,7.9,16,16:10:00,morning,4.37,0.85,2,254
W072,17-02-2026,1140,5.2,16,17:10:00,night,4.67,0.83,1,180
W072,18-02-2026,885,4.9,14,18:10:00,night,4.49,0.84,2,239
W072,19-02-2026,713,5.2,11,19:10:00,morning,4.39,0.81,1,299
W072,21-02-2026,719,6.1,10,20:10:00,evening,4.55,0.82,1,244
W072,23-02-2026,604,7.2,8,21:10:00,evening,4.37,0.82,1,183
W072,24-02-2026,779,3.6,10,22:10:00,evening,4.67,0.87,1,234
W072,25-02-2026,984,5.8,14,23:10:00,morning,4.45,0.84,1,281
W072,27-02-2026,1186,7.9,18,00:10:00,evening,4.56,0.89,2,275
W072,28-02-2026,385,6,5,01:10:00,afternoon,4.69,0.86,1,249
W073,04-01-2026,909,5.9,10,02:10:00,evening,4.36,0.88,1,296
W073,05-01-2026,1467,3.4,20,03:10:00,afternoon,4.57,0.86,2,277
W073,07-01-2026,1231,5.2,17,04:10:00,night,4.52,0.9,1,205
W073,08-01-2026,723,5.8,9,05:10:00,evening,4.54,0.89,1,297
W073,09-01-2026,1266,7,16,06:10:00,morning,4.41,0.86,2,265
W073,11-01-2026,1277,6.3,19,07:10:00,afternoon,4.34,0.83,2,283
W073,12-01-2026,813,7.5,10,08:10:00,night,4.5,0.85,1,238
W073,13-01-2026,694,4.3,7,09:10:00,morning,4.48,0.83,2,251
W073,14-01-2026,805,7.4,9,10:10:00,evening,4.47,0.81,1,280
W073,15-01-2026,909,7.2,11,11:10:00,night,4.55,0.81,2,187
W073,16-01-2026,1414,4.7,19,12:10:00,afternoon,4.32,0.89,1,268
W073,17-01-2026,1455,7.4,20,13:10:00,night,4.52,0.88,2,217
W073,18-01-2026,662,3,7,14:10:00,night,4.5,0.83,2,277
W073,19-01-2026,673,6.7,7,15:10:00,night,4.47,0.81,1,215
W073,20-01-2026,791,3.4,9,16:10:00,morning,4.69,0.88,1,211
W073,21-01-2026,486,5.1,7,17:10:00,night,4.36,0.81,2,279
W073,22-01-2026,915,5.9,12,18:10:00,morning,4.54,0.8,1,181
W073,23-01-2026,800,5.9,12,19:10:00,afternoon,4.64,0.87,2,256
W073,24-01-2026,1054,6.8,13,20:10:00,morning,4.48,0.84,1,298
W073,25-01-2026,885,5.1,14,21:10:00,night,4.51,0.86,2,201
W073,26-01-2026,1109,7.3,13,22:10:00,afternoon,4.34,0.83,2,184
W073,28-01-2026,1197,3.3,17,23:10:00,afternoon,4.63,0.8,2,195
W073,31-01-2026,1057,4,13,00:10:00,morning,4.6,0.81,2,263
W073,02-02-2026,1040,5.4,13,01:10:00,evening,4.39,0.88,2,194
W073,03-02-2026,436,5.9,5,02:10:00,morning,4.36,0.9,1,194
W073,04-02-2026,987,4.9,15,03:10:00,night,4.33,0.86,1,182
W073,05-02-2026,1233,4.2,18,04:10:00,evening,4.37,0.84,2,251
W073,06-02-2026,495,4.6,6,05:10:00,night,4.62,0.88,1,218
W073,08-02-2026,1242,5.6,18,06:10:00,morning,4.53,0.86,2,280
W073,09-02-2026,1045,3.4,15,07:10:00,night,4.31,0.85,1,298
W073,10-02-2026,799,3.3,13,08:10:00,evening,4.67,0.9,1,224
W073,11-02-2026,1112,7.7,15,09:10:00,morning,4.33,0.86,2,297
W073,12-02-2026,725,3.3,12,10:10:00,morning,4.53,0.82,2,217
W073,13-02-2026,700,6.1,9,11:10:00,morning,4.48,0.89,2,229
W073,14-02-2026,993,5.2,12,12:10:00,morning,4.46,0.83,2,203
W073,15-02-2026,1066,5.5,15,13:10:00,night,4.49,0.81,1,224
W073,17-02-2026,553,5.1,6,14:10:00,night,4.51,0.86,2,250
W073,18-02-2026,759,7.9,9,15:10:00,afternoon,4.48,0.84,2,258
W073,19-02-2026,845,5.5,12,16:10:00,morning,4.45,0.86,2,225
W073,20-02-2026,1184,3.1,15,17:10:00,evening,4.36,0.89,2,261
W073,22-02-2026,1095,6.6,15,18:10:00,evening,4.52,0.88,2,286
W073,23-02-2026,1027,6.2,15,19:10:00,afternoon,4.52,0.81,1,216
W073,24-02-2026,562,5.5,9,20:10:00,afternoon,4.45,0.83,2,252
W073,25-02-2026,966,7,11,21:10:00,evening,4.42,0.81,2,243
W073,26-02-2026,1000,3.4,15,22:10:00,morning,4.39,0.8,2,237
W073,27-02-2026,768,4,12,23:10:00,night,4.39,0.9,1,228
W073,01-03-2026,1111,4.5,17,00:10:00,afternoon,4.58,0.85,1,180
W074,11-01-2026,1090,6.3,13,01:10:00,evening,4.97,0.91,1,110
W074,13-01-2026,1078,7.7,13,02:10:00,afternoon,4.67,0.97,0,157
W074,14-01-2026,904,3.5,12,03:10:00,afternoon,4.97,0.96,0,117
W074,15-01-2026,1308,6.9,20,04:10:00,night,4.8,0.92,1,154
W074,16-01-2026,1186,4.6,14,05:10:00,evening,4.81,0.92,1,142
W074,18-01-2026,1027,3.2,15,06:10:00,night,4.66,0.94,1,141
W074,19-01-2026,1105,7.4,17,07:10:00,morning,4.89,0.97,1,178
W074,20-01-2026,729,3.7,8,08:10:00,night,4.67,0.97,1,167
W074,21-01-2026,1017,5.4,15,09:10:00,night,4.97,0.95,0,157
W074,22-01-2026,1231,6.6,15,10:10:00,evening,4.62,0.94,1,111
W074,23-01-2026,1090,7,13,11:10:00,evening,4.76,0.93,1,131
W074,25-01-2026,1110,6.9,15,12:10:00,night,4.98,0.92,0,114
W074,26-01-2026,1145,6.7,15,13:10:00,evening,4.77,0.93,1,115
W074,28-01-2026,1339,3.5,19,14:10:00,morning,4.87,0.96,1,175
W074,29-01-2026,838,6.7,11,15:10:00,morning,4.97,0.95,1,167
W074,30-01-2026,1247,7.6,19,16:10:00,evening,4.73,0.92,0,114
W074,31-01-2026,952,4.4,12,17:10:00,night,4.89,0.91,0,110
W074,02-02-2026,1061,5.4,15,18:10:00,night,4.72,0.94,1,176
W074,03-02-2026,1279,5.4,18,19:10:00,evening,4.63,0.97,1,158
W074,04-02-2026,995,5.7,15,20:10:00,night,4.77,0.93,0,118
W074,06-02-2026,1229,5.6,16,21:10:00,afternoon,4.65,0.92,1,173
W074,07-02-2026,1150,7.4,17,22:10:00,morning,4.6,0.92,0,150
W074,09-02-2026,1101,4.1,16,23:10:00,evening,4.75,0.91,0,125
W074,10-02-2026,964,4.3,11,00:10:00,morning,5,0.94,1,172
W074,11-02-2026,901,5.3,12,01:10:00,afternoon,4.74,0.97,0,163
W074,12-02-2026,1088,7.9,17,02:10:00,morning,4.75,0.98,1,116
W074,13-02-2026,1236,6.7,15,03:10:00,night,4.68,0.93,0,131
W074,15-02-2026,1039,6.6,12,04:10:00,morning,4.61,0.94,0,124
W074,17-02-2026,936,6.8,11,05:10:00,morning,4.62,0.92,0,159
W074,18-02-2026,1316,3.6,16,06:10:00,evening,4.88,0.92,1,122
W074,19-02-2026,1092,6.6,13,07:10:00,night,4.78,0.92,1,139
W074,20-02-2026,1281,7.5,18,08:10:00,morning,4.63,0.92,0,138
W074,21-02-2026,1087,4.1,14,09:10:00,night,4.79,0.94,1,173
W074,22-02-2026,1330,6.7,17,10:10:00,night,4.98,0.95,1,141
W074,24-02-2026,1076,3.3,16,11:10:00,night,4.68,0.94,1,132
W074,26-02-2026,1020,3.3,15,12:10:00,morning,4.69,0.97,0,124
W074,27-02-2026,1071,6.5,17,13:10:00,afternoon,4.75,0.94,0,104
W074,28-02-2026,1231,7.6,19,14:10:00,night,4.61,0.93,1,115
W074,01-03-2026,1021,3.2,12,15:10:00,morning,4.66,0.93,0,170
W075,01-01-2026,1180,4.1,15,16:10:00,afternoon,4.33,0.83,2,271
W075,02-01-2026,1059,6.6,13,17:10:00,afternoon,4.67,0.86,1,180
W075,03-01-2026,1255,3.4,18,18:10:00,evening,4.38,0.89,1,219
W075,05-01-2026,1237,4.9,17,19:10:00,afternoon,4.57,0.84,2,274
W075,06-01-2026,907,3.7,13,20:10:00,evening,4.52,0.87,1,274
W075,07-01-2026,1408,6.2,20,21:10:00,night,4.54,0.8,2,202
W075,08-01-2026,913,4.5,12,22:10:00,afternoon,4.42,0.88,2,279
W075,09-01-2026,643,7.5,11,23:10:00,morning,4.61,0.87,2,259
W075,13-01-2026,984,6.7,15,00:10:00,night,4.63,0.8,1,192
W075,14-01-2026,427,7.2,8,01:10:00,afternoon,4.64,0.86,1,266
W075,15-01-2026,903,7.9,10,02:10:00,morning,4.32,0.83,1,296
W075,16-01-2026,1182,7.4,17,03:10:00,night,4.61,0.83,1,258
W075,17-01-2026,816,4.7,9,04:10:00,morning,4.62,0.83,2,258
W075,18-01-2026,554,3.2,9,05:10:00,night,4.62,0.8,1,259
W075,19-01-2026,1027,5.7,16,06:10:00,afternoon,4.36,0.86,2,295
W075,21-01-2026,694,7.6,10,07:10:00,morning,4.59,0.85,1,199
W075,22-01-2026,595,4.7,7,08:10:00,evening,4.59,0.84,2,252
W075,23-01-2026,651,7.7,7,09:10:00,evening,4.43,0.89,2,211
W075,25-01-2026,798,7.4,12,10:10:00,night,4.35,0.87,1,263
W075,26-01-2026,940,7,15,11:10:00,evening,4.58,0.83,2,194
W075,27-01-2026,645,5,10,12:10:00,night,4.48,0.89,2,204
W075,28-01-2026,598,5.5,10,13:10:00,afternoon,4.52,0.81,1,239
W075,29-01-2026,1123,7.5,18,14:10:00,night,4.52,0.82,2,271
W075,31-01-2026,684,5.9,7,15:10:00,morning,4.68,0.87,2,226
W075,01-02-2026,609,6.1,9,16:10:00,afternoon,4.53,0.87,1,251
W075,02-02-2026,745,3.5,8,17:10:00,afternoon,4.6,0.85,1,268
W075,03-02-2026,970,3.8,12,18:10:00,morning,4.68,0.85,2,216
W075,04-02-2026,1248,4.5,17,19:10:00,afternoon,4.46,0.85,1,297
W075,06-02-2026,989,3.9,16,20:10:00,night,4.45,0.82,1,266
W075,07-02-2026,665,8,11,21:10:00,night,4.43,0.81,2,219
W075,08-02-2026,1102,5.1,14,22:10:00,afternoon,4.32,0.9,1,272
W075,11-02-2026,1052,6.7,14,23:10:00,morning,4.69,0.85,1,293
W075,12-02-2026,621,6.1,6,00:10:00,night,4.36,0.83,1,208
W075,13-02-2026,851,4.8,13,01:10:00,afternoon,4.32,0.89,1,199
W075,14-02-2026,636,3.2,11,02:10:00,afternoon,4.67,0.85,1,249
W075,15-02-2026,1322,5.4,19,03:10:00,evening,4.52,0.9,2,266
W075,16-02-2026,1049,7.3,13,04:10:00,night,4.53,0.88,1,250
W075,18-02-2026,684,5.6,11,05:10:00,afternoon,4.64,0.84,2,195
W075,19-02-2026,863,7.2,12,06:10:00,night,4.59,0.84,2,202
W075,21-02-2026,744,4.2,9,07:10:00,morning,4.37,0.85,1,195
W075,24-02-2026,1090,4,13,08:10:00,evening,4.33,0.89,2,194
W075,25-02-2026,913,4.6,15,09:10:00,night,4.46,0.82,2,263
W075,26-02-2026,1017,6.5,16,10:10:00,morning,4.38,0.9,2,260
W075,27-02-2026,899,7.8,10,11:10:00,morning,4.68,0.84,1,236
W075,28-02-2026,758,6.7,10,12:10:00,afternoon,4.64,0.8,1,261
W075,01-03-2026,1301,6.5,19,13:10:00,night,4.41,0.84,1,236
W076,10-01-2026,390,7.1,5,14:10:00,evening,4.32,0.72,3,421
W076,11-01-2026,421,4.4,7,15:10:00,night,4.08,0.78,3,337
W076,12-01-2026,1141,7.7,15,16:10:00,morning,4.46,0.72,2,369
W076,13-01-2026,924,3.4,13,17:10:00,evening,4.34,0.81,2,394
W076,14-01-2026,494,4.6,6,18:10:00,night,4.47,0.72,3,444
W076,17-01-2026,1443,3.9,21,19:10:00,evening,4.48,0.83,3,364
W076,18-01-2026,453,6.5,5,20:10:00,afternoon,4.42,0.73,2,300
W076,19-01-2026,482,6.2,7,21:10:00,morning,4.04,0.79,3,442
W076,20-01-2026,555,4.3,6,22:10:00,night,4.24,0.75,3,406
W076,21-01-2026,541,5.6,9,23:10:00,evening,4.11,0.81,2,367
W076,24-01-2026,634,6.8,7,00:10:00,evening,4.05,0.79,2,393
W076,25-01-2026,1097,5.6,14,01:10:00,evening,4.24,0.82,4,331
W076,27-01-2026,504,7.3,5,02:10:00,night,4,0.82,2,405
W076,29-01-2026,1029,6,13,03:10:00,night,4.04,0.7,3,317
W076,30-01-2026,900,5.2,12,04:10:00,evening,4.24,0.78,2,315
W076,01-02-2026,1075,3.4,14,05:10:00,afternoon,4.41,0.75,3,440
W076,02-02-2026,563,6,8,06:10:00,evening,4.21,0.71,3,371
W076,03-02-2026,784,7.2,11,07:10:00,night,4.21,0.75,4,359
W076,04-02-2026,639,6,9,08:10:00,afternoon,4.41,0.75,3,339
W076,06-02-2026,802,5.5,10,09:10:00,afternoon,4.25,0.79,2,408
W076,07-02-2026,1387,3.3,18,10:10:00,afternoon,4.15,0.81,3,420
W076,08-02-2026,1172,6.4,15,11:10:00,night,4.49,0.78,2,417
W076,10-02-2026,852,5.1,10,12:10:00,night,4.02,0.77,4,437
W076,11-02-2026,683,4.4,7,13:10:00,night,4.49,0.8,2,369
W076,13-02-2026,1014,7.5,16,14:10:00,night,4.32,0.76,2,330
W076,14-02-2026,1114,4.9,17,15:10:00,afternoon,4.29,0.84,2,426
W076,15-02-2026,563,7.6,8,16:10:00,afternoon,4.31,0.75,2,306
W076,16-02-2026,575,6,9,17:10:00,night,4.13,0.81,3,397
W076,17-02-2026,976,3.2,11,18:10:00,evening,4.42,0.8,4,429
W076,18-02-2026,1049,4.8,16,19:10:00,night,4.48,0.79,4,390
W076,19-02-2026,948,7.5,14,20:10:00,morning,4.13,0.82,3,439
W076,20-02-2026,929,6.4,13,21:10:00,afternoon,4.36,0.71,3,408
W076,21-02-2026,897,4.3,13,22:10:00,night,4.02,0.75,2,362
W076,22-02-2026,888,3.9,13,23:10:00,evening,4.04,0.7,4,375
W076,23-02-2026,575,4.1,6,00:10:00,night,4.23,0.84,4,388
W076,24-02-2026,912,7.8,11,01:10:00,night,4.08,0.84,2,396
W076,25-02-2026,807,6.1,9,02:10:00,evening,4.22,0.75,2,311
W076,26-02-2026,601,6.1,7,03:10:00,evening,4.13,0.75,4,401
W076,27-02-2026,425,7.8,5,04:10:00,night,4.01,0.76,4,383
W076,01-03-2026,954,5.5,15,05:10:00,night,4.28,0.83,2,445
W077,06-01-2026,1261,5.7,18,06:10:00,afternoon,4.87,0.95,0,169
W077,08-01-2026,1179,4.6,14,07:10:00,evening,4.93,0.94,1,118
W077,09-01-2026,1228,4.3,16,08:10:00,afternoon,4.87,0.96,0,110
W077,10-01-2026,1006,5.3,13,09:10:00,morning,4.82,0.95,1,132
W077,11-01-2026,1219,3,19,10:10:00,evening,4.77,0.97,0,101
W077,14-01-2026,930,7.5,13,11:10:00,morning,4.84,0.97,0,160
W077,15-01-2026,897,7.8,12,12:10:00,night,4.95,0.94,1,130
W077,16-01-2026,1145,3.3,15,13:10:00,morning,4.66,0.95,1,143
W077,17-01-2026,1178,7.8,15,14:10:00,evening,4.62,0.95,0,117
W077,18-01-2026,1025,3.5,15,15:10:00,night,4.98,0.95,0,161
W077,19-01-2026,1215,7.1,18,16:10:00,afternoon,4.93,0.94,0,140
W077,21-01-2026,1191,6.7,18,17:10:00,evening,4.75,0.97,1,110
W077,22-01-2026,1176,7.5,16,18:10:00,evening,4.73,0.9,0,135
W077,23-01-2026,1176,7.6,14,19:10:00,night,4.88,0.96,0,129
W077,24-01-2026,1179,6.2,14,20:10:00,morning,4.65,0.9,0,136
W077,25-01-2026,847,7.5,11,21:10:00,morning,4.85,0.92,1,142
W077,26-01-2026,1399,7.7,20,22:10:00,afternoon,4.99,0.93,1,161
W077,27-01-2026,1315,6.5,17,23:10:00,morning,4.91,0.95,0,176
W077,30-01-2026,1126,7.7,15,00:10:00,afternoon,4.69,0.94,0,173
W077,31-01-2026,1214,3.3,18,01:10:00,night,4.63,0.96,0,166
W077,01-02-2026,1023,3.9,16,02:10:00,morning,4.73,0.96,1,111
W077,03-02-2026,1187,3.9,17,03:10:00,afternoon,4.7,0.96,1,162
W077,04-02-2026,820,7.2,9,04:10:00,evening,5,0.97,0,160
W077,05-02-2026,1127,7.5,14,05:10:00,evening,4.93,0.96,1,119
W077,06-02-2026,1126,7.4,14,06:10:00,morning,4.69,0.97,1,125
W077,07-02-2026,1097,7.6,13,07:10:00,evening,4.75,0.92,0,111
W077,08-02-2026,1179,4.4,14,08:10:00,evening,4.96,0.95,0,144
W077,09-02-2026,1174,3.1,15,09:10:00,afternoon,4.88,0.91,1,151
W077,10-02-2026,1001,3,15,10:10:00,night,4.77,0.98,0,129
W077,13-02-2026,1179,5,15,11:10:00,night,4.64,0.94,0,111
W077,14-02-2026,1072,5.4,16,12:10:00,afternoon,4.69,0.91,1,130
W077,15-02-2026,1158,6.7,17,13:10:00,afternoon,4.99,0.93,1,126
W077,16-02-2026,833,7.8,13,14:10:00,afternoon,4.89,0.96,0,112
W077,17-02-2026,1138,6.8,15,15:10:00,night,4.87,0.93,1,156
W077,18-02-2026,1076,6.4,16,16:10:00,evening,4.77,0.97,1,138
W077,19-02-2026,1157,4.4,18,17:10:00,evening,4.73,0.95,1,156
W077,20-02-2026,1035,3.3,14,18:10:00,night,4.94,0.92,1,166
W077,21-02-2026,1024,3.6,13,19:10:00,morning,4.74,0.92,1,120
W077,22-02-2026,1236,6.4,18,20:10:00,afternoon,4.72,0.96,1,121
W077,23-02-2026,1419,5.4,22,21:10:00,evening,4.91,0.95,0,147
W077,24-02-2026,732,7.6,12,22:10:00,evening,4.6,0.91,0,113
W077,25-02-2026,1242,3.1,17,23:10:00,night,4.85,0.96,0,142
W077,26-02-2026,1072,3.9,15,00:10:00,afternoon,4.7,0.92,0,112
W077,27-02-2026,1205,7.9,18,01:10:00,night,4.64,0.91,1,171
W077,28-02-2026,1006,7.2,14,02:10:00,evening,4.86,0.96,1,104
W077,01-03-2026,1052,4.5,15,03:10:00,night,4.92,0.97,1,121
W078,03-01-2026,1101,7.4,16,04:10:00,morning,4.61,0.83,1,195
W078,04-01-2026,614,7.7,10,05:10:00,evening,4.35,0.88,2,235
W078,06-01-2026,806,5.3,11,06:10:00,night,4.42,0.89,2,235
W078,08-01-2026,1212,6.1,19,07:10:00,morning,4.69,0.88,2,204
W078,09-01-2026,932,7.1,12,08:10:00,evening,4.47,0.89,2,226
W078,10-01-2026,634,4.5,10,09:10:00,evening,4.42,0.81,2,256
W078,11-01-2026,750,5.5,9,10:10:00,morning,4.48,0.88,2,230
W078,12-01-2026,628,6.2,8,11:10:00,night,4.5,0.86,2,202
W078,14-01-2026,877,7.3,12,12:10:00,afternoon,4.37,0.84,2,274
W078,17-01-2026,570,5.4,7,13:10:00,afternoon,4.64,0.82,1,269
W078,18-01-2026,793,3.4,10,14:10:00,morning,4.52,0.83,2,271
W078,19-01-2026,983,6.6,15,15:10:00,night,4.61,0.88,1,201
W078,20-01-2026,791,5.5,10,16:10:00,afternoon,4.32,0.84,2,253
W078,21-01-2026,814,5.1,10,17:10:00,evening,4.33,0.85,2,194
W078,22-01-2026,794,5.7,11,18:10:00,evening,4.67,0.81,1,264
W078,23-01-2026,1142,6,15,19:10:00,afternoon,4.67,0.83,1,215
W078,24-01-2026,661,3.9,8,20:10:00,morning,4.37,0.87,2,211
W078,25-01-2026,791,6,10,21:10:00,night,4.56,0.86,2,222
W078,27-01-2026,998,4.6,14,22:10:00,morning,4.32,0.85,2,273
W078,29-01-2026,794,3.7,13,23:10:00,night,4.54,0.8,2,204
W078,30-01-2026,773,6.6,10,00:10:00,night,4.67,0.89,1,272
W078,31-01-2026,1145,7.9,15,01:10:00,night,4.4,0.84,2,283
W078,01-02-2026,860,5.4,11,02:10:00,afternoon,4.53,0.84,1,260
W078,02-02-2026,677,3.7,11,03:10:00,evening,4.45,0.8,1,192
W078,03-02-2026,769,3.2,12,04:10:00,afternoon,4.51,0.85,2,235
W078,04-02-2026,980,4.4,16,05:10:00,night,4.38,0.89,2,286
W078,08-02-2026,1343,4.9,21,06:10:00,afternoon,4.65,0.83,1,280
W078,10-02-2026,739,6.8,8,07:10:00,afternoon,4.31,0.81,1,206
W078,11-02-2026,944,7.5,14,08:10:00,morning,4.62,0.81,1,212
W078,12-02-2026,1022,3.7,15,09:10:00,afternoon,4.41,0.84,2,232
W078,13-02-2026,1125,4.9,18,10:10:00,night,4.54,0.86,1,296
W078,14-02-2026,1506,7.3,22,11:10:00,night,4.34,0.84,1,255
W078,15-02-2026,1468,5,22,12:10:00,night,4.44,0.89,1,255
W078,17-02-2026,920,7.8,15,13:10:00,evening,4.53,0.88,1,214
W078,18-02-2026,1237,4.1,15,14:10:00,morning,4.42,0.9,1,209
W078,19-02-2026,1132,5.2,17,15:10:00,evening,4.52,0.84,2,299
W078,20-02-2026,1187,6.5,14,16:10:00,evening,4.35,0.89,2,247
W078,21-02-2026,855,4.4,11,17:10:00,morning,4.39,0.85,2,270
W078,22-02-2026,941,4.9,14,18:10:00,evening,4.47,0.84,2,237
W078,23-02-2026,1061,4.5,17,19:10:00,morning,4.57,0.81,2,219
W078,24-02-2026,787,4.7,9,20:10:00,morning,4.63,0.86,1,182
W078,25-02-2026,271,4.4,5,21:10:00,night,4.55,0.86,1,184
W078,27-02-2026,704,3,9,22:10:00,night,4.36,0.84,1,207
W078,28-02-2026,988,4,14,23:10:00,morning,4.69,0.86,2,247
W078,01-03-2026,1459,4.4,22,00:10:00,night,4.4,0.89,1,265
W079,09-01-2026,1279,4.8,16,01:10:00,evening,4.95,0.94,0,148
W079,12-01-2026,981,3.6,15,02:10:00,night,4.7,0.92,0,166
W079,13-01-2026,1325,5,16,03:10:00,night,4.62,0.98,0,176
W079,14-01-2026,932,5.8,12,04:10:00,evening,4.86,0.91,1,128
W079,15-01-2026,928,5.5,14,05:10:00,morning,4.67,0.92,0,155
W079,16-01-2026,1248,3.4,18,06:10:00,afternoon,4.76,0.95,1,152
W079,17-01-2026,982,5.3,15,07:10:00,morning,4.89,0.92,1,173
W079,18-01-2026,1171,3.5,16,08:10:00,afternoon,4.8,0.91,0,162
W079,19-01-2026,1293,6.3,19,09:10:00,evening,4.81,0.9,0,121
W079,20-01-2026,785,7,9,10:10:00,night,4.98,0.91,0,123
W079,21-01-2026,1103,7.5,17,11:10:00,night,4.77,0.91,1,135
W079,22-01-2026,979,3.5,13,12:10:00,evening,4.87,0.94,1,174
W079,23-01-2026,957,7.6,14,13:10:00,morning,4.91,0.93,0,178
W079,24-01-2026,1230,3.9,19,14:10:00,evening,4.77,0.95,0,144
W079,25-01-2026,1209,6.8,15,15:10:00,night,4.63,0.98,0,163
W079,28-01-2026,1086,5.2,16,16:10:00,night,4.66,0.93,0,102
W079,29-01-2026,835,6.9,12,17:10:00,evening,4.87,0.92,0,129
W079,30-01-2026,1348,3.6,17,18:10:00,night,4.78,0.98,0,134
W079,31-01-2026,1125,4.2,14,19:10:00,night,4.96,0.94,1,176
W079,01-02-2026,870,5,14,20:10:00,evening,4.63,0.97,0,140
W079,02-02-2026,965,5.7,11,21:10:00,afternoon,4.62,0.95,0,119
W079,03-02-2026,1310,3.9,18,22:10:00,night,5,0.95,1,125
W079,04-02-2026,941,3.1,13,23:10:00,night,4.84,0.97,1,144
W079,05-02-2026,981,7.4,15,00:10:00,evening,4.8,0.96,0,117
W079,06-02-2026,1198,3.6,15,01:10:00,afternoon,4.88,0.92,0,143
W079,07-02-2026,1025,6.7,12,02:10:00,night,4.64,0.97,1,168
W079,08-02-2026,955,8,14,03:10:00,afternoon,4.84,0.91,1,133
W079,09-02-2026,971,6.7,13,04:10:00,afternoon,4.64,0.93,0,160
W079,10-02-2026,1227,6.4,17,05:10:00,morning,4.87,0.96,1,177
W079,11-02-2026,1166,6.3,18,06:10:00,morning,4.62,0.93,0,102
W079,12-02-2026,1150,6.7,14,07:10:00,morning,4.98,0.9,1,174
W079,13-02-2026,893,6.2,14,08:10:00,morning,4.95,0.94,0,160
W079,14-02-2026,1286,6.4,16,09:10:00,evening,4.67,0.94,0,174
W079,15-02-2026,1144,4.5,14,10:10:00,night,4.75,0.95,1,122
W079,16-02-2026,868,3.1,12,11:10:00,evening,4.82,0.91,1,110
W079,18-02-2026,1066,5.6,14,12:10:00,afternoon,4.82,0.91,0,121
W079,19-02-2026,906,4.3,14,13:10:00,night,4.88,0.97,0,107
W079,20-02-2026,866,6.7,13,14:10:00,evening,4.73,0.92,0,173
W079,21-02-2026,1199,3.8,16,15:10:00,morning,4.82,0.95,0,149
W079,22-02-2026,1290,4,20,16:10:00,afternoon,4.69,0.91,1,110
W079,23-02-2026,1034,7.8,13,17:10:00,afternoon,4.89,0.95,0,160
W079,24-02-2026,1024,4.2,16,18:10:00,night,4.95,0.94,0,119
W079,25-02-2026,1066,3.5,17,19:10:00,morning,4.95,0.92,0,110
W079,26-02-2026,1125,3.5,17,20:10:00,afternoon,4.68,0.98,0,152
W079,27-02-2026,1126,7.3,18,21:10:00,evening,4.62,0.95,0,167
W079,28-02-2026,870,4.7,13,22:10:00,night,4.92,0.94,0,115
W079,01-03-2026,1237,4.3,18,23:10:00,night,4.71,0.94,0,145
W080,03-01-2026,1199,7.8,16,00:10:00,morning,4.69,0.92,1,162
W080,04-01-2026,1150,3.1,14,01:10:00,morning,4.61,0.95,0,103
W080,05-01-2026,1178,5.6,15,02:10:00,evening,4.87,0.95,0,141
W080,06-01-2026,1148,6.4,17,03:10:00,afternoon,4.71,0.91,0,150
W080,07-01-2026,1107,5.9,14,04:10:00,night,4.81,0.97,1,155
W080,08-01-2026,1022,3.3,13,05:10:00,evening,4.97,0.94,0,157
W080,09-01-2026,1050,3.2,17,06:10:00,night,4.82,0.95,1,106
W080,10-01-2026,1030,5.1,16,07:10:00,evening,4.91,0.98,1,135
W080,12-01-2026,1216,4.5,19,08:10:00,evening,4.91,0.96,0,174
W080,13-01-2026,1254,4.3,18,09:10:00,night,4.81,0.97,1,155
W080,15-01-2026,1211,7,19,10:10:00,morning,4.94,0.93,1,121
W080,17-01-2026,1243,6,16,11:10:00,evening,4.84,0.9,1,140
W080,18-01-2026,1209,5.3,19,12:10:00,afternoon,4.94,0.91,0,130
W080,19-01-2026,1330,7.6,18,13:10:00,morning,4.65,0.97,0,119
W080,20-01-2026,1043,6.7,16,14:10:00,afternoon,4.77,0.98,1,116
W080,21-01-2026,1102,4.8,13,15:10:00,morning,4.8,0.94,0,110
W080,23-01-2026,1188,3.4,14,16:10:00,evening,4.8,0.96,1,139
W080,24-01-2026,1306,6.8,18,17:10:00,night,4.8,0.94,0,146
W080,25-01-2026,939,6.6,15,18:10:00,night,4.61,0.97,0,165
W080,26-01-2026,945,6.2,11,19:10:00,afternoon,4.66,0.93,1,145
W080,27-01-2026,1063,3.8,13,20:10:00,night,4.95,0.93,1,121
W080,28-01-2026,1179,5.3,15,21:10:00,night,4.92,0.97,1,149
W080,29-01-2026,1096,7.7,15,22:10:00,afternoon,4.95,0.91,0,171
W080,30-01-2026,771,4.6,12,23:10:00,night,4.75,0.96,0,123
W080,01-02-2026,871,4,14,00:10:00,morning,4.96,0.92,1,115
W080,02-02-2026,977,7.8,14,01:10:00,morning,4.68,0.91,0,136
W080,03-02-2026,1286,4.4,18,02:10:00,evening,4.83,0.96,0,131
W080,04-02-2026,1273,3.7,16,03:10:00,morning,4.93,0.92,1,151
W080,05-02-2026,895,7.8,12,04:10:00,afternoon,4.75,0.93,0,142
W080,06-02-2026,1142,6.5,16,05:10:00,evening,4.75,0.96,1,153
W080,07-02-2026,957,5.3,12,06:10:00,morning,4.64,0.96,0,163
W080,08-02-2026,1119,6.2,14,07:10:00,morning,4.66,0.92,0,166
W080,09-02-2026,1203,4.8,17,08:10:00,night,4.91,0.92,1,108
W080,10-02-2026,930,6.5,11,09:10:00,morning,4.61,0.94,0,170
W080,12-02-2026,927,4.3,12,10:10:00,evening,4.92,0.94,1,103
W080,13-02-2026,1129,6.6,16,11:10:00,morning,4.97,0.92,0,114
W080,16-02-2026,1162,7.5,16,12:10:00,evening,4.89,0.97,0,127
W080,17-02-2026,987,3.2,15,13:10:00,afternoon,4.63,0.9,0,104
W080,18-02-2026,1126,5.2,17,14:10:00,evening,4.87,0.93,0,179
W080,19-02-2026,992,7.6,12,15:10:00,morning,4.86,0.95,0,160
W080,22-02-2026,1119,3.5,14,16:10:00,morning,4.67,0.9,0,126
W080,23-02-2026,1041,5,16,17:10:00,night,4.61,0.91,1,169
W080,24-02-2026,1344,6.7,20,18:10:00,afternoon,4.67,0.96,1,132
W080,25-02-2026,1241,5.3,17,19:10:00,morning,4.78,0.96,0,142
W080,26-02-2026,1364,4.9,21,20:10:00,night,4.66,0.95,1,119
W080,27-02-2026,1059,3.3,16,21:10:00,afternoon,4.88,0.9,0,106
W080,01-03-2026,982,5.7,14,22:10:00,morning,4.78,0.92,1,137
W081,06-01-2026,1086,5.6,16,23:10:00,morning,4.77,0.93,0,139
W081,07-01-2026,1089,4.4,14,00:10:00,night,4.85,0.96,1,163
W081,09-01-2026,1071,7.7,15,01:10:00,morning,4.69,0.96,1,153
W081,10-01-2026,1298,5.8,18,02:10:00,afternoon,4.6,0.94,1,151
W081,11-01-2026,851,3.7,12,03:10:00,night,4.74,0.96,1,155
W081,12-01-2026,1108,5.8,16,04:10:00,night,4.78,0.97,1,147
W081,14-01-2026,978,4.4,15,05:10:00,night,4.92,0.95,1,102
W081,15-01-2026,996,7.7,14,06:10:00,evening,4.82,0.94,1,145
W081,17-01-2026,1124,6.8,16,07:10:00,evening,4.91,0.94,0,156
W081,18-01-2026,1058,5.6,14,08:10:00,night,4.88,0.91,1,142
W081,20-01-2026,1081,6.9,14,09:10:00,evening,4.7,0.94,0,163
W081,21-01-2026,965,6.8,11,10:10:00,night,4.76,0.95,0,146
W081,22-01-2026,1094,4.2,13,11:10:00,morning,4.7,0.97,0,165
W081,24-01-2026,1025,7.3,14,12:10:00,afternoon,4.79,0.91,0,137
W081,25-01-2026,1059,5.9,15,13:10:00,evening,4.8,0.95,0,127
W081,26-01-2026,1030,3.8,14,14:10:00,night,4.92,0.97,0,156
W081,27-01-2026,1273,7.1,17,15:10:00,evening,4.81,0.96,1,110
W081,28-01-2026,928,7.3,11,16:10:00,morning,4.67,0.97,0,143
W081,29-01-2026,827,4.4,10,17:10:00,night,4.73,0.92,1,178
W081,30-01-2026,975,4.3,15,18:10:00,night,4.92,0.93,0,128
W081,31-01-2026,1109,5.1,13,19:10:00,morning,4.68,0.91,1,169
W081,01-02-2026,946,5,15,20:10:00,night,4.67,0.97,0,155
W081,03-02-2026,1077,4,17,21:10:00,evening,4.82,0.9,1,108
W081,04-02-2026,1270,3.1,19,22:10:00,afternoon,4.71,0.92,0,155
W081,05-02-2026,1052,4.3,17,23:10:00,morning,4.76,0.97,1,179
W081,06-02-2026,831,7.7,13,00:10:00,night,4.63,0.93,0,139
W081,08-02-2026,1152,3.4,16,01:10:00,evening,4.92,0.93,0,167
W081,09-02-2026,1144,4.8,16,02:10:00,night,4.87,0.93,0,106
W081,10-02-2026,1263,4.6,19,03:10:00,night,4.6,0.97,0,109
W081,11-02-2026,1235,5,18,04:10:00,night,4.71,0.91,1,134
W081,12-02-2026,1120,5.3,14,05:10:00,night,4.88,0.95,0,147
W081,13-02-2026,1073,4.7,13,06:10:00,evening,4.87,0.9,0,139
W081,15-02-2026,1016,7.2,12,07:10:00,night,4.65,0.95,1,129
W081,16-02-2026,994,3.3,12,08:10:00,morning,4.75,0.96,1,163
W081,17-02-2026,1215,4.8,19,09:10:00,night,4.86,0.95,1,135
W081,18-02-2026,1272,3.6,17,10:10:00,morning,4.81,0.98,0,148
W081,19-02-2026,1137,6.1,15,11:10:00,night,4.85,0.94,0,128
W081,20-02-2026,1148,5,15,12:10:00,night,5,0.97,0,139
W081,21-02-2026,1040,7.9,16,13:10:00,afternoon,4.81,0.95,1,117
W081,22-02-2026,1389,6,20,14:10:00,night,4.67,0.92,1,143
W081,23-02-2026,1461,5.5,19,15:10:00,evening,4.8,0.92,1,103
W081,24-02-2026,925,6,13,16:10:00,morning,4.72,0.95,0,169
W081,25-02-2026,1255,3.5,15,17:10:00,night,4.83,0.93,1,110
W081,27-02-2026,1183,4.5,15,18:10:00,morning,4.74,0.96,1,115
W081,28-02-2026,936,4,12,19:10:00,night,4.6,0.96,1,120
W082,11-01-2026,1111,5.9,14,20:10:00,night,4.57,0.84,2,225
W082,12-01-2026,851,5.4,11,21:10:00,afternoon,4.4,0.89,1,266
W082,13-01-2026,1135,6.5,17,22:10:00,night,4.42,0.8,1,192
W082,14-01-2026,771,3.7,12,23:10:00,night,4.69,0.88,1,264
W082,15-01-2026,947,5.4,13,00:10:00,evening,4.7,0.83,1,273
W082,17-01-2026,822,7.7,13,01:10:00,afternoon,4.47,0.9,1,257
W082,18-01-2026,847,3.9,10,02:10:00,night,4.61,0.86,1,245
W082,19-01-2026,971,8,12,03:10:00,morning,4.46,0.84,1,189
W082,20-01-2026,1269,5.8,19,04:10:00,night,4.54,0.81,1,237
W082,21-01-2026,976,5.6,13,05:10:00,night,4.44,0.9,1,250
W082,22-01-2026,1309,3.8,17,06:10:00,afternoon,4.41,0.85,2,251
W082,23-01-2026,1166,4.2,14,07:10:00,afternoon,4.46,0.81,1,256
W082,24-01-2026,983,6.5,14,08:10:00,night,4.43,0.8,2,289
W082,25-01-2026,1018,4.3,14,09:10:00,night,4.57,0.84,1,289
W082,27-01-2026,801,4.7,10,10:10:00,afternoon,4.39,0.84,1,231
W082,29-01-2026,695,3.8,7,11:10:00,afternoon,4.47,0.89,1,291
W082,30-01-2026,889,3.6,13,12:10:00,morning,4.55,0.85,1,283
W082,31-01-2026,1319,4.6,16,13:10:00,afternoon,4.4,0.83,1,199
W082,01-02-2026,1192,6.9,19,14:10:00,night,4.53,0.86,2,204
W082,03-02-2026,751,4.2,12,15:10:00,evening,4.5,0.84,1,294
W082,04-02-2026,549,6.5,7,16:10:00,morning,4.44,0.89,1,270
W082,05-02-2026,925,5.9,13,17:10:00,evening,4.57,0.87,2,251
W082,06-02-2026,1053,6,14,18:10:00,afternoon,4.34,0.87,2,278
W082,07-02-2026,705,4.2,10,19:10:00,morning,4.41,0.9,1,238
W082,08-02-2026,1041,6.6,15,20:10:00,night,4.4,0.86,2,222
W082,09-02-2026,1166,5.9,17,21:10:00,morning,4.45,0.85,2,275
W082,11-02-2026,433,4,7,22:10:00,evening,4.68,0.85,1,261
W082,12-02-2026,1140,6.3,17,23:10:00,afternoon,4.46,0.89,2,193
W082,13-02-2026,618,4.4,10,00:10:00,afternoon,4.39,0.89,1,212
W082,14-02-2026,690,3.9,7,01:10:00,afternoon,4.68,0.86,2,299
W082,16-02-2026,689,7.8,7,02:10:00,afternoon,4.67,0.84,1,260
W082,17-02-2026,974,6.3,13,03:10:00,morning,4.54,0.87,2,180
W082,18-02-2026,1151,3.3,18,04:10:00,night,4.63,0.85,1,277
W082,19-02-2026,1114,6,13,05:10:00,night,4.36,0.85,1,220
W082,21-02-2026,705,6.1,10,06:10:00,morning,4.57,0.86,1,292
W082,22-02-2026,902,7,11,07:10:00,afternoon,4.64,0.82,1,196
W082,23-02-2026,451,3.3,5,08:10:00,morning,4.53,0.82,1,261
W082,24-02-2026,571,4.2,8,09:10:00,evening,4.58,0.81,1,186
W082,25-02-2026,1238,7.1,17,10:10:00,night,4.34,0.83,1,269
W082,26-02-2026,475,3.6,8,11:10:00,morning,4.39,0.88,1,199
W082,28-02-2026,996,7.2,14,12:10:00,night,4.65,0.85,1,209
W082,01-03-2026,599,6.9,9,13:10:00,afternoon,4.37,0.85,1,287
W083,11-01-2026,901,3.6,10,14:10:00,evening,4.08,0.72,2,399
W083,12-01-2026,200,6.3,5,15:10:00,morning,4.36,0.81,3,444
W083,13-01-2026,200,4.3,5,16:10:00,evening,4.43,0.72,3,405
W083,15-01-2026,1085,5.5,17,17:10:00,night,4.27,0.7,4,442
W083,16-01-2026,489,5.9,5,18:10:00,afternoon,4.32,0.83,2,433
W083,18-01-2026,319,5.5,6,19:10:00,afternoon,4.31,0.81,2,377
W083,19-01-2026,1228,5.4,17,20:10:00,afternoon,4.49,0.76,4,381
W083,20-01-2026,1033,4.5,12,21:10:00,afternoon,4.43,0.75,2,315
W083,22-01-2026,200,3.6,5,22:10:00,morning,4.11,0.82,3,343
W083,23-01-2026,731,7.4,11,23:10:00,evening,4.26,0.78,4,363
W083,25-01-2026,880,6.8,14,00:10:00,evening,4.21,0.73,3,416
W083,28-01-2026,1015,3.7,14,01:10:00,night,4,0.77,4,355
W083,29-01-2026,643,5.9,9,02:10:00,evening,4.15,0.76,3,433
W083,30-01-2026,200,5.6,5,03:10:00,night,4.49,0.82,2,398
W083,31-01-2026,1029,5,14,04:10:00,evening,4.1,0.73,2,434
W083,01-02-2026,1054,3.2,13,05:10:00,night,4.44,0.8,2,421
W083,02-02-2026,1481,7.5,20,06:10:00,afternoon,4.07,0.75,3,418
W083,03-02-2026,637,5,11,07:10:00,night,4.47,0.73,3,302
W083,04-02-2026,898,3.6,13,08:10:00,morning,4.29,0.82,2,369
W083,06-02-2026,478,4.1,7,09:10:00,night,4.18,0.71,4,405
W083,07-02-2026,1564,3.3,21,10:10:00,morning,4.1,0.75,3,436
W083,08-02-2026,612,6.4,9,11:10:00,evening,4.4,0.81,4,376
W083,09-02-2026,1332,3.2,19,12:10:00,afternoon,4.29,0.8,4,424
W083,10-02-2026,870,7,10,13:10:00,afternoon,4.16,0.76,3,346
W083,11-02-2026,628,3.8,6,14:10:00,morning,4.19,0.82,4,325
W083,12-02-2026,1732,7.7,24,15:10:00,night,4.22,0.83,4,365
W083,13-02-2026,1203,5.1,17,16:10:00,morning,4.02,0.75,3,342
W083,15-02-2026,657,4.3,10,17:10:00,morning,4.09,0.72,3,434
W083,16-02-2026,511,4.1,6,18:10:00,night,4.2,0.85,3,394
W083,17-02-2026,1439,5.9,21,19:10:00,evening,4.31,0.83,3,403
W083,19-02-2026,676,6.1,11,20:10:00,night,4.12,0.8,2,420
W083,20-02-2026,1473,6.4,23,21:10:00,evening,4.36,0.82,4,408
W083,21-02-2026,276,7.5,5,22:10:00,night,4.02,0.73,2,365
W083,22-02-2026,1040,6.1,13,23:10:00,afternoon,4.26,0.74,4,358
W083,24-02-2026,758,7.3,10,00:10:00,afternoon,4.48,0.84,2,327
W083,25-02-2026,862,6.3,11,01:10:00,afternoon,4.08,0.76,4,322
W083,26-02-2026,1242,5.1,18,02:10:00,night,4.33,0.8,3,363
W083,28-02-2026,863,3,11,03:10:00,afternoon,4.17,0.78,3,363
W083,01-03-2026,200,6.8,5,04:10:00,night,4.48,0.71,4,357
W084,08-01-2026,1090,7.2,15,05:10:00,morning,4.58,0.81,2,195
W084,10-01-2026,754,6,8,06:10:00,night,4.49,0.84,2,236
W084,11-01-2026,717,3.9,9,07:10:00,night,4.33,0.88,1,188
W084,13-01-2026,556,6.5,9,08:10:00,morning,4.57,0.84,2,294
W084,15-01-2026,731,6,8,09:10:00,night,4.68,0.89,1,183
W084,16-01-2026,1017,6.1,14,10:10:00,night,4.59,0.88,1,275
W084,17-01-2026,440,4.4,6,11:10:00,morning,4.42,0.88,1,218
W084,18-01-2026,1098,7.3,15,12:10:00,night,4.37,0.9,1,288
W084,19-01-2026,985,5.5,13,13:10:00,night,4.67,0.82,2,237
W084,20-01-2026,1143,7.6,16,14:10:00,afternoon,4.64,0.84,1,231
W084,21-01-2026,1323,3.6,20,15:10:00,night,4.52,0.88,2,191
W084,24-01-2026,978,6.4,14,16:10:00,night,4.49,0.84,1,185
W084,25-01-2026,859,4.3,14,17:10:00,morning,4.37,0.84,1,188
W084,26-01-2026,680,7.5,8,18:10:00,evening,4.43,0.87,2,212
W084,27-01-2026,955,5.8,14,19:10:00,evening,4.38,0.82,1,238
W084,28-01-2026,932,6.1,14,20:10:00,night,4.64,0.88,2,186
W084,29-01-2026,727,5.4,10,21:10:00,evening,4.52,0.87,2,248
W084,30-01-2026,732,5.4,9,22:10:00,afternoon,4.66,0.85,1,241
W084,31-01-2026,1056,4.2,16,23:10:00,night,4.5,0.84,2,191
W084,01-02-2026,1214,3.4,19,00:10:00,afternoon,4.68,0.87,1,198
W084,02-02-2026,1031,6,16,01:10:00,night,4.4,0.86,2,251
W084,03-02-2026,810,5.2,10,02:10:00,morning,4.69,0.81,1,215
W084,04-02-2026,995,6.6,13,03:10:00,night,4.58,0.83,2,227
W084,05-02-2026,1009,7.7,13,04:10:00,night,4.64,0.87,2,194
W084,06-02-2026,995,7.3,13,05:10:00,night,4.42,0.86,1,253
W084,07-02-2026,1011,3.1,15,06:10:00,morning,4.53,0.82,2,224
W084,08-02-2026,849,5.3,13,07:10:00,evening,4.63,0.9,1,278
W084,09-02-2026,1002,7.6,13,08:10:00,morning,4.68,0.81,1,267
W084,10-02-2026,1221,5.3,15,09:10:00,afternoon,4.45,0.9,2,198
W084,11-02-2026,988,6.8,15,10:10:00,afternoon,4.4,0.88,1,249
W084,12-02-2026,1016,6.8,16,11:10:00,morning,4.62,0.87,1,218
W084,13-02-2026,623,3.5,8,12:10:00,evening,4.5,0.89,1,180
W084,14-02-2026,1224,4.2,19,13:10:00,afternoon,4.65,0.85,1,280
W084,15-02-2026,1270,3.1,18,14:10:00,afternoon,4.36,0.88,1,220
W084,17-02-2026,866,7.7,10,15:10:00,afternoon,4.63,0.81,2,272
W084,18-02-2026,837,3.5,10,16:10:00,night,4.4,0.85,1,212
W084,20-02-2026,881,3.6,14,17:10:00,morning,4.53,0.84,1,196
W084,21-02-2026,1056,3.2,15,18:10:00,night,4.31,0.87,1,212
W084,22-02-2026,803,4.7,13,19:10:00,morning,4.39,0.88,2,277
W084,23-02-2026,699,7.3,10,20:10:00,morning,4.63,0.84,2,290
W084,24-02-2026,1020,7.9,12,21:10:00,afternoon,4.68,0.83,2,200
W084,25-02-2026,1310,3.4,16,22:10:00,night,4.48,0.86,1,261
W084,26-02-2026,960,4.9,12,23:10:00,afternoon,4.38,0.84,2,269
W084,28-02-2026,956,6.2,14,00:10:00,afternoon,4.6,0.81,1,187
W084,01-03-2026,1406,7.3,22,01:10:00,evening,4.32,0.81,2,265
W085,02-01-2026,1039,6,16,02:10:00,morning,4.95,0.97,0,120
W085,04-01-2026,1039,6.2,16,03:10:00,night,4.73,0.95,0,109
W085,06-01-2026,1027,4.2,16,04:10:00,night,4.78,0.95,1,170
W085,08-01-2026,946,5.6,12,05:10:00,morning,4.79,0.97,1,108
W085,09-01-2026,1273,3.2,16,06:10:00,morning,4.66,0.97,1,102
W085,11-01-2026,1119,3.9,15,07:10:00,morning,4.65,0.97,1,148
W085,12-01-2026,1037,6.6,15,08:10:00,evening,4.9,0.96,0,102
W085,13-01-2026,1174,4.6,17,09:10:00,night,4.63,0.92,1,133
W085,14-01-2026,1356,6.8,19,10:10:00,night,4.82,0.94,0,135
W085,15-01-2026,1182,3.8,14,11:10:00,evening,4.76,0.91,0,154
W085,18-01-2026,1165,7,14,12:10:00,night,4.96,0.93,1,115
W085,19-01-2026,952,5.1,11,13:10:00,evening,4.91,0.96,0,136
W085,20-01-2026,817,5.6,13,14:10:00,afternoon,4.65,0.93,0,145
W085,21-01-2026,1412,7.1,18,15:10:00,morning,4.64,0.93,0,129
W085,22-01-2026,1067,5.7,17,16:10:00,afternoon,4.64,0.95,1,171
W085,23-01-2026,1039,5.8,13,17:10:00,morning,4.71,0.96,1,102
W085,24-01-2026,1155,4.9,18,18:10:00,afternoon,4.84,0.9,1,116
W085,25-01-2026,1123,6.7,14,19:10:00,afternoon,4.86,0.93,0,152
W085,26-01-2026,1227,4.2,17,20:10:00,afternoon,4.78,0.93,0,173
W085,27-01-2026,1067,6.8,15,21:10:00,afternoon,4.7,0.95,1,134
W085,28-01-2026,1140,5.6,14,22:10:00,evening,4.98,0.94,0,161
W085,29-01-2026,1212,6.2,19,23:10:00,morning,4.63,0.97,0,107
W085,30-01-2026,1014,7.3,14,00:10:00,evening,4.8,0.95,1,139
W085,02-02-2026,1321,7.4,20,01:10:00,night,4.65,0.92,0,101
W085,03-02-2026,1123,7.5,14,02:10:00,evening,4.82,0.95,1,158
W085,04-02-2026,903,4,10,03:10:00,night,4.66,0.97,1,114
W085,05-02-2026,1108,7,16,04:10:00,afternoon,4.97,0.95,0,130
W085,06-02-2026,1219,5.9,15,05:10:00,afternoon,4.65,0.9,0,152
W085,07-02-2026,860,3.1,13,06:10:00,afternoon,4.7,0.91,0,138
W085,08-02-2026,1083,5.2,14,07:10:00,afternoon,4.76,0.95,1,149
W085,09-02-2026,1187,4.3,18,08:10:00,afternoon,4.88,0.9,1,133
W085,10-02-2026,998,7.9,13,09:10:00,night,4.76,0.93,1,170
W085,11-02-2026,1366,5.4,18,10:10:00,night,4.77,0.95,1,164
W085,13-02-2026,1201,5.6,16,11:10:00,evening,4.88,0.93,1,131
W085,14-02-2026,1214,5.6,18,12:10:00,night,4.98,0.97,1,129
W085,15-02-2026,1059,6.1,15,13:10:00,night,4.72,0.92,0,141
W085,16-02-2026,1087,4,17,14:10:00,night,4.97,0.95,1,123
W085,17-02-2026,1007,5.9,14,15:10:00,morning,4.86,0.95,0,130
W085,18-02-2026,1075,3.2,14,16:10:00,morning,4.71,0.93,0,162
W085,20-02-2026,892,7.8,13,17:10:00,morning,4.76,0.93,0,171
W085,21-02-2026,1109,4.8,17,18:10:00,morning,4.64,0.95,1,114
W085,22-02-2026,1201,8,18,19:10:00,morning,4.93,0.94,0,126
W085,23-02-2026,1007,7.8,16,20:10:00,morning,4.99,0.97,1,138
W085,24-02-2026,1222,7.3,19,21:10:00,morning,5,0.94,1,156
W085,25-02-2026,1044,4.5,12,22:10:00,night,4.86,0.97,0,153
W085,26-02-2026,1042,5.2,16,23:10:00,evening,4.67,0.97,0,117
W085,27-02-2026,1304,5.8,19,00:10:00,night,4.87,0.92,1,123
W085,28-02-2026,1126,4,16,01:10:00,night,4.98,0.94,1,134
W085,01-03-2026,1389,3.2,20,02:10:00,evening,4.66,0.92,0,123
W086,10-01-2026,1126,7.8,18,03:10:00,night,4.66,0.91,1,108
W086,11-01-2026,1142,3.5,18,04:10:00,evening,4.82,0.96,1,112
W086,12-01-2026,1340,6,21,05:10:00,night,4.95,0.91,0,143
W086,13-01-2026,1110,5.8,15,06:10:00,afternoon,4.66,0.95,0,148
W086,15-01-2026,1125,3.1,14,07:10:00,morning,4.73,0.91,0,141
W086,17-01-2026,1321,5.3,17,08:10:00,night,4.79,0.92,0,158
W086,18-01-2026,888,6.6,13,09:10:00,night,4.65,0.96,1,137
W086,19-01-2026,1292,3.7,16,10:10:00,evening,4.62,0.9,0,179
W086,20-01-2026,977,6.7,11,11:10:00,night,4.92,0.96,1,108
W086,21-01-2026,663,7.9,7,12:10:00,night,4.65,0.97,1,147
W086,22-01-2026,1082,6.4,15,13:10:00,afternoon,5,0.95,0,126
W086,23-01-2026,961,7.2,13,14:10:00,evening,4.74,0.94,0,149
W086,24-01-2026,1006,3.6,14,15:10:00,morning,4.8,0.93,0,164
W086,25-01-2026,1314,6,20,16:10:00,morning,4.96,0.92,0,170
W086,26-01-2026,1164,3.2,15,17:10:00,night,4.79,0.98,1,152
W086,27-01-2026,1204,5.7,16,18:10:00,afternoon,4.8,0.94,1,103
W086,28-01-2026,1259,6,18,19:10:00,night,4.93,0.93,1,115
W086,29-01-2026,1098,7.7,13,20:10:00,morning,4.91,0.93,1,117
W086,31-01-2026,1266,5.4,19,21:10:00,evening,4.63,0.96,1,153
W086,01-02-2026,1332,5.5,17,22:10:00,afternoon,4.82,0.97,1,109
W086,02-02-2026,1198,7.2,15,23:10:00,morning,4.83,0.9,1,136
W086,03-02-2026,1051,7.2,15,00:10:00,night,4.96,0.96,1,159
W086,04-02-2026,938,5.5,15,01:10:00,night,4.83,0.9,0,127
W086,05-02-2026,1165,6.7,16,02:10:00,morning,4.97,0.94,0,148
W086,06-02-2026,1048,7.3,12,03:10:00,afternoon,4.62,0.92,1,132
W086,08-02-2026,852,7,11,04:10:00,night,4.93,0.97,1,169
W086,09-02-2026,1006,6.6,15,05:10:00,afternoon,4.68,0.91,1,117
W086,14-02-2026,1102,3.7,17,06:10:00,night,4.76,0.91,0,134
W086,15-02-2026,717,7.4,12,07:10:00,afternoon,4.72,0.97,0,139
W086,16-02-2026,1122,7.9,18,08:10:00,night,4.65,0.93,0,158
W086,19-02-2026,1064,4,14,09:10:00,evening,4.77,0.97,0,157
W086,20-02-2026,1046,4.3,16,10:10:00,afternoon,4.88,0.91,1,149
W086,21-02-2026,865,6.8,10,11:10:00,evening,4.98,0.97,0,167
W086,22-02-2026,1287,7.1,20,12:10:00,morning,4.91,0.96,0,129
W086,23-02-2026,842,8,13,13:10:00,night,4.91,0.97,1,132
W086,24-02-2026,1128,5.9,15,14:10:00,night,4.78,0.94,0,105
W086,25-02-2026,1055,3.6,13,15:10:00,morning,4.65,0.91,1,162
W086,26-02-2026,952,3.3,12,16:10:00,morning,4.72,0.9,1,144
W086,27-02-2026,1034,5.4,14,17:10:00,morning,4.76,0.94,1,144
W086,28-02-2026,1215,6.5,19,18:10:00,night,4.75,0.96,0,165
W086,01-03-2026,1276,4.4,20,19:10:00,afternoon,4.78,0.91,0,176
W087,06-01-2026,1205,6.8,18,20:10:00,afternoon,4.69,0.88,2,298
W087,07-01-2026,1315,3.7,19,21:10:00,afternoon,4.32,0.88,2,235
W087,08-01-2026,619,8,7,22:10:00,night,4.44,0.85,1,203
W087,09-01-2026,1583,4.9,21,23:10:00,morning,4.49,0.86,2,199
W087,10-01-2026,662,5.3,11,00:10:00,morning,4.34,0.88,1,205
W087,12-01-2026,684,6.2,11,01:10:00,morning,4.68,0.8,2,197
W087,15-01-2026,1293,3.4,16,02:10:00,morning,4.44,0.86,2,272
W087,16-01-2026,415,7.6,5,03:10:00,morning,4.3,0.85,2,212
W087,17-01-2026,950,6.6,13,04:10:00,afternoon,4.4,0.84,2,285
W087,18-01-2026,877,6.4,14,05:10:00,night,4.6,0.81,2,234
W087,20-01-2026,1075,4.6,16,06:10:00,morning,4.45,0.84,2,202
W087,21-01-2026,1280,5,19,07:10:00,night,4.62,0.84,1,207
W087,22-01-2026,265,4.7,5,08:10:00,evening,4.51,0.84,2,271
W087,24-01-2026,839,7.7,10,09:10:00,morning,4.51,0.83,2,199
W087,25-01-2026,1018,5.3,12,10:10:00,afternoon,4.51,0.89,1,226
W087,26-01-2026,990,6.6,16,11:10:00,night,4.37,0.8,1,295
W087,27-01-2026,812,3.1,13,12:10:00,afternoon,4.42,0.86,2,230
W087,28-01-2026,669,5.2,9,13:10:00,evening,4.4,0.83,1,281
W087,29-01-2026,1040,4.4,15,14:10:00,morning,4.48,0.89,1,248
W087,30-01-2026,891,5.2,14,15:10:00,night,4.36,0.85,2,206
W087,31-01-2026,414,3.4,5,16:10:00,afternoon,4.44,0.83,1,197
W087,01-02-2026,1126,6.7,14,17:10:00,night,4.46,0.9,1,185
W087,02-02-2026,1456,7.6,19,18:10:00,night,4.35,0.82,1,264
W087,03-02-2026,853,6,10,19:10:00,morning,4.4,0.9,2,290
W087,04-02-2026,802,6.9,13,20:10:00,evening,4.62,0.86,1,194
W087,05-02-2026,1215,4.6,18,21:10:00,night,4.62,0.84,2,273
W087,06-02-2026,604,3.4,8,22:10:00,afternoon,4.67,0.83,2,233
W087,07-02-2026,722,6.6,8,23:10:00,night,4.46,0.81,1,297
W087,09-02-2026,893,5.4,12,00:10:00,evening,4.42,0.84,2,271
W087,11-02-2026,908,7.4,10,01:10:00,night,4.41,0.89,2,289
W087,13-02-2026,610,5.1,7,02:10:00,morning,4.51,0.86,2,187
W087,14-02-2026,972,6.1,15,03:10:00,morning,4.69,0.88,2,184
W087,15-02-2026,695,5.4,8,04:10:00,night,4.41,0.83,1,192
W087,16-02-2026,972,7,15,05:10:00,afternoon,4.43,0.87,2,256
W087,19-02-2026,725,4.3,10,06:10:00,evening,4.62,0.81,2,182
W087,20-02-2026,717,4.1,12,07:10:00,evening,4.68,0.9,1,207
W087,21-02-2026,1294,6.6,20,08:10:00,night,4.7,0.84,2,180
W087,22-02-2026,716,7.4,11,09:10:00,evening,4.5,0.87,1,290
W087,23-02-2026,771,5.1,12,10:10:00,night,4.42,0.83,2,183
W087,24-02-2026,210,4.9,5,11:10:00,evening,4.62,0.82,1,234
W087,25-02-2026,594,6,9,12:10:00,afternoon,4.52,0.89,2,280
W087,26-02-2026,587,5.8,7,13:10:00,afternoon,4.52,0.83,1,285
W087,27-02-2026,643,6.5,8,14:10:00,night,4.4,0.83,1,299
W087,28-02-2026,717,3.2,11,15:10:00,afternoon,4.67,0.88,1,282
W087,01-03-2026,872,6.4,11,16:10:00,morning,4.6,0.82,2,246
W088,08-01-2026,998,3.3,14,17:10:00,afternoon,4.52,0.85,1,185
W088,09-01-2026,752,3.7,8,18:10:00,afternoon,4.51,0.81,2,192
W088,10-01-2026,1135,5.2,15,19:10:00,night,4.69,0.88,2,275
W088,11-01-2026,937,7.7,13,20:10:00,morning,4.33,0.87,2,191
W088,12-01-2026,1045,3,14,21:10:00,morning,4.55,0.88,1,259
W088,13-01-2026,1252,6.5,17,22:10:00,morning,4.56,0.86,1,257
W088,14-01-2026,1096,6.8,13,23:10:00,evening,4.48,0.89,2,288
W088,15-01-2026,1192,4.2,16,00:10:00,evening,4.35,0.84,1,267
W088,16-01-2026,897,5.6,10,01:10:00,night,4.49,0.82,1,189
W088,17-01-2026,857,3.8,14,02:10:00,night,4.44,0.85,2,253
W088,18-01-2026,1036,4.9,13,03:10:00,morning,4.4,0.85,1,278
W088,19-01-2026,1155,7.7,15,04:10:00,evening,4.38,0.85,1,268
W088,21-01-2026,1072,7.2,16,05:10:00,morning,4.48,0.8,1,265
W088,22-01-2026,1256,5.5,15,06:10:00,morning,4.42,0.87,2,272
W088,23-01-2026,1336,4.3,18,07:10:00,morning,4.42,0.86,2,209
W088,24-01-2026,976,3.1,12,08:10:00,evening,4.58,0.88,1,244
W088,25-01-2026,855,6.9,12,09:10:00,morning,4.36,0.85,2,214
W088,26-01-2026,908,4.8,11,10:10:00,night,4.34,0.85,1,189
W088,27-01-2026,975,7.3,15,11:10:00,night,4.46,0.89,2,278
W088,28-01-2026,743,4.1,8,12:10:00,morning,4.58,0.8,2,216
W088,29-01-2026,1055,6.4,13,13:10:00,afternoon,4.7,0.88,1,243
W088,30-01-2026,844,6.3,12,14:10:00,night,4.47,0.8,2,221
W088,31-01-2026,851,3.2,10,15:10:00,afternoon,4.56,0.85,1,210
W088,01-02-2026,1349,4.2,18,16:10:00,evening,4.66,0.81,2,191
W088,02-02-2026,1123,7.7,18,17:10:00,morning,4.69,0.87,2,246
W088,05-02-2026,937,5.1,12,18:10:00,evening,4.39,0.87,1,257
W088,06-02-2026,979,4.7,12,19:10:00,night,4.56,0.82,2,189
W088,07-02-2026,1036,5.1,12,20:10:00,evening,4.53,0.85,2,275
W088,08-02-2026,1203,5.8,18,21:10:00,afternoon,4.6,0.89,2,222
W088,09-02-2026,574,6.8,10,22:10:00,afternoon,4.4,0.81,2,277
W088,10-02-2026,697,5.6,11,23:10:00,night,4.56,0.83,1,276
W088,11-02-2026,878,6,10,00:10:00,morning,4.62,0.88,2,223
W088,12-02-2026,980,6.3,15,01:10:00,evening,4.47,0.87,2,183
W088,13-02-2026,846,4.7,10,02:10:00,night,4.45,0.89,2,241
W088,15-02-2026,518,3.3,8,03:10:00,afternoon,4.4,0.89,1,297
W088,16-02-2026,546,6.8,9,04:10:00,afternoon,4.65,0.81,2,193
W088,17-02-2026,894,5.1,13,05:10:00,evening,4.38,0.86,2,228
W088,18-02-2026,271,5.3,5,06:10:00,afternoon,4.43,0.83,1,289
W088,22-02-2026,736,3.4,12,07:10:00,evening,4.31,0.84,1,256
W088,24-02-2026,920,7.8,15,08:10:00,night,4.44,0.83,1,278
W088,26-02-2026,982,4.8,15,09:10:00,morning,4.33,0.86,2,296
W088,27-02-2026,723,3.6,10,10:10:00,morning,4.37,0.84,2,204
W088,28-02-2026,968,5.6,12,11:10:00,night,4.68,0.84,1,182
W088,01-03-2026,828,6,10,12:10:00,morning,4.66,0.82,2,289
W089,08-01-2026,1365,4.8,19,13:10:00,morning,4.94,0.97,0,118
W089,09-01-2026,1124,6.1,17,14:10:00,evening,4.82,0.97,1,155
W089,10-01-2026,879,5.6,13,15:10:00,morning,4.98,0.91,1,150
W089,11-01-2026,1021,5.8,15,16:10:00,morning,4.96,0.98,1,130
W089,13-01-2026,1106,4.8,13,17:10:00,night,4.69,0.92,1,163
W089,14-01-2026,1294,6.5,18,18:10:00,night,4.95,0.91,0,134
W089,15-01-2026,1402,4.2,22,19:10:00,evening,4.64,0.94,1,152
W089,16-01-2026,1157,4.2,14,20:10:00,night,4.98,0.93,0,128
W089,17-01-2026,1254,3.4,18,21:10:00,evening,4.85,0.93,0,150
W089,18-01-2026,1140,6.7,15,22:10:00,night,4.7,0.97,0,108
W089,19-01-2026,1068,6.2,13,23:10:00,evening,4.7,0.9,0,108
W089,21-01-2026,1058,6.6,16,00:10:00,morning,4.83,0.91,0,143
W089,22-01-2026,1425,5.6,20,01:10:00,morning,4.6,0.91,0,124
W089,23-01-2026,1290,7,17,02:10:00,afternoon,4.92,0.94,1,137
W089,26-01-2026,1201,5.7,16,03:10:00,evening,4.84,0.9,1,149
W089,27-01-2026,1182,5.8,18,04:10:00,afternoon,4.8,0.92,1,116
W089,28-01-2026,1067,5.6,14,05:10:00,night,4.74,0.92,0,136
W089,31-01-2026,1209,3.7,19,06:10:00,night,4.9,0.94,0,169
W089,01-02-2026,1064,4,16,07:10:00,morning,4.73,0.98,0,102
W089,02-02-2026,866,7.7,11,08:10:00,night,4.78,0.95,0,141
W089,03-02-2026,773,4,9,09:10:00,morning,4.84,0.93,0,156
W089,04-02-2026,951,4.7,15,10:10:00,night,4.64,0.91,1,143
W089,06-02-2026,804,7.6,10,11:10:00,afternoon,4.96,0.96,1,141
W089,08-02-2026,1123,3.2,15,12:10:00,night,4.8,0.95,1,163
W089,10-02-2026,1091,3.4,14,13:10:00,afternoon,4.9,0.97,0,146
W089,12-02-2026,1181,5.4,15,14:10:00,night,4.92,0.96,0,101
W089,13-02-2026,1115,7,16,15:10:00,afternoon,4.74,0.9,0,163
W089,15-02-2026,1220,4.2,19,16:10:00,afternoon,4.94,0.97,0,149
W089,16-02-2026,1078,6.2,13,17:10:00,morning,4.61,0.91,1,137
W089,17-02-2026,1015,6.4,12,18:10:00,morning,4.97,0.93,0,156
W089,18-02-2026,777,6.5,9,19:10:00,afternoon,4.92,0.93,0,167
W089,19-02-2026,1229,5.9,18,20:10:00,night,4.62,0.98,0,170
W089,20-02-2026,1061,5.6,15,21:10:00,night,4.98,0.94,1,108
W089,22-02-2026,1049,4.6,14,22:10:00,morning,4.94,0.93,0,117
W089,23-02-2026,1291,4,19,23:10:00,night,4.98,0.96,1,110
W089,24-02-2026,1019,4.5,13,00:10:00,afternoon,4.64,0.94,0,151
W089,26-02-2026,864,5.7,11,01:10:00,evening,4.82,0.91,0,108
W089,27-02-2026,1021,7.5,14,02:10:00,afternoon,4.98,0.94,1,129
W089,01-03-2026,1101,5.8,15,03:10:00,night,4.65,0.96,1,100
W090,06-01-2026,944,3.1,15,04:10:00,morning,4.63,0.87,2,206
W090,07-01-2026,812,5.2,12,05:10:00,night,4.6,0.89,1,274
W090,08-01-2026,848,3.7,13,06:10:00,morning,4.45,0.85,2,270
W090,10-01-2026,691,3.2,10,07:10:00,night,4.48,0.87,2,214
W090,11-01-2026,834,7.4,12,08:10:00,evening,4.37,0.86,2,285
W090,12-01-2026,1243,7,18,09:10:00,morning,4.59,0.87,1,264
W090,13-01-2026,387,7.3,5,10:10:00,morning,4.35,0.84,1,282
W090,14-01-2026,916,7,15,11:10:00,night,4.33,0.88,1,185
W090,15-01-2026,1019,6.4,16,12:10:00,night,4.63,0.84,2,248
W090,17-01-2026,1100,4.6,17,13:10:00,night,4.67,0.89,2,257
W090,18-01-2026,1049,7.9,12,14:10:00,afternoon,4.63,0.89,1,191
W090,19-01-2026,1074,7.4,15,15:10:00,afternoon,4.36,0.84,2,282
W090,20-01-2026,864,6.1,13,16:10:00,afternoon,4.61,0.8,2,186
W090,21-01-2026,825,6.3,13,17:10:00,night,4.5,0.9,2,247
W090,22-01-2026,810,3.4,13,18:10:00,night,4.56,0.87,2,250
W090,24-01-2026,601,3.6,8,19:10:00,evening,4.65,0.83,1,198
W090,25-01-2026,933,3.2,15,20:10:00,afternoon,4.51,0.86,2,232
W090,28-01-2026,819,7.4,12,21:10:00,afternoon,4.65,0.87,2,183
W090,29-01-2026,533,3.2,8,22:10:00,evening,4.47,0.82,2,196
W090,30-01-2026,1649,5.7,24,23:10:00,evening,4.48,0.84,2,193
W090,31-01-2026,852,3.3,14,00:10:00,afternoon,4.59,0.85,2,185
W090,01-02-2026,1097,4.8,14,01:10:00,night,4.6,0.87,2,242
W090,02-02-2026,1032,3.8,15,02:10:00,morning,4.31,0.85,1,265
W090,03-02-2026,990,6.3,13,03:10:00,evening,4.68,0.86,2,216
W090,04-02-2026,1192,5.3,18,04:10:00,morning,4.66,0.86,1,282
W090,05-02-2026,799,5.5,13,05:10:00,morning,4.48,0.82,2,193
W090,06-02-2026,764,6.6,8,06:10:00,afternoon,4.52,0.89,1,215
W090,07-02-2026,957,7.3,12,07:10:00,morning,4.53,0.81,2,242
W090,08-02-2026,1130,6.2,16,08:10:00,evening,4.37,0.88,2,274
W090,09-02-2026,1287,7,16,09:10:00,night,4.53,0.9,2,181
W090,10-02-2026,461,5.6,6,10:10:00,night,4.69,0.81,1,272
W090,11-02-2026,773,4.8,10,11:10:00,night,4.53,0.89,1,240
W090,12-02-2026,500,5.5,8,12:10:00,night,4.69,0.82,2,232
W090,13-02-2026,1115,5.5,15,13:10:00,morning,4.61,0.8,1,197
W090,14-02-2026,880,5.8,14,14:10:00,evening,4.59,0.87,1,212
W090,15-02-2026,1279,5.6,17,15:10:00,night,4.45,0.86,2,248
W090,16-02-2026,628,6,7,16:10:00,evening,4.45,0.85,2,290
W090,18-02-2026,603,5,7,17:10:00,night,4.45,0.9,2,193
W090,19-02-2026,567,4.6,6,18:10:00,night,4.56,0.83,1,239
W090,20-02-2026,1161,6,15,19:10:00,night,4.53,0.87,1,227
W090,21-02-2026,510,6,7,20:10:00,night,4.48,0.88,1,233
W090,22-02-2026,1148,7.5,15,21:10:00,afternoon,4.34,0.84,2,294
W090,27-02-2026,1047,6.3,12,22:10:00,morning,4.55,0.82,2,290
W090,28-02-2026,939,3.8,14,23:10:00,night,4.32,0.89,1,273
W090,01-03-2026,1143,5.4,18,00:10:00,morning,4.63,0.82,2,201
W091,08-01-2026,818,3.9,11,01:10:00,morning,4.55,0.87,1,208
W091,10-01-2026,897,5.8,11,02:10:00,afternoon,4.65,0.81,2,250
W091,11-01-2026,790,6.4,10,03:10:00,afternoon,4.38,0.83,1,249
W091,12-01-2026,1172,5.2,17,04:10:00,morning,4.38,0.84,1,204
W091,13-01-2026,1317,7.3,16,05:10:00,evening,4.59,0.83,1,290
W091,14-01-2026,626,5.5,6,06:10:00,evening,4.35,0.85,2,197
W091,15-01-2026,1278,4.1,17,07:10:00,morning,4.42,0.85,1,189
W091,18-01-2026,1210,7.1,17,08:10:00,night,4.44,0.8,1,266
W091,19-01-2026,1004,7.9,12,09:10:00,night,4.43,0.88,2,249
W091,20-01-2026,764,3.9,11,10:10:00,night,4.59,0.83,2,259
W091,21-01-2026,808,6.1,9,11:10:00,evening,4.42,0.8,1,291
W091,22-01-2026,770,3.6,13,12:10:00,evening,4.65,0.82,2,294
W091,24-01-2026,781,7.4,11,13:10:00,afternoon,4.59,0.84,1,268
W091,25-01-2026,767,5.2,11,14:10:00,night,4.62,0.87,1,205
W091,26-01-2026,343,6.4,5,15:10:00,morning,4.67,0.86,2,221
W091,28-01-2026,403,5.1,5,16:10:00,afternoon,4.44,0.86,1,186
W091,29-01-2026,1133,7.3,18,17:10:00,evening,4.61,0.89,2,252
W091,31-01-2026,1433,5.4,22,18:10:00,afternoon,4.67,0.82,2,228
W091,01-02-2026,1139,5.9,18,19:10:00,night,4.58,0.86,2,243
W091,02-02-2026,1121,4.9,15,20:10:00,night,4.46,0.8,1,217
W091,04-02-2026,704,6.9,10,21:10:00,night,4.47,0.83,1,202
W091,05-02-2026,762,4.8,10,22:10:00,night,4.43,0.82,2,276
W091,06-02-2026,635,5.2,10,23:10:00,morning,4.55,0.89,1,282
W091,07-02-2026,1314,4,17,00:10:00,morning,4.67,0.86,2,222
W091,08-02-2026,848,3.2,13,01:10:00,morning,4.61,0.81,2,224
W091,09-02-2026,954,6.9,14,02:10:00,evening,4.68,0.84,2,220
W091,10-02-2026,512,6.6,6,03:10:00,evening,4.62,0.9,1,188
W091,11-02-2026,911,3.7,14,04:10:00,evening,4.41,0.83,1,231
W091,13-02-2026,1079,3.1,17,05:10:00,afternoon,4.48,0.84,2,279
W091,14-02-2026,803,4.9,10,06:10:00,afternoon,4.51,0.85,1,225
W091,15-02-2026,991,4.5,16,07:10:00,night,4.63,0.87,1,259
W091,16-02-2026,780,3.1,11,08:10:00,night,4.34,0.8,1,246
W091,17-02-2026,884,6.4,10,09:10:00,morning,4.54,0.89,1,181
W091,18-02-2026,725,4.3,9,10:10:00,afternoon,4.62,0.84,2,233
W091,19-02-2026,1196,4.4,19,11:10:00,night,4.69,0.86,2,256
W091,21-02-2026,969,5.5,15,12:10:00,night,4.37,0.88,1,209
W091,24-02-2026,1140,3.9,18,13:10:00,afternoon,4.33,0.84,1,267
W091,25-02-2026,792,6.2,13,14:10:00,morning,4.53,0.82,2,190
W091,26-02-2026,1054,4.8,17,15:10:00,night,4.43,0.85,2,189
W091,27-02-2026,593,5.5,8,16:10:00,evening,4.54,0.87,2,285
W091,28-02-2026,714,4,9,17:10:00,morning,4.43,0.88,2,190
W092,02-01-2026,940,3.8,11,18:10:00,afternoon,4.96,0.95,1,103
W092,03-01-2026,834,5.3,13,19:10:00,morning,4.83,0.97,0,129
W092,04-01-2026,893,7.9,13,20:10:00,morning,4.79,0.93,1,138
W092,06-01-2026,916,7.6,13,21:10:00,night,4.88,0.9,1,158
W092,07-01-2026,1058,3.4,14,22:10:00,evening,4.73,0.96,0,167
W092,08-01-2026,1156,5.8,17,23:10:00,night,4.71,0.91,1,110
W092,10-01-2026,1035,4.2,16,00:10:00,afternoon,4.6,0.98,0,131
W092,11-01-2026,1189,4.8,14,01:10:00,afternoon,4.62,0.97,0,123
W092,12-01-2026,921,3.1,12,02:10:00,evening,4.72,0.95,0,118
W092,13-01-2026,1052,6.4,13,03:10:00,evening,4.71,0.93,1,112
W092,14-01-2026,1077,4.3,16,04:10:00,night,4.86,0.95,1,114
W092,15-01-2026,1186,6.4,17,05:10:00,afternoon,4.95,0.91,1,102
W092,16-01-2026,1223,4,16,06:10:00,morning,4.67,0.97,0,161
W092,17-01-2026,1177,3.8,15,07:10:00,morning,4.63,0.94,0,129
W092,18-01-2026,1169,3.5,14,08:10:00,afternoon,4.66,0.95,0,173
W092,19-01-2026,1178,6.2,15,09:10:00,morning,4.9,0.93,0,103
W092,20-01-2026,979,7.3,15,10:10:00,night,4.98,0.94,1,167
W092,21-01-2026,1204,4.3,19,11:10:00,evening,4.63,0.94,0,160
W092,22-01-2026,953,7.8,11,12:10:00,evening,4.87,0.93,1,165
W092,23-01-2026,1027,5.8,16,13:10:00,evening,4.88,0.94,1,153
W092,24-01-2026,1085,7.8,14,14:10:00,morning,4.86,0.96,1,159
W092,25-01-2026,932,5.6,14,15:10:00,morning,4.8,0.93,1,138
W092,27-01-2026,1252,7.6,19,16:10:00,evening,4.72,0.93,0,142
W092,29-01-2026,1132,6.6,18,17:10:00,night,4.64,0.92,1,136
W092,30-01-2026,1213,5.5,17,18:10:00,afternoon,4.93,0.97,1,170
W092,31-01-2026,1218,7.7,18,19:10:00,night,4.95,0.96,1,111
W092,01-02-2026,1173,4.3,18,20:10:00,afternoon,4.67,0.94,0,162
W092,02-02-2026,1118,3.5,16,21:10:00,evening,4.78,0.93,1,171
W092,04-02-2026,1120,3.7,16,22:10:00,morning,4.66,0.96,0,100
W092,05-02-2026,1124,6.1,18,23:10:00,evening,4.64,0.92,1,179
W092,06-02-2026,1058,5.7,17,00:10:00,evening,4.73,0.96,0,118
W092,07-02-2026,989,3.1,13,01:10:00,night,4.88,0.91,0,171
W092,08-02-2026,1147,5.9,15,02:10:00,morning,4.71,0.97,1,109
W092,09-02-2026,1040,5.1,16,03:10:00,afternoon,5,0.97,1,141
W092,10-02-2026,1372,6.1,17,04:10:00,evening,4.88,0.92,0,153
W092,11-02-2026,1249,6.6,18,05:10:00,night,4.7,0.92,0,172
W092,12-02-2026,1306,6.2,18,06:10:00,evening,4.82,0.93,1,121
W092,13-02-2026,1157,3,17,07:10:00,evening,4.66,0.9,0,163
W092,14-02-2026,1040,4.8,13,08:10:00,morning,4.88,0.97,1,127
W092,15-02-2026,1083,6.3,15,09:10:00,evening,4.71,0.95,0,112
W092,16-02-2026,1123,5,14,10:10:00,evening,4.93,0.97,1,112
W092,17-02-2026,1181,3.1,16,11:10:00,morning,4.76,0.97,0,115
W092,18-02-2026,1136,5.1,15,12:10:00,night,4.88,0.9,1,151
W092,19-02-2026,1108,4.3,14,13:10:00,morning,4.99,0.92,0,179
W092,20-02-2026,1272,4,18,14:10:00,evening,4.63,0.92,1,153
W092,21-02-2026,1183,3.2,18,15:10:00,evening,4.66,0.95,0,145
W092,22-02-2026,942,5.9,11,16:10:00,night,4.88,0.91,1,122
W092,23-02-2026,1217,7.6,15,17:10:00,morning,4.87,0.97,1,136
W092,25-02-2026,1011,3.5,15,18:10:00,night,4.85,0.91,1,155
W092,26-02-2026,1056,4.7,15,19:10:00,evening,4.88,0.96,1,154
W092,27-02-2026,762,4,8,20:10:00,morning,4.66,0.92,0,141
W092,28-02-2026,1091,5.5,15,21:10:00,afternoon,4.73,0.97,0,111
W092,01-03-2026,1380,7.3,21,22:10:00,afternoon,4.98,0.97,1,115
W093,02-01-2026,941,4.7,15,23:10:00,night,4.6,0.95,1,104
W093,03-01-2026,1046,3.6,13,00:10:00,evening,4.64,0.93,0,137
W093,06-01-2026,1284,5.9,16,01:10:00,evening,4.61,0.92,1,179
W093,07-01-2026,1026,4,15,02:10:00,night,4.76,0.98,0,106
W093,08-01-2026,1137,4.1,17,03:10:00,night,4.63,0.95,0,152
W093,09-01-2026,1220,4.5,18,04:10:00,afternoon,4.97,0.91,0,153
W093,10-01-2026,950,4.8,13,05:10:00,evening,4.77,0.94,1,160
W093,11-01-2026,861,4,10,06:10:00,evening,4.96,0.92,0,179
W093,12-01-2026,756,3,8,07:10:00,night,4.8,0.94,1,102
W093,13-01-2026,997,7.1,12,08:10:00,night,4.84,0.94,0,100
W093,15-01-2026,1086,7.1,16,09:10:00,morning,4.77,0.92,0,162
W093,16-01-2026,1175,5.3,17,10:10:00,evening,4.74,0.94,0,108
W093,17-01-2026,1252,6.6,18,11:10:00,evening,4.95,0.97,1,150
W093,18-01-2026,1063,6.9,14,12:10:00,morning,4.98,0.94,1,131
W093,19-01-2026,769,7,12,13:10:00,evening,4.92,0.96,0,143
W093,20-01-2026,892,5.6,14,14:10:00,evening,4.71,0.96,0,111
W093,22-01-2026,870,3,12,15:10:00,evening,4.96,0.98,0,140
W093,23-01-2026,1243,4.5,19,16:10:00,evening,4.84,0.97,1,160
W093,24-01-2026,1292,3.8,20,17:10:00,evening,4.87,0.98,0,156
W093,26-01-2026,1320,6.1,18,18:10:00,morning,4.71,0.9,0,145
W093,27-01-2026,1183,6,17,19:10:00,morning,4.78,0.92,0,115
W093,28-01-2026,1124,5.1,17,20:10:00,evening,4.77,0.97,0,137
W093,29-01-2026,855,3.9,11,21:10:00,morning,4.88,0.95,0,143
W093,30-01-2026,1039,3.1,16,22:10:00,morning,4.66,0.96,1,177
W093,31-01-2026,1132,7.3,18,23:10:00,night,4.84,0.96,0,124
W093,01-02-2026,970,3.2,13,00:10:00,night,4.71,0.9,0,123
W093,03-02-2026,970,7.8,14,01:10:00,evening,4.98,0.97,1,109
W093,04-02-2026,1059,3.6,17,02:10:00,afternoon,4.85,0.9,0,119
W093,05-02-2026,1019,5,13,03:10:00,afternoon,4.82,0.92,0,123
W093,07-02-2026,1226,3.9,18,04:10:00,morning,4.97,0.94,1,137
W093,08-02-2026,929,5.4,13,05:10:00,night,4.76,0.94,0,149
W093,09-02-2026,1358,7.7,19,06:10:00,evening,4.67,0.95,1,166
W093,10-02-2026,923,6.4,15,07:10:00,night,4.62,0.95,1,157
W093,11-02-2026,1130,4.1,14,08:10:00,morning,4.79,0.98,0,167
W093,12-02-2026,1239,4.9,15,09:10:00,night,4.7,0.95,0,110
W093,13-02-2026,1112,7.6,13,10:10:00,morning,4.78,0.93,0,159
W093,15-02-2026,996,6.4,12,11:10:00,morning,4.9,0.94,0,117
W093,19-02-2026,1261,6.5,20,12:10:00,evening,4.79,0.97,0,151
W093,21-02-2026,1325,6.3,18,13:10:00,afternoon,4.64,0.95,1,126
W093,22-02-2026,1050,6.3,16,14:10:00,evening,4.73,0.94,0,142
W093,23-02-2026,1163,3,18,15:10:00,evening,4.99,0.92,1,163
W093,24-02-2026,1283,5.8,18,16:10:00,night,4.86,0.98,1,151
W093,25-02-2026,926,5.7,11,17:10:00,night,4.87,0.91,1,122
W093,26-02-2026,982,5.6,16,18:10:00,night,4.71,0.91,0,178
W093,27-02-2026,1150,5.6,14,19:10:00,afternoon,4.78,0.92,1,103
W093,01-03-2026,1120,4.5,16,20:10:00,afternoon,4.62,0.9,1,176
W094,08-01-2026,1199,6.7,19,21:10:00,night,4.61,0.89,1,189
W094,09-01-2026,608,5.5,7,22:10:00,morning,4.46,0.83,1,210
W094,10-01-2026,985,5.1,12,23:10:00,afternoon,4.54,0.85,2,234
W094,11-01-2026,1093,3.2,14,00:10:00,night,4.49,0.88,2,216
W094,12-01-2026,858,4,14,01:10:00,night,4.51,0.83,1,222
W094,13-01-2026,838,3.7,12,02:10:00,afternoon,4.52,0.89,2,192
W094,14-01-2026,572,5.4,8,03:10:00,night,4.57,0.87,2,273
W094,16-01-2026,978,5.3,11,04:10:00,evening,4.47,0.86,1,261
W094,17-01-2026,730,3,12,05:10:00,afternoon,4.46,0.88,1,237
W094,18-01-2026,1012,4.3,13,06:10:00,afternoon,4.63,0.88,1,216
W094,19-01-2026,788,4.2,9,07:10:00,evening,4.39,0.88,1,208
W094,20-01-2026,742,7.4,11,08:10:00,evening,4.7,0.88,1,265
W094,21-01-2026,1175,4.3,14,09:10:00,morning,4.7,0.82,1,238
W094,22-01-2026,746,3.3,12,10:10:00,night,4.33,0.82,2,274
W094,23-01-2026,857,4.3,12,11:10:00,evening,4.48,0.86,2,260
W094,26-01-2026,957,3.3,14,12:10:00,afternoon,4.64,0.87,1,197
W094,27-01-2026,554,4.2,5,13:10:00,morning,4.62,0.86,1,187
W094,28-01-2026,1402,3.4,22,14:10:00,afternoon,4.7,0.87,2,264
W094,29-01-2026,1009,5.3,16,15:10:00,night,4.49,0.82,2,183
W094,30-01-2026,909,7,14,16:10:00,night,4.67,0.89,1,281
W094,31-01-2026,1305,4.9,19,17:10:00,night,4.31,0.86,1,185
W094,01-02-2026,1068,7,16,18:10:00,morning,4.55,0.84,2,286
W094,02-02-2026,1612,7,24,19:10:00,morning,4.38,0.87,2,181
W094,03-02-2026,767,7.4,10,20:10:00,morning,4.64,0.86,2,218
W094,04-02-2026,1087,7.4,15,21:10:00,night,4.41,0.83,1,187
W094,06-02-2026,907,4.9,10,22:10:00,afternoon,4.54,0.87,1,208
W094,07-02-2026,507,7.9,6,23:10:00,morning,4.65,0.88,2,206
W094,08-02-2026,969,6.1,14,00:10:00,night,4.41,0.83,2,251
W094,09-02-2026,1422,5.8,22,01:10:00,night,4.58,0.87,1,263
W094,10-02-2026,597,3.2,10,02:10:00,afternoon,4.59,0.88,2,197
W094,11-02-2026,1078,3.9,14,03:10:00,afternoon,4.45,0.84,2,205
W094,12-02-2026,1054,3.6,17,04:10:00,night,4.43,0.89,2,209
W094,13-02-2026,1244,3.4,16,05:10:00,night,4.53,0.84,1,200
W094,14-02-2026,768,3.7,10,06:10:00,evening,4.32,0.86,2,267
W094,15-02-2026,1105,5.7,13,07:10:00,morning,4.43,0.84,1,196
W094,16-02-2026,854,6.3,12,08:10:00,morning,4.35,0.84,2,291
W094,17-02-2026,900,5.1,13,09:10:00,night,4.42,0.87,1,204
W094,18-02-2026,651,5.2,7,10:10:00,morning,4.45,0.89,2,180
W094,19-02-2026,355,5.3,6,11:10:00,morning,4.62,0.89,2,269
W094,20-02-2026,727,5.6,9,12:10:00,evening,4.47,0.81,2,272
W094,21-02-2026,1125,4.2,14,13:10:00,morning,4.67,0.88,1,231
W094,22-02-2026,940,5.2,13,14:10:00,morning,4.64,0.83,2,286
W094,23-02-2026,1086,4,16,15:10:00,afternoon,4.62,0.84,2,234
W094,24-02-2026,1175,6.6,18,16:10:00,morning,4.66,0.9,2,235
W094,25-02-2026,910,3.2,14,17:10:00,evening,4.68,0.83,1,271
W094,26-02-2026,544,4.8,7,18:10:00,night,4.58,0.85,2,260
W094,27-02-2026,481,3.1,5,19:10:00,night,4.61,0.88,2,198
W094,28-02-2026,839,5.4,11,20:10:00,morning,4.45,0.9,2,188
W094,01-03-2026,833,4.1,10,21:10:00,afternoon,4.65,0.82,1,205
W095,03-01-2026,845,5.6,14,22:10:00,night,4.97,0.97,0,130
W095,04-01-2026,1223,7.6,19,23:10:00,afternoon,4.95,0.97,0,104
W095,05-01-2026,813,7.5,12,00:10:00,night,4.81,0.97,1,116
W095,06-01-2026,1118,5.9,15,01:10:00,afternoon,4.86,0.97,0,121
W095,07-01-2026,1253,5.6,16,02:10:00,morning,4.91,0.96,0,134
W095,09-01-2026,1187,4.9,17,03:10:00,evening,4.93,0.9,1,130
W095,10-01-2026,974,5.9,15,04:10:00,morning,4.92,0.91,0,174
W095,11-01-2026,966,5.3,14,05:10:00,night,4.9,0.97,1,174
W095,12-01-2026,1268,4.3,19,06:10:00,morning,4.7,0.94,1,173
W095,13-01-2026,1103,4.5,17,07:10:00,morning,4.82,0.94,1,147
W095,14-01-2026,773,4.8,13,08:10:00,night,4.9,0.96,1,117
W095,15-01-2026,912,5.9,11,09:10:00,night,4.75,0.9,1,173
W095,16-01-2026,1291,5.7,20,10:10:00,morning,4.91,0.91,1,163
W095,17-01-2026,1162,5.2,16,11:10:00,morning,4.62,0.96,1,178
W095,18-01-2026,1119,3.4,16,12:10:00,evening,4.75,0.97,1,135
W095,19-01-2026,1038,4.8,13,13:10:00,night,4.7,0.96,1,117
W095,20-01-2026,1176,7,16,14:10:00,morning,4.91,0.92,1,148
W095,21-01-2026,1150,6.6,16,15:10:00,night,4.71,0.91,1,120
W095,22-01-2026,1341,3.7,21,16:10:00,night,4.79,0.95,1,167
W095,23-01-2026,1187,4.3,15,17:10:00,evening,4.69,0.98,1,166
W095,24-01-2026,1121,8,17,18:10:00,morning,4.86,0.95,0,124
W095,25-01-2026,958,3,14,19:10:00,afternoon,4.78,0.97,1,126
W095,26-01-2026,953,6.5,15,20:10:00,evening,4.78,0.97,1,143
W095,27-01-2026,1069,7.8,14,21:10:00,afternoon,4.73,0.91,0,160
W095,28-01-2026,1046,6.7,15,22:10:00,evening,4.68,0.93,1,134
W095,29-01-2026,1261,7,19,23:10:00,afternoon,4.85,0.91,1,114
W095,31-01-2026,1099,3.8,14,00:10:00,night,4.68,0.97,1,166
W095,01-02-2026,1356,6.1,17,01:10:00,morning,5,0.96,0,152
W095,02-02-2026,1206,7.7,17,02:10:00,morning,4.8,0.95,0,128
W095,03-02-2026,870,3.7,11,03:10:00,morning,4.96,0.97,1,138
W095,04-02-2026,913,6.8,14,04:10:00,night,4.94,0.97,0,139
W095,05-02-2026,1179,4.5,15,05:10:00,night,4.61,0.91,0,138
W095,07-02-2026,1029,5.5,13,06:10:00,morning,4.75,0.97,1,150
W095,08-02-2026,1055,7.6,13,07:10:00,night,4.82,0.96,1,107
W095,11-02-2026,1137,3.4,17,08:10:00,afternoon,4.63,0.93,0,159
W095,12-02-2026,1327,7.1,16,09:10:00,morning,4.88,0.92,0,162
W095,13-02-2026,1647,6.1,21,10:10:00,evening,4.93,0.93,0,132
W095,14-02-2026,957,4.7,15,11:10:00,night,4.94,0.9,0,131
W095,16-02-2026,1231,7.8,15,12:10:00,evening,4.75,0.94,0,129
W095,17-02-2026,1145,3,18,13:10:00,evening,4.98,0.93,0,172
W095,18-02-2026,888,3.7,11,14:10:00,evening,4.79,0.93,0,134
W095,19-02-2026,1316,6.5,16,15:10:00,night,4.79,0.94,0,133
W095,22-02-2026,920,4.4,14,16:10:00,morning,4.73,0.94,0,102
W095,23-02-2026,1290,3.3,17,17:10:00,evening,4.66,0.9,1,128
W095,24-02-2026,1133,4.8,17,18:10:00,afternoon,4.79,0.9,0,161
W095,27-02-2026,1003,6.7,16,19:10:00,night,4.62,0.92,0,133
W095,01-03-2026,893,6.1,11,20:10:00,evening,4.78,0.97,1,122
W096,11-01-2026,968,3.9,11,21:10:00,evening,4.9,0.93,0,116
W096,12-01-2026,915,4.9,14,22:10:00,night,4.8,0.95,0,161
W096,13-01-2026,929,4.5,13,23:10:00,afternoon,4.67,0.92,1,112
W096,15-01-2026,1089,6.3,14,00:10:00,night,4.95,0.91,1,114
W096,16-01-2026,1118,6.4,16,01:10:00,afternoon,4.85,0.96,0,174
W096,17-01-2026,1036,4.1,16,02:10:00,night,4.77,0.95,0,120
W096,18-01-2026,993,6.4,15,03:10:00,morning,4.83,0.92,0,121
W096,19-01-2026,1237,7.4,16,04:10:00,night,4.83,0.98,0,170
W096,20-01-2026,1113,6.9,14,05:10:00,morning,4.95,0.96,0,179
W096,22-01-2026,808,4.7,13,06:10:00,morning,4.63,0.97,1,102
W096,23-01-2026,1132,6.4,16,07:10:00,evening,4.6,0.94,0,144
W096,24-01-2026,852,6.6,13,08:10:00,morning,4.81,0.97,0,120
W096,25-01-2026,1181,7.8,15,09:10:00,morning,4.94,0.94,1,117
W096,26-01-2026,924,3,12,10:10:00,afternoon,4.72,0.9,0,177
W096,27-01-2026,1378,5,17,11:10:00,evening,4.62,0.97,0,153
W096,28-01-2026,1057,6.7,13,12:10:00,night,4.72,0.96,0,125
W096,29-01-2026,1279,3,18,13:10:00,morning,4.67,0.96,0,144
W096,30-01-2026,1215,3.5,17,14:10:00,afternoon,4.78,0.96,1,104
W096,31-01-2026,1020,7,15,15:10:00,evening,4.99,0.92,0,124
W096,01-02-2026,1154,4.9,14,16:10:00,evening,4.96,0.96,1,122
W096,02-02-2026,967,3.3,13,17:10:00,night,4.79,0.94,0,162
W096,03-02-2026,1227,6.5,17,18:10:00,morning,4.93,0.94,0,163
W096,04-02-2026,1067,6.9,16,19:10:00,evening,4.92,0.91,0,151
W096,05-02-2026,1143,6.4,18,20:10:00,afternoon,4.74,0.9,1,161
W096,08-02-2026,1169,7.7,15,21:10:00,morning,4.79,0.94,1,108
W096,09-02-2026,1184,5,17,22:10:00,evening,4.89,0.95,0,144
W096,11-02-2026,1223,3.3,18,23:10:00,afternoon,4.97,0.93,0,130
W096,12-02-2026,1304,3.6,16,00:10:00,morning,4.7,0.98,0,131
W096,13-02-2026,999,3.5,15,01:10:00,morning,4.71,0.92,0,114
W096,14-02-2026,1070,4.4,16,02:10:00,evening,4.74,0.96,1,166
W096,16-02-2026,1199,3.4,18,03:10:00,evening,4.85,0.94,1,178
W096,17-02-2026,1074,3.4,15,04:10:00,morning,4.79,0.97,1,175
W096,19-02-2026,1038,5.4,12,05:10:00,morning,4.87,0.91,1,171
W096,20-02-2026,893,7.8,12,06:10:00,night,4.93,0.93,1,103
W096,23-02-2026,941,5.4,13,07:10:00,afternoon,4.72,0.95,0,129
W096,24-02-2026,1141,6,18,08:10:00,morning,4.91,0.94,0,150
W096,25-02-2026,1055,5.4,15,09:10:00,night,4.82,0.97,1,104
W096,26-02-2026,1247,5.4,18,10:10:00,night,4.99,0.91,0,159
W096,27-02-2026,1173,4.2,15,11:10:00,afternoon,4.82,0.97,0,174
W096,28-02-2026,1145,6.8,15,12:10:00,night,4.82,0.96,0,129
W096,01-03-2026,934,7.4,14,13:10:00,evening,4.81,0.93,1,127
W097,08-01-2026,369,8,7,14:10:00,night,4.39,0.9,1,275
W097,09-01-2026,726,6.4,10,15:10:00,afternoon,4.69,0.87,2,228
W097,10-01-2026,913,4.8,14,16:10:00,evening,4.6,0.81,2,259
W097,11-01-2026,993,4.8,12,17:10:00,morning,4.44,0.85,1,223
W097,12-01-2026,946,6.9,12,18:10:00,morning,4.49,0.8,2,251
W097,13-01-2026,781,5,9,19:10:00,evening,4.49,0.86,2,196
W097,14-01-2026,1483,3,22,20:10:00,evening,4.32,0.85,2,180
W097,15-01-2026,1031,7.4,12,21:10:00,morning,4.46,0.87,1,264
W097,16-01-2026,1194,3.1,17,22:10:00,afternoon,4.66,0.86,1,209
W097,17-01-2026,1093,5.8,15,23:10:00,night,4.36,0.88,1,233
W097,18-01-2026,614,5.7,9,00:10:00,evening,4.43,0.8,1,211
W097,19-01-2026,688,7.2,10,01:10:00,evening,4.59,0.81,1,287
W097,20-01-2026,836,7.8,9,02:10:00,morning,4.43,0.86,1,213
W097,21-01-2026,887,5.8,14,03:10:00,night,4.5,0.89,2,213
W097,22-01-2026,922,6.5,13,04:10:00,afternoon,4.33,0.83,2,229
W097,23-01-2026,832,3.8,11,05:10:00,evening,4.41,0.87,2,240
W097,25-01-2026,655,4.8,10,06:10:00,evening,4.45,0.82,2,210
W097,26-01-2026,1019,5.1,14,07:10:00,morning,4.35,0.82,2,296
W097,27-01-2026,568,6,7,08:10:00,afternoon,4.48,0.85,2,258
W097,28-01-2026,718,3.9,12,09:10:00,morning,4.44,0.84,2,281
W097,29-01-2026,925,7.3,13,10:10:00,morning,4.55,0.83,1,197
W097,30-01-2026,706,3.6,10,11:10:00,night,4.36,0.83,1,186
W097,31-01-2026,795,7.1,13,12:10:00,night,4.67,0.86,1,184
W097,01-02-2026,676,7.3,10,13:10:00,afternoon,4.42,0.88,2,193
W097,02-02-2026,743,5.8,10,14:10:00,evening,4.36,0.87,1,187
W097,05-02-2026,579,7.3,8,15:10:00,evening,4.34,0.88,1,284
W097,07-02-2026,765,5.7,9,16:10:00,evening,4.67,0.85,2,250
W097,09-02-2026,642,4.1,11,17:10:00,night,4.7,0.87,1,258
W097,10-02-2026,923,6.1,14,18:10:00,night,4.47,0.85,1,250
W097,11-02-2026,916,7.6,14,19:10:00,afternoon,4.6,0.88,1,246
W097,12-02-2026,543,5.4,9,20:10:00,evening,4.67,0.81,1,299
W097,13-02-2026,1047,3.4,14,21:10:00,morning,4.37,0.87,2,199
W097,14-02-2026,950,3,12,22:10:00,evening,4.47,0.86,1,193
W097,16-02-2026,867,5.3,14,23:10:00,night,4.42,0.86,1,186
W097,18-02-2026,661,7.7,7,00:10:00,evening,4.56,0.87,2,212
W097,20-02-2026,1112,4.9,13,01:10:00,night,4.51,0.83,2,287
W097,21-02-2026,950,5.4,12,02:10:00,night,4.69,0.86,1,207
W097,22-02-2026,788,7.2,9,03:10:00,night,4.61,0.84,2,272
W097,23-02-2026,714,3.2,12,04:10:00,night,4.57,0.87,1,246
W097,24-02-2026,814,4.5,12,05:10:00,night,4.49,0.86,2,288
W097,25-02-2026,869,7.4,10,06:10:00,night,4.33,0.85,2,282
W097,27-02-2026,1236,6.5,15,07:10:00,evening,4.32,0.89,1,207
W097,28-02-2026,1175,6.5,17,08:10:00,night,4.4,0.9,2,244
W097,01-03-2026,1035,3.2,14,09:10:00,afternoon,4.47,0.9,2,281
W098,09-01-2026,281,7.8,6,10:10:00,morning,4.03,0.74,2,401
W098,11-01-2026,694,6.9,10,11:10:00,afternoon,4.12,0.81,4,368
W098,12-01-2026,564,6.5,10,12:10:00,evening,4.48,0.73,4,330
W098,13-01-2026,278,6.8,5,13:10:00,night,4.22,0.76,4,321
W098,16-01-2026,1038,7.9,15,14:10:00,evening,4.44,0.75,3,382
W098,17-01-2026,656,7.3,11,15:10:00,evening,4.12,0.81,2,435
W098,19-01-2026,997,3.2,14,16:10:00,night,4.29,0.73,3,329
W098,20-01-2026,654,4.1,8,17:10:00,evening,4.42,0.71,3,445
W098,22-01-2026,898,4,12,18:10:00,afternoon,4.15,0.77,3,309
W098,23-01-2026,785,7.8,12,19:10:00,night,4.38,0.8,3,318
W098,24-01-2026,1359,3.3,21,20:10:00,night,4.01,0.82,3,422
W098,25-01-2026,200,3.7,5,21:10:00,night,4.49,0.78,3,443
W098,26-01-2026,1051,5.9,13,22:10:00,evening,4.02,0.74,3,432
W098,28-01-2026,532,5.4,6,23:10:00,night,4.42,0.73,2,433
W098,29-01-2026,510,7.4,9,00:10:00,night,4.08,0.76,2,354
W098,31-01-2026,711,5,12,01:10:00,evening,4.36,0.85,4,365
W098,02-02-2026,233,7.8,5,02:10:00,night,4.38,0.74,2,421
W098,04-02-2026,807,4.1,9,03:10:00,night,4.15,0.74,4,311
W098,05-02-2026,630,7.4,10,04:10:00,afternoon,4.1,0.71,4,345
W098,06-02-2026,592,8,9,05:10:00,afternoon,4.34,0.77,3,360
W098,07-02-2026,375,4.5,6,06:10:00,night,4.08,0.71,3,436
W098,08-02-2026,1120,7.4,16,07:10:00,morning,4.47,0.72,4,367
W098,09-02-2026,1036,5.9,13,08:10:00,night,4.46,0.73,4,420
W098,10-02-2026,1259,6.4,19,09:10:00,night,4.13,0.83,2,442
W098,12-02-2026,1220,6.1,15,10:10:00,evening,4.09,0.82,4,375
W098,13-02-2026,884,6.6,12,11:10:00,morning,4.2,0.85,3,321
W098,14-02-2026,1674,4,24,12:10:00,evening,4.07,0.71,3,344
W098,15-02-2026,1234,3.9,16,13:10:00,evening,4.29,0.72,3,347
W098,16-02-2026,404,4.9,5,14:10:00,evening,4.11,0.79,2,436
W098,17-02-2026,798,3.1,12,15:10:00,afternoon,4.38,0.7,4,327
W098,18-02-2026,363,5.8,5,16:10:00,night,4.23,0.78,3,308
W098,20-02-2026,225,3.1,5,17:10:00,afternoon,4.46,0.71,4,329
W098,21-02-2026,1312,7.2,17,18:10:00,night,4.05,0.71,3,391
W098,22-02-2026,1557,5.4,23,19:10:00,night,4.5,0.74,4,384
W098,23-02-2026,539,7.3,9,20:10:00,morning,4.27,0.74,4,448
W098,24-02-2026,731,7.6,9,21:10:00,morning,4.2,0.79,3,377
W098,25-02-2026,1029,5.7,12,22:10:00,night,4.48,0.83,4,356
W098,27-02-2026,414,3.7,5,23:10:00,morning,4.33,0.77,2,331
W098,28-02-2026,856,5.2,11,00:10:00,night,4.43,0.71,4,330
W098,01-03-2026,538,6.5,5,01:10:00,morning,4.18,0.74,2,435
W099,02-01-2026,593,7.3,9,02:10:00,night,4.01,0.82,4,316
W099,03-01-2026,200,6.2,5,03:10:00,afternoon,4.37,0.75,4,332
W099,04-01-2026,1101,4.9,15,04:10:00,morning,4.41,0.75,4,365
W099,05-01-2026,396,5.8,5,05:10:00,morning,4.49,0.8,4,337
W099,06-01-2026,283,3.2,5,06:10:00,morning,4.41,0.75,4,350
W099,07-01-2026,728,7.8,12,07:10:00,night,4.14,0.84,2,302
W099,08-01-2026,1536,4.2,19,08:10:00,afternoon,4.14,0.71,4,320
W099,09-01-2026,1122,3.9,17,09:10:00,night,4.01,0.78,2,363
W099,10-01-2026,1570,3.2,21,10:10:00,afternoon,4.35,0.83,4,307
W099,12-01-2026,594,5.2,9,11:10:00,night,4.29,0.71,4,337
W099,14-01-2026,696,3.5,9,12:10:00,night,4.21,0.76,4,409
W099,15-01-2026,1261,6,19,13:10:00,evening,4.33,0.71,3,333
W099,18-01-2026,200,6.7,5,14:10:00,evening,4.26,0.79,3,393
W099,19-01-2026,757,5.6,8,15:10:00,morning,4.23,0.73,4,306
W099,22-01-2026,665,7.5,7,16:10:00,evening,4.47,0.78,2,318
W099,23-01-2026,231,7,5,17:10:00,night,4.13,0.81,4,358
W099,25-01-2026,1091,5,14,18:10:00,night,4.12,0.84,4,355
W099,26-01-2026,554,3.5,7,19:10:00,morning,4.02,0.82,4,433
W099,27-01-2026,200,7.1,5,20:10:00,afternoon,4.34,0.77,2,359
W099,28-01-2026,1127,6.8,18,21:10:00,night,4.09,0.71,3,300
W099,29-01-2026,794,7.1,13,22:10:00,morning,4.16,0.71,3,378
W099,30-01-2026,1567,3.5,24,23:10:00,afternoon,4.25,0.72,4,395
W099,01-02-2026,1150,4.7,14,00:10:00,night,4.18,0.77,2,301
W099,02-02-2026,533,4.7,7,01:10:00,morning,4.27,0.85,3,411
W099,04-02-2026,1734,6.2,22,02:10:00,evening,4.39,0.73,4,416
W099,05-02-2026,851,3.6,11,03:10:00,night,4.2,0.83,4,357
W099,06-02-2026,600,6.1,9,04:10:00,night,4.25,0.74,3,376
W099,07-02-2026,857,5.2,13,05:10:00,night,4.41,0.72,2,418
W099,09-02-2026,249,4.6,5,06:10:00,night,4.41,0.73,4,395
W099,10-02-2026,558,7,7,07:10:00,evening,4.24,0.83,4,397
W099,11-02-2026,910,7.5,13,08:10:00,night,4.32,0.8,2,324
W099,12-02-2026,1169,5.5,16,09:10:00,evening,4.28,0.71,4,422
W099,13-02-2026,238,7.6,5,10:10:00,morning,4.18,0.74,3,387
W099,15-02-2026,786,5.9,9,11:10:00,morning,4.29,0.84,2,348
W099,16-02-2026,1108,3.6,15,12:10:00,night,4.48,0.76,2,342
W099,17-02-2026,869,6.7,12,13:10:00,night,4.27,0.72,2,346
W099,18-02-2026,1953,6.6,28,14:10:00,afternoon,4.4,0.74,4,429
W099,19-02-2026,720,6.7,12,15:10:00,night,4,0.75,4,308
W099,21-02-2026,1039,7,12,16:10:00,morning,4.5,0.74,4,395
W099,22-02-2026,692,6.9,7,17:10:00,morning,4.16,0.73,2,391
W099,23-02-2026,467,5.5,5,18:10:00,night,4.34,0.71,3,438
W099,24-02-2026,661,4.3,9,19:10:00,afternoon,4.24,0.74,3,303
W099,25-02-2026,474,4,8,20:10:00,evening,4.13,0.7,3,441
W099,27-02-2026,200,6.3,5,21:10:00,morning,4.19,0.73,4,316
W099,28-02-2026,1499,4,19,22:10:00,evening,4.16,0.82,4,418
W099,01-03-2026,200,4.8,5,23:10:00,afternoon,4.43,0.75,2,375
W100,01-01-2026,1128,6.6,18,00:10:00,night,4.75,0.97,0,110
W100,02-01-2026,896,3.4,11,01:10:00,morning,4.74,0.93,1,123
W100,03-01-2026,1119,6.7,17,02:10:00,night,4.67,0.91,0,131
W100,04-01-2026,1014,4.4,16,03:10:00,night,4.71,0.91,1,173
W100,05-01-2026,977,3.5,12,04:10:00,evening,4.83,0.98,0,146
W100,07-01-2026,1190,4.2,17,05:10:00,night,4.88,0.98,1,138
W100,08-01-2026,1344,4.9,20,06:10:00,morning,4.85,0.9,0,122
W100,09-01-2026,1156,3.2,17,07:10:00,afternoon,4.82,0.9,1,162
W100,10-01-2026,1133,7.6,18,08:10:00,afternoon,4.95,0.93,1,128
W100,12-01-2026,1305,6.8,19,09:10:00,night,4.62,0.91,0,179
W100,13-01-2026,1296,5.7,17,10:10:00,morning,4.78,0.92,1,157
W100,14-01-2026,938,5,14,11:10:00,night,4.85,0.92,0,160
W100,15-01-2026,976,5.9,13,12:10:00,evening,4.63,0.96,1,127
W100,16-01-2026,1162,7.8,16,13:10:00,afternoon,4.98,0.97,1,105
W100,17-01-2026,1036,3.8,14,14:10:00,night,4.94,0.92,0,114
W100,18-01-2026,1189,8,15,15:10:00,morning,4.98,0.97,0,138
W100,19-01-2026,1008,7.1,16,16:10:00,evening,4.62,0.98,0,157
W100,20-01-2026,992,5.5,16,17:10:00,night,4.66,0.93,1,112
W100,21-01-2026,979,4.3,15,18:10:00,night,4.94,0.95,1,161
W100,22-01-2026,1155,7.8,15,19:10:00,afternoon,4.98,0.93,0,156
W100,23-01-2026,934,7.7,13,20:10:00,evening,4.61,0.93,0,104
W100,24-01-2026,1219,6.5,15,21:10:00,morning,4.63,0.92,0,164
W100,25-01-2026,1196,7.3,17,22:10:00,evening,4.68,0.92,1,103
W100,26-01-2026,1295,3.7,20,23:10:00,morning,4.64,0.95,1,164
W100,27-01-2026,1176,6.9,16,00:10:00,night,4.84,0.94,0,157
W100,28-01-2026,1060,4.5,14,01:10:00,afternoon,4.73,0.98,1,174
W100,29-01-2026,1232,5.6,15,02:10:00,afternoon,4.65,0.95,1,128
W100,30-01-2026,1070,3.7,13,03:10:00,night,4.86,0.94,1,169
W100,31-01-2026,1331,5.2,18,04:10:00,night,4.94,0.94,0,109
W100,01-02-2026,935,7.6,14,05:10:00,night,4.9,0.94,1,111
W100,02-02-2026,1081,5.9,14,06:10:00,night,4.93,0.93,1,120
W100,03-02-2026,1019,7,14,07:10:00,evening,4.86,0.92,1,143
W100,04-02-2026,980,8,15,08:10:00,night,4.89,0.91,1,100
W100,05-02-2026,1254,4.6,15,09:10:00,afternoon,4.69,0.91,0,145
W100,06-02-2026,1091,3.1,16,10:10:00,morning,5,0.93,0,168
W100,07-02-2026,1388,7.7,18,11:10:00,evening,4.91,0.95,1,127
W100,08-02-2026,1044,5.3,15,12:10:00,evening,4.67,0.93,0,125
W100,10-02-2026,1203,7.9,16,13:10:00,morning,4.69,0.93,1,143
W100,13-02-2026,1179,3.5,15,14:10:00,afternoon,4.62,0.93,0,164
W100,14-02-2026,965,3.6,15,15:10:00,morning,4.66,0.92,0,152
W100,15-02-2026,1063,3.9,17,16:10:00,night,4.82,0.92,0,149
W100,17-02-2026,930,4.8,15,17:10:00,afternoon,4.88,0.96,0,160
W100,20-02-2026,964,4.3,15,18:10:00,night,4.94,0.93,0,130
W100,21-02-2026,1152,6.6,16,19:10:00,morning,4.6,0.92,0,162
W100,22-02-2026,919,6.5,12,20:10:00,night,4.91,0.95,1,131
W100,25-02-2026,1157,4.3,18,21:10:00,night,4.78,0.97,1,134
W100,26-02-2026,1186,7.2,16,22:10:00,evening,4.79,0.9,0,118
W100,27-02-2026,1137,6.1,14,23:10:00,afternoon,4.72,0.92,0,113
W100,28-02-2026,1072,5.5,13,00:10:00,evening,4.82,0.92,1,155
W100,01-03-2026,1047,7.3,16,01:10:00,night,4.71,0.91,1,148
W101,04-01-2026,1184,5.9,15,02:10:00,night,4.74,0.9,1,131
W101,06-01-2026,1170,3.2,16,03:10:00,evening,4.92,0.95,1,171
W101,07-01-2026,1289,5.7,19,04:10:00,night,4.62,0.96,1,153
W101,08-01-2026,1010,7.4,16,05:10:00,night,4.77,0.98,0,129
W101,09-01-2026,1077,6.6,17,06:10:00,morning,4.98,0.93,0,127
W101,10-01-2026,1130,7.7,16,07:10:00,night,4.89,0.95,0,154
W101,11-01-2026,1197,4.5,16,08:10:00,morning,4.66,0.94,0,167
W101,12-01-2026,978,7.3,12,09:10:00,night,4.82,0.96,0,170
W101,13-01-2026,1047,5.5,12,10:10:00,evening,4.74,0.94,1,100
W101,14-01-2026,802,7.9,10,11:10:00,morning,4.85,0.91,0,161
W101,15-01-2026,1036,7.9,13,12:10:00,morning,4.67,0.98,0,169
W101,17-01-2026,1176,6.2,16,13:10:00,night,4.96,0.95,0,177
W101,18-01-2026,1025,5.1,12,14:10:00,afternoon,4.77,0.93,0,143
W101,19-01-2026,1037,5.5,16,15:10:00,night,4.63,0.92,1,147
W101,20-01-2026,1295,3.1,19,16:10:00,evening,4.77,0.95,0,123
W101,22-01-2026,1111,5.9,13,17:10:00,evening,4.62,0.98,0,175
W101,24-01-2026,901,7.8,11,18:10:00,evening,4.64,0.96,1,143
W101,25-01-2026,1256,3.5,15,19:10:00,evening,5,0.96,0,148
W101,26-01-2026,963,3.6,15,20:10:00,afternoon,4.77,0.92,0,128
W101,27-01-2026,1247,7.1,19,21:10:00,morning,4.66,0.93,1,131
W101,29-01-2026,1143,4.8,16,22:10:00,afternoon,4.96,0.9,1,114
W101,30-01-2026,1154,6.6,15,23:10:00,morning,4.69,0.95,1,145
W101,01-02-2026,1217,3.1,16,00:10:00,afternoon,4.91,0.97,0,126
W101,02-02-2026,1072,7,15,01:10:00,night,4.88,0.97,0,155
W101,03-02-2026,1060,4.6,17,02:10:00,evening,4.89,0.91,0,173
W101,04-02-2026,1220,6.6,18,03:10:00,morning,4.72,0.95,1,151
W101,05-02-2026,1151,6.8,15,04:10:00,night,4.63,0.94,1,169
W101,06-02-2026,1228,4.9,17,05:10:00,night,4.63,0.94,1,160
W101,07-02-2026,1114,5.5,13,06:10:00,morning,4.85,0.92,0,108
W101,08-02-2026,1178,7.5,14,07:10:00,evening,4.96,0.93,1,138
W101,09-02-2026,1098,7.5,17,08:10:00,afternoon,4.66,0.9,0,152
W101,11-02-2026,1074,7.9,14,09:10:00,night,4.63,0.94,1,107
W101,13-02-2026,903,4.7,12,10:10:00,evening,4.72,0.91,0,151
W101,14-02-2026,1155,5.4,18,11:10:00,night,4.91,0.92,1,166
W101,15-02-2026,1180,6.1,14,12:10:00,night,4.82,0.91,0,103
W101,16-02-2026,995,6.6,16,13:10:00,night,4.87,0.97,0,160
W101,18-02-2026,1049,4.1,16,14:10:00,night,4.94,0.97,1,127
W101,21-02-2026,1200,4.2,17,15:10:00,night,4.79,0.91,0,172
W101,22-02-2026,908,5.9,14,16:10:00,morning,4.7,0.91,0,163
W101,23-02-2026,1081,7.4,16,17:10:00,night,4.84,0.91,1,108
W101,24-02-2026,1149,5.7,15,18:10:00,night,4.91,0.9,0,167
W101,25-02-2026,1094,7,16,19:10:00,evening,4.73,0.93,1,158
W101,26-02-2026,966,6.9,15,20:10:00,morning,4.8,0.97,1,133
W101,27-02-2026,958,7.3,15,21:10:00,evening,4.71,0.92,0,112
W101,28-02-2026,1242,5.7,16,22:10:00,morning,4.72,0.95,1,167
W101,01-03-2026,1434,6.8,20,23:10:00,afternoon,4.66,0.92,1,163
W102,04-01-2026,1074,7.2,14,00:10:00,afternoon,4.8,0.91,1,158
W102,05-01-2026,1132,7.3,15,01:10:00,night,4.78,0.95,0,121
W102,06-01-2026,1177,3.6,14,02:10:00,night,4.83,0.94,0,130
W102,07-01-2026,1055,6.9,13,03:10:00,afternoon,4.88,0.96,1,111
W102,08-01-2026,1194,5,17,04:10:00,afternoon,4.71,0.95,0,172
W102,09-01-2026,1043,4,14,05:10:00,night,4.65,0.92,1,124
W102,10-01-2026,1169,4.7,15,06:10:00,evening,4.66,0.97,1,156
W102,12-01-2026,941,3.9,11,07:10:00,night,4.86,0.9,1,115
W102,13-01-2026,1119,6.7,16,08:10:00,afternoon,4.6,0.91,1,128
W102,14-01-2026,1027,7,13,09:10:00,morning,4.96,0.92,0,139
W102,15-01-2026,947,7,11,10:10:00,evening,4.73,0.96,0,134
W102,16-01-2026,1134,6.8,17,11:10:00,evening,4.88,0.98,1,113
W102,17-01-2026,751,7.2,12,12:10:00,afternoon,4.75,0.94,0,148
W102,18-01-2026,1009,5.9,14,13:10:00,night,4.73,0.94,0,127
W102,19-01-2026,1042,6.4,15,14:10:00,night,4.95,0.93,0,127
W102,20-01-2026,1105,5.2,14,15:10:00,evening,4.95,0.91,0,126
W102,21-01-2026,1015,6.3,16,16:10:00,morning,4.98,0.93,1,145
W102,22-01-2026,1163,3.7,15,17:10:00,evening,4.8,0.92,1,100
W102,23-01-2026,1199,3.5,18,18:10:00,night,4.79,0.93,0,163
W102,24-01-2026,1253,7.8,16,19:10:00,night,4.77,0.91,0,161
W102,25-01-2026,1122,5.8,17,20:10:00,evening,4.72,0.92,1,152
W102,26-01-2026,1202,4.9,17,21:10:00,afternoon,4.82,0.97,1,118
W102,27-01-2026,1088,5,15,22:10:00,afternoon,4.98,0.95,1,101
W102,28-01-2026,913,3.7,15,23:10:00,night,4.73,0.91,1,126
W102,29-01-2026,1149,3.6,16,00:10:00,evening,4.75,0.92,1,131
W102,30-01-2026,1340,6.6,21,01:10:00,night,4.61,0.92,1,143
W102,31-01-2026,1554,5.7,21,02:10:00,morning,4.7,0.92,1,112
W102,02-02-2026,1520,5.6,22,03:10:00,night,4.66,0.93,0,119
W102,03-02-2026,1331,7.5,18,04:10:00,afternoon,4.86,0.95,1,129
W102,04-02-2026,1099,8,15,05:10:00,afternoon,4.85,0.92,0,151
W102,06-02-2026,1305,5.8,17,06:10:00,evening,4.64,0.98,0,156
W102,07-02-2026,866,5.6,12,07:10:00,afternoon,4.94,0.94,1,175
W102,08-02-2026,1095,6.5,17,08:10:00,evening,4.77,0.97,1,115
W102,12-02-2026,1170,7,15,09:10:00,night,4.89,0.91,1,163
W102,13-02-2026,1060,4.1,15,10:10:00,night,4.82,0.97,1,107
W102,14-02-2026,1090,5.2,14,11:10:00,night,4.72,0.97,0,119
W102,15-02-2026,1099,4.1,16,12:10:00,night,4.79,0.97,1,156
W102,16-02-2026,1118,4.2,15,13:10:00,afternoon,4.88,0.93,0,109
W102,17-02-2026,1041,7.9,15,14:10:00,afternoon,4.68,0.94,1,115
W102,18-02-2026,1042,7.8,16,15:10:00,morning,4.7,0.92,0,117
W102,19-02-2026,1015,3.2,13,16:10:00,night,4.96,0.97,1,168
W102,20-02-2026,1071,6.2,17,17:10:00,morning,4.88,0.95,0,119
W102,21-02-2026,763,3.4,12,18:10:00,morning,4.72,0.95,0,136
W102,22-02-2026,1037,7.4,12,19:10:00,morning,4.86,0.95,1,165
W102,23-02-2026,1133,4.8,18,20:10:00,night,4.95,0.98,1,128
W102,24-02-2026,906,4.6,14,21:10:00,night,4.89,0.92,1,115
W102,25-02-2026,1354,5.7,17,22:10:00,morning,4.77,0.94,1,150
W102,26-02-2026,844,3.9,11,23:10:00,evening,4.94,0.92,0,108
W102,27-02-2026,919,5.1,14,00:10:00,morning,4.78,0.97,0,163
W102,28-02-2026,1401,7.9,18,01:10:00,morning,4.85,0.94,1,174
W103,04-01-2026,1212,4.1,15,02:10:00,evening,4.85,0.91,1,164
W103,05-01-2026,1083,6.2,17,03:10:00,morning,4.75,0.9,0,145
W103,06-01-2026,1216,7.8,15,04:10:00,evening,4.77,0.91,1,143
W103,07-01-2026,911,6,13,05:10:00,afternoon,4.76,0.92,0,145
W103,08-01-2026,901,4,11,06:10:00,afternoon,4.9,0.91,1,161
W103,09-01-2026,1003,7,16,07:10:00,morning,4.85,0.95,0,121
W103,10-01-2026,1201,7.6,16,08:10:00,morning,4.77,0.91,1,146
W103,11-01-2026,1004,7.4,13,09:10:00,morning,4.65,0.95,0,160
W103,14-01-2026,1343,3.4,19,10:10:00,evening,4.69,0.94,1,148
W103,15-01-2026,1302,4,17,11:10:00,night,4.87,0.96,0,152
W103,17-01-2026,1308,3.4,20,12:10:00,morning,4.85,0.94,0,142
W103,18-01-2026,1107,6.4,14,13:10:00,night,4.62,0.97,0,148
W103,19-01-2026,1145,7.2,18,14:10:00,afternoon,4.9,0.92,1,161
W103,20-01-2026,964,5.8,12,15:10:00,night,4.62,0.95,0,131
W103,21-01-2026,938,5.8,11,16:10:00,evening,4.9,0.94,1,172
W103,22-01-2026,863,4.8,11,17:10:00,morning,4.96,0.92,0,115
W103,24-01-2026,1203,5.2,17,18:10:00,afternoon,4.99,0.97,0,158
W103,27-01-2026,1184,5.5,17,19:10:00,evening,4.78,0.93,1,144
W103,28-01-2026,996,4,15,20:10:00,evening,4.96,0.91,0,117
W103,29-01-2026,1020,3.3,13,21:10:00,morning,4.68,0.94,0,176
W103,30-01-2026,1064,7.6,15,22:10:00,morning,4.86,0.97,0,146
W103,31-01-2026,1285,6.8,17,23:10:00,morning,4.89,0.97,0,142
W103,03-02-2026,1208,3.3,19,00:10:00,evening,4.78,0.91,0,139
W103,04-02-2026,1227,7.3,16,01:10:00,morning,4.74,0.93,1,151
W103,05-02-2026,973,4.8,12,02:10:00,night,4.63,0.95,0,178
W103,07-02-2026,1209,7.9,17,03:10:00,afternoon,4.77,0.93,1,139
W103,08-02-2026,947,4.7,11,04:10:00,evening,4.73,0.92,0,128
W103,09-02-2026,903,4.7,14,05:10:00,morning,4.7,0.94,1,161
W103,10-02-2026,1020,7.2,15,06:10:00,evening,4.74,0.96,1,104
W103,11-02-2026,1222,3.2,17,07:10:00,evening,4.96,0.96,0,133
W103,12-02-2026,897,3.5,13,08:10:00,night,4.92,0.98,0,141
W103,14-02-2026,901,6.4,12,09:10:00,afternoon,4.64,0.95,1,100
W103,15-02-2026,1162,4,14,10:10:00,afternoon,4.94,0.91,0,117
W103,16-02-2026,715,7,12,11:10:00,morning,4.76,0.91,0,167
W103,17-02-2026,995,4.2,14,12:10:00,morning,4.95,0.98,0,172
W103,19-02-2026,1155,3.6,14,13:10:00,morning,4.65,0.98,1,136
W103,21-02-2026,909,7.1,10,14:10:00,night,4.64,0.94,1,109
W103,22-02-2026,1274,5.7,17,15:10:00,evening,4.96,0.91,1,144
W103,23-02-2026,1112,3.7,15,16:10:00,morning,4.88,0.96,1,152
W103,24-02-2026,1109,7.1,16,17:10:00,night,4.93,0.94,0,154
W103,26-02-2026,1081,6,16,18:10:00,evening,4.66,0.92,1,147
W103,27-02-2026,1205,3,15,19:10:00,afternoon,4.84,0.92,0,169
W103,28-02-2026,1127,3,15,20:10:00,afternoon,4.83,0.91,0,116
W103,01-03-2026,1151,5.1,15,21:10:00,morning,4.85,0.96,1,168
W104,12-01-2026,1013,6.7,16,22:10:00,evening,4.4,0.78,3,371
W104,13-01-2026,1231,7.3,18,23:10:00,night,4.25,0.77,4,430
W104,14-01-2026,984,5.5,13,00:10:00,night,4.11,0.84,4,340
W104,15-01-2026,328,7.7,5,01:10:00,afternoon,4.15,0.71,3,343
W104,16-01-2026,1194,3.7,16,02:10:00,afternoon,4.42,0.76,4,301
W104,18-01-2026,617,6.3,7,03:10:00,morning,4.08,0.82,3,312
W104,19-01-2026,793,6.5,13,04:10:00,night,4.25,0.73,2,384
W104,20-01-2026,878,4.2,12,05:10:00,night,4.08,0.77,3,329
W104,21-01-2026,241,4.1,5,06:10:00,morning,4.31,0.78,4,324
W104,22-01-2026,1275,7.3,18,07:10:00,afternoon,4.14,0.82,4,349
W104,24-01-2026,1014,7.1,15,08:10:00,night,4.07,0.72,4,396
W104,26-01-2026,666,5.9,9,09:10:00,night,4.13,0.7,4,413
W104,27-01-2026,346,7.6,5,10:10:00,morning,4.05,0.82,4,423
W104,28-01-2026,1373,7.8,18,11:10:00,morning,4.07,0.77,2,330
W104,30-01-2026,1323,4.5,18,12:10:00,evening,4.43,0.78,4,316
W104,01-02-2026,574,4.4,7,13:10:00,morning,4.38,0.81,3,357
W104,02-02-2026,918,7.6,14,14:10:00,evening,4.43,0.76,3,308
W104,03-02-2026,771,6.2,10,15:10:00,evening,4.37,0.79,2,429
W104,05-02-2026,448,7.6,5,16:10:00,evening,4.23,0.8,3,332
W104,06-02-2026,944,5.7,14,17:10:00,morning,4.4,0.77,3,397
W104,08-02-2026,795,3.9,9,18:10:00,evening,4,0.73,4,416
W104,09-02-2026,920,6,11,19:10:00,night,4.29,0.78,4,405
W104,10-02-2026,757,7.6,12,20:10:00,night,4,0.71,2,370
W104,11-02-2026,1025,4.5,14,21:10:00,afternoon,4.25,0.77,4,392
W104,13-02-2026,228,5.4,5,22:10:00,night,4.06,0.83,2,423
W104,14-02-2026,1703,5.4,24,23:10:00,morning,4.2,0.82,4,339
W104,15-02-2026,333,5.5,6,00:10:00,afternoon,4.36,0.76,3,341
W104,16-02-2026,804,6.9,9,01:10:00,evening,4.08,0.78,4,411
W104,17-02-2026,1330,7.4,17,02:10:00,night,4.42,0.74,4,327
W104,19-02-2026,1446,3.8,18,03:10:00,morning,4.26,0.82,4,402
W104,21-02-2026,363,7.7,6,04:10:00,morning,4.12,0.71,2,350
W104,22-02-2026,909,6.7,12,05:10:00,morning,4.44,0.84,4,313
W104,23-02-2026,913,4,11,06:10:00,night,4.02,0.82,2,368
W104,24-02-2026,1432,5.5,18,07:10:00,night,4.19,0.71,4,343
W104,25-02-2026,427,5.5,8,08:10:00,evening,4.45,0.78,2,354
W104,26-02-2026,618,3.7,9,09:10:00,night,4.32,0.71,4,364
W104,27-02-2026,1148,6.2,16,10:10:00,evening,4.32,0.71,3,360
W104,28-02-2026,397,6.7,6,11:10:00,night,4.13,0.81,4,358
W105,06-01-2026,941,3.8,15,12:10:00,afternoon,4.85,0.94,0,120
W105,09-01-2026,1207,7.1,16,13:10:00,night,4.81,0.95,1,165
W105,10-01-2026,850,7,14,14:10:00,night,4.62,0.94,1,150
W105,11-01-2026,834,7.5,11,15:10:00,evening,4.67,0.97,1,112
W105,12-01-2026,964,3.1,12,16:10:00,morning,4.95,0.94,1,171
W105,13-01-2026,1347,5.3,20,17:10:00,morning,4.95,0.94,1,168
W105,14-01-2026,1154,7,18,18:10:00,night,4.88,0.97,1,105
W105,15-01-2026,1102,7.2,16,19:10:00,morning,4.94,0.91,0,144
W105,16-01-2026,1417,5.8,20,20:10:00,afternoon,4.92,0.91,0,166
W105,17-01-2026,1131,3,14,21:10:00,afternoon,4.69,0.94,1,123
W105,18-01-2026,1318,4.8,18,22:10:00,afternoon,4.89,0.9,0,154
W105,19-01-2026,1302,4.4,18,23:10:00,night,4.73,0.93,0,107
W105,20-01-2026,1237,4.1,15,00:10:00,night,4.8,0.98,1,145
W105,21-01-2026,1079,6.7,13,01:10:00,morning,4.89,0.96,1,125
W105,22-01-2026,1138,3.5,18,02:10:00,night,4.79,0.92,1,149
W105,23-01-2026,971,7.2,11,03:10:00,afternoon,4.88,0.91,0,131
W105,24-01-2026,1082,6.8,15,04:10:00,evening,4.73,0.98,1,177
W105,25-01-2026,1072,3.9,14,05:10:00,evening,4.82,0.95,1,151
W105,26-01-2026,1180,5.2,18,06:10:00,night,4.85,0.94,0,164
W105,27-01-2026,1162,7.2,18,07:10:00,night,4.98,0.92,1,141
W105,28-01-2026,1087,7.4,16,08:10:00,night,4.97,0.91,0,162
W105,29-01-2026,1221,6.7,15,09:10:00,morning,4.71,0.92,0,162
W105,30-01-2026,1130,4.2,18,10:10:00,night,4.95,0.9,0,150
W105,31-01-2026,829,6.2,12,11:10:00,morning,4.78,0.97,1,161
W105,02-02-2026,964,7.3,11,12:10:00,night,4.69,0.91,1,116
W105,03-02-2026,892,7.4,10,13:10:00,night,4.99,0.95,1,165
W105,04-02-2026,1210,5.1,16,14:10:00,night,4.97,0.96,0,131
W105,05-02-2026,1065,5.3,13,15:10:00,evening,4.69,0.93,0,132
W105,06-02-2026,1081,3.4,15,16:10:00,night,4.93,0.92,0,111
W105,07-02-2026,1128,7.2,14,17:10:00,night,4.73,0.97,1,156
W105,08-02-2026,1105,3.3,16,18:10:00,evening,4.77,0.93,1,103
W105,09-02-2026,1060,3.1,13,19:10:00,morning,4.77,0.91,1,173
W105,10-02-2026,1079,4.6,17,20:10:00,evening,4.96,0.97,1,106
W105,11-02-2026,1059,5.3,16,21:10:00,morning,4.76,0.98,1,162
W105,12-02-2026,1159,7.4,18,22:10:00,morning,4.94,0.9,0,102
W105,13-02-2026,1121,4.5,15,23:10:00,evening,4.63,0.93,1,116
W105,14-02-2026,1180,5.2,17,00:10:00,afternoon,4.77,0.94,1,171
W105,16-02-2026,1095,7.7,14,01:10:00,morning,4.7,0.97,0,117
W105,18-02-2026,1082,7.9,17,02:10:00,night,4.73,0.91,0,175
W105,19-02-2026,736,7.7,10,03:10:00,afternoon,4.68,0.94,1,146
W105,20-02-2026,1142,3.7,14,04:10:00,night,4.84,0.93,0,134
W105,21-02-2026,1283,5.8,20,05:10:00,evening,4.74,0.98,1,154
W105,22-02-2026,1178,4.8,16,06:10:00,morning,4.66,0.94,0,157
W105,23-02-2026,919,4.8,13,07:10:00,afternoon,4.96,0.95,0,122
W105,24-02-2026,952,5.1,15,08:10:00,night,4.92,0.91,0,140
W105,25-02-2026,1120,5.8,17,09:10:00,night,4.82,0.96,1,129
W105,26-02-2026,1248,6.4,16,10:10:00,morning,4.91,0.92,0,161
W105,27-02-2026,1141,3.4,18,11:10:00,morning,4.71,0.91,0,130
W105,01-03-2026,1227,6,18,12:10:00,night,4.64,0.97,0,134
W106,15-01-2026,963,3.2,13,13:10:00,night,4.81,0.96,1,143
W106,17-01-2026,888,7.9,12,14:10:00,afternoon,4.93,0.95,1,149
W106,19-01-2026,1148,4.9,14,15:10:00,afternoon,4.93,0.92,0,166
W106,20-01-2026,1164,3.6,15,16:10:00,evening,4.81,0.96,0,171
W106,22-01-2026,1311,3.3,18,17:10:00,night,4.8,0.97,0,102
W106,23-01-2026,1179,3.6,15,18:10:00,morning,4.88,0.94,1,139
W106,24-01-2026,1043,4.6,12,19:10:00,evening,4.64,0.93,1,166
W106,26-01-2026,1414,5.9,19,20:10:00,afternoon,4.93,0.96,1,114
W106,27-01-2026,1376,3.4,19,21:10:00,morning,4.82,0.92,1,130
W106,28-01-2026,1241,5.9,19,22:10:00,evening,4.7,0.95,0,132
W106,30-01-2026,1003,4.5,13,23:10:00,afternoon,4.62,0.96,0,121
W106,01-02-2026,1071,6.8,14,00:10:00,night,4.75,0.93,1,174
W106,02-02-2026,1026,5.1,13,01:10:00,morning,4.99,0.97,0,163
W106,03-02-2026,1042,4.2,12,02:10:00,afternoon,4.71,0.94,1,128
W106,04-02-2026,1240,7.6,17,03:10:00,morning,4.86,0.97,0,103
W106,05-02-2026,1045,5.8,13,04:10:00,afternoon,4.7,0.96,0,151
W106,06-02-2026,970,4.6,12,05:10:00,night,4.67,0.97,1,136
W106,08-02-2026,1139,7.5,16,06:10:00,afternoon,4.76,0.97,1,117
W106,09-02-2026,1033,3.1,15,07:10:00,morning,4.97,0.91,0,156
W106,10-02-2026,1218,4.5,15,08:10:00,morning,4.94,0.92,1,153
W106,11-02-2026,1266,7.3,18,09:10:00,morning,4.99,0.95,1,158
W106,12-02-2026,1182,4.1,17,10:10:00,morning,4.81,0.91,0,100
W106,13-02-2026,1022,4.3,15,11:10:00,afternoon,4.63,0.94,0,109
W106,14-02-2026,1248,5.2,17,12:10:00,afternoon,5,0.96,1,147
W106,15-02-2026,964,4,14,13:10:00,night,4.67,0.94,1,137
W106,17-02-2026,1144,6.5,14,14:10:00,night,4.84,0.95,1,101
W106,20-02-2026,1085,7.7,13,15:10:00,afternoon,4.63,0.94,0,134
W106,21-02-2026,1323,7.8,16,16:10:00,evening,4.92,0.98,0,145
W106,22-02-2026,860,6.3,12,17:10:00,afternoon,4.68,0.95,0,136
W106,23-02-2026,924,3,12,18:10:00,night,4.62,0.91,1,103
W106,25-02-2026,1149,4.7,18,19:10:00,morning,4.74,0.9,1,163
W106,26-02-2026,1016,7.3,14,20:10:00,afternoon,4.84,0.91,1,177
W106,27-02-2026,1164,4.1,16,21:10:00,morning,4.95,0.94,0,167
W106,28-02-2026,799,5.1,11,22:10:00,night,4.84,0.9,0,158
W106,01-03-2026,1332,4.4,17,23:10:00,night,4.72,0.97,1,166
W107,07-01-2026,998,5.3,13,00:10:00,night,4.61,0.97,1,152
W107,08-01-2026,998,5.9,13,01:10:00,evening,4.86,0.91,1,115
W107,09-01-2026,731,4.5,11,02:10:00,night,4.78,0.94,0,116
W107,10-01-2026,1156,4.9,18,03:10:00,night,4.98,0.95,0,169
W107,11-01-2026,1253,3.1,19,04:10:00,afternoon,4.64,0.92,1,117
W107,12-01-2026,1135,4.8,14,05:10:00,night,4.9,0.94,1,167
W107,14-01-2026,1141,5.1,17,06:10:00,morning,4.71,0.95,0,178
W107,15-01-2026,873,7.3,11,07:10:00,afternoon,4.86,0.98,0,133
W107,16-01-2026,1243,6.4,18,08:10:00,afternoon,4.68,0.97,1,134
W107,17-01-2026,999,3.3,12,09:10:00,evening,4.97,0.96,1,104
W107,19-01-2026,1232,6.3,19,10:10:00,night,4.83,0.95,0,150
W107,20-01-2026,1310,7.1,20,11:10:00,morning,4.64,0.94,0,179
W107,21-01-2026,1143,6,18,12:10:00,morning,4.92,0.92,0,130
W107,22-01-2026,1226,4,15,13:10:00,night,4.64,0.94,1,151
W107,23-01-2026,998,5.3,14,14:10:00,night,4.81,0.92,1,159
W107,24-01-2026,1010,6.7,13,15:10:00,morning,4.81,0.9,0,153
W107,25-01-2026,1206,4.6,19,16:10:00,evening,4.7,0.96,1,142
W107,29-01-2026,997,7.9,16,17:10:00,morning,4.82,0.93,1,167
W107,31-01-2026,1377,4.5,19,18:10:00,morning,4.87,0.94,1,170
W107,01-02-2026,1056,6.7,13,19:10:00,morning,4.71,0.95,0,159
W107,02-02-2026,822,6.8,11,20:10:00,evening,4.84,0.93,1,166
W107,03-02-2026,960,7.6,13,21:10:00,morning,4.97,0.96,1,105
W107,04-02-2026,1317,5.2,16,22:10:00,night,4.8,0.92,1,120
W107,05-02-2026,1269,6.1,18,23:10:00,afternoon,4.92,0.91,0,127
W107,07-02-2026,1236,5.4,19,00:10:00,afternoon,4.75,0.97,0,146
W107,09-02-2026,1227,4.4,19,01:10:00,evening,4.98,0.92,1,120
W107,10-02-2026,1031,6.6,15,02:10:00,night,4.73,0.98,0,154
W107,11-02-2026,1097,4.6,13,03:10:00,afternoon,4.91,0.92,0,138
W107,12-02-2026,956,3.9,15,04:10:00,morning,4.6,0.94,0,151
W107,13-02-2026,1393,7,18,05:10:00,evening,4.76,0.97,0,132
W107,14-02-2026,1021,4.5,12,06:10:00,night,4.85,0.97,1,133
W107,15-02-2026,1114,6.6,14,07:10:00,evening,4.67,0.98,0,105
W107,16-02-2026,1067,3.1,15,08:10:00,night,4.72,0.95,1,111
W107,17-02-2026,1097,3.5,13,09:10:00,morning,4.88,0.95,1,151
W107,18-02-2026,952,3.9,13,10:10:00,morning,4.89,0.95,1,171
W107,20-02-2026,957,4.7,14,11:10:00,evening,4.7,0.95,0,151
W107,22-02-2026,845,7.5,13,12:10:00,night,4.96,0.98,1,139
W107,23-02-2026,934,5.3,14,13:10:00,morning,4.78,0.97,0,138
W107,24-02-2026,1222,3.1,17,14:10:00,morning,4.87,0.93,1,106
W107,25-02-2026,1100,4.3,16,15:10:00,night,4.85,0.98,1,126
W107,27-02-2026,833,3.3,12,16:10:00,night,4.94,0.94,1,109
W107,28-02-2026,1025,4.7,13,17:10:00,night,4.94,0.91,1,146
W108,14-01-2026,984,3.3,15,18:10:00,afternoon,4.51,0.9,1,205
W108,15-01-2026,687,5.4,7,19:10:00,night,4.64,0.84,2,273
W108,16-01-2026,769,4.6,11,20:10:00,afternoon,4.66,0.85,1,256
W108,19-01-2026,513,6.7,5,21:10:00,night,4.41,0.87,2,244
W108,21-01-2026,802,3.6,11,22:10:00,evening,4.32,0.86,1,262
W108,22-01-2026,891,6.1,12,23:10:00,afternoon,4.65,0.87,2,262
W108,24-01-2026,842,3.8,13,00:10:00,evening,4.46,0.84,1,298
W108,25-01-2026,591,6,8,01:10:00,morning,4.47,0.85,1,299
W108,26-01-2026,1007,3.5,15,02:10:00,night,4.34,0.89,2,294
W108,27-01-2026,1607,5.1,20,03:10:00,evening,4.63,0.81,2,286
W108,28-01-2026,567,3.3,9,04:10:00,night,4.31,0.83,1,213
W108,29-01-2026,998,6.2,14,05:10:00,night,4.4,0.84,1,270
W108,01-02-2026,705,4.3,11,06:10:00,morning,4.5,0.85,1,184
W108,02-02-2026,821,7,12,07:10:00,morning,4.62,0.85,2,241
W108,03-02-2026,846,4.9,10,08:10:00,evening,4.32,0.89,1,287
W108,04-02-2026,716,5.9,11,09:10:00,evening,4.63,0.9,1,190
W108,05-02-2026,1193,7.5,17,10:10:00,night,4.63,0.9,1,207
W108,06-02-2026,668,4.7,8,11:10:00,afternoon,4.42,0.85,2,233
W108,07-02-2026,697,6.1,8,12:10:00,evening,4.36,0.85,2,298
W108,08-02-2026,966,3.2,13,13:10:00,night,4.41,0.8,1,244
W108,10-02-2026,1194,4.9,15,14:10:00,night,4.53,0.83,2,271
W108,11-02-2026,1242,5.8,19,15:10:00,evening,4.49,0.86,1,185
W108,13-02-2026,873,6.7,12,16:10:00,night,4.32,0.83,1,269
W108,14-02-2026,1228,3.1,16,17:10:00,night,4.52,0.89,1,281
W108,15-02-2026,659,5.8,11,18:10:00,morning,4.63,0.81,2,277
W108,16-02-2026,763,4.6,10,19:10:00,night,4.32,0.89,2,210
W108,17-02-2026,735,4.7,12,20:10:00,night,4.36,0.85,2,188
W108,19-02-2026,932,3.3,14,21:10:00,night,4.32,0.81,2,292
W108,21-02-2026,1039,5,13,22:10:00,night,4.46,0.89,2,223
W108,22-02-2026,768,6.8,9,23:10:00,afternoon,4.49,0.87,1,287
W108,23-02-2026,1129,4.5,18,00:10:00,evening,4.39,0.88,1,218
W108,25-02-2026,875,4.7,14,01:10:00,night,4.41,0.83,2,257
W108,26-02-2026,1059,6,14,02:10:00,afternoon,4.32,0.8,2,291
W108,28-02-2026,1168,7.2,14,03:10:00,night,4.49,0.81,1,193
W108,01-03-2026,1031,3.7,15,04:10:00,evening,4.55,0.85,2,240
W109,08-01-2026,1204,5.8,19,05:10:00,morning,4.73,0.9,1,128
W109,09-01-2026,1041,4.2,13,06:10:00,night,4.96,0.95,0,146
W109,11-01-2026,909,4.7,10,07:10:00,evening,4.99,0.95,0,167
W109,12-01-2026,999,6.7,15,08:10:00,morning,4.65,0.94,1,159
W109,13-01-2026,1440,5.4,18,09:10:00,night,4.79,0.92,1,139
W109,14-01-2026,988,4.2,13,10:10:00,night,4.62,0.91,0,152
W109,15-01-2026,1152,4.8,15,11:10:00,night,4.99,0.9,0,105
W109,16-01-2026,1333,3.3,19,12:10:00,night,4.67,0.91,1,132
W109,17-01-2026,1169,4.7,16,13:10:00,night,4.85,0.97,0,153
W109,18-01-2026,1104,5.7,14,14:10:00,evening,4.96,0.96,0,153
W109,19-01-2026,1185,7,16,15:10:00,evening,4.6,0.92,0,140
W109,20-01-2026,1212,7.3,16,16:10:00,morning,4.75,0.92,0,100
W109,21-01-2026,1262,5.6,20,17:10:00,afternoon,4.79,0.96,1,174
W109,23-01-2026,949,6.9,11,18:10:00,morning,4.77,0.96,1,110
W109,24-01-2026,1033,6.4,12,19:10:00,afternoon,4.98,0.96,1,127
W109,25-01-2026,1044,4.5,15,20:10:00,night,4.7,0.98,0,123
W109,26-01-2026,848,6.4,11,21:10:00,morning,4.97,0.91,1,175
W109,27-01-2026,760,8,11,22:10:00,evening,4.62,0.95,0,128
W109,28-01-2026,1228,5.3,15,23:10:00,morning,4.81,0.98,1,113
W109,29-01-2026,875,7,13,00:10:00,night,4.64,0.95,1,151
W109,30-01-2026,1078,7.5,13,01:10:00,morning,4.75,0.96,0,100
W109,31-01-2026,713,5.2,8,02:10:00,afternoon,4.8,0.91,1,109
W109,01-02-2026,1366,6.9,17,03:10:00,afternoon,4.87,0.91,0,102
W109,02-02-2026,961,4.8,12,04:10:00,evening,4.79,0.96,1,114
W109,03-02-2026,1125,6.1,17,05:10:00,afternoon,4.77,0.91,1,105
W109,04-02-2026,1064,3.1,16,06:10:00,morning,4.92,0.98,0,139
W109,06-02-2026,1471,7.3,19,07:10:00,night,4.65,0.94,1,162
W109,07-02-2026,963,5.5,11,08:10:00,afternoon,4.91,0.93,0,108
W109,08-02-2026,1062,6,14,09:10:00,night,4.84,0.91,1,178
W109,10-02-2026,711,3.8,8,10:10:00,evening,4.8,0.97,1,137
W109,11-02-2026,875,7.6,10,11:10:00,evening,4.8,0.91,0,162
W109,12-02-2026,809,5.3,12,12:10:00,night,4.63,0.91,1,123
W109,13-02-2026,858,3.3,14,13:10:00,morning,4.9,0.97,1,100
W109,14-02-2026,973,4.3,11,14:10:00,morning,4.87,0.96,0,157
W109,16-02-2026,973,5.4,13,15:10:00,morning,4.63,0.93,0,175
W109,17-02-2026,1218,5.2,16,16:10:00,morning,4.67,0.93,1,151
W109,18-02-2026,1202,5,17,17:10:00,night,4.61,0.98,1,130
W109,20-02-2026,1188,3.2,16,18:10:00,evening,4.74,0.94,0,170
W109,21-02-2026,908,3.3,11,19:10:00,evening,4.85,0.95,0,139
W109,22-02-2026,1052,6.7,14,20:10:00,afternoon,4.82,0.96,0,114
W109,23-02-2026,1344,5.1,20,21:10:00,evening,4.87,0.91,0,146
W109,25-02-2026,1180,6.7,17,22:10:00,night,4.67,0.92,0,159
W109,26-02-2026,1015,5.1,14,23:10:00,night,4.91,0.92,1,156
W109,27-02-2026,1080,6.5,15,00:10:00,night,4.7,0.94,1,155
W109,28-02-2026,1334,3.5,19,01:10:00,morning,4.74,0.96,1,114
W109,01-03-2026,1228,4.9,17,02:10:00,night,4.69,0.94,1,160
W110,01-01-2026,968,5.3,11,03:10:00,night,4.47,0.83,1,207
W110,02-01-2026,964,6.4,14,04:10:00,morning,4.57,0.87,1,242
W110,03-01-2026,1098,3.2,14,05:10:00,evening,4.47,0.89,1,241
W110,05-01-2026,513,5.1,7,06:10:00,morning,4.66,0.86,1,233
W110,06-01-2026,1168,7.3,14,07:10:00,night,4.64,0.84,2,199
W110,07-01-2026,846,7.5,14,08:10:00,night,4.41,0.86,2,296
W110,08-01-2026,1007,6.5,15,09:10:00,night,4.65,0.82,2,197
W110,11-01-2026,783,5.1,11,10:10:00,morning,4.56,0.84,2,277
W110,12-01-2026,691,4.5,8,11:10:00,evening,4.49,0.81,1,289
W110,13-01-2026,650,6.4,10,12:10:00,afternoon,4.6,0.84,1,271
W110,15-01-2026,861,3.9,12,13:10:00,morning,4.64,0.84,1,215
W110,16-01-2026,577,5.9,8,14:10:00,night,4.4,0.85,1,263
W110,17-01-2026,783,6.1,10,15:10:00,night,4.36,0.87,2,293
W110,18-01-2026,1129,5.9,16,16:10:00,evening,4.58,0.81,2,280
W110,19-01-2026,668,3.8,8,17:10:00,evening,4.45,0.88,2,292
W110,20-01-2026,887,7.9,10,18:10:00,night,4.43,0.83,1,266
W110,21-01-2026,1196,5.2,16,19:10:00,morning,4.4,0.86,2,256
W110,23-01-2026,1073,3.3,17,20:10:00,night,4.34,0.8,1,277
W110,24-01-2026,1391,4.3,19,21:10:00,night,4.32,0.85,1,210
W110,26-01-2026,819,4.4,11,22:10:00,morning,4.42,0.87,2,186
W110,27-01-2026,777,6.2,13,23:10:00,night,4.51,0.84,1,294
W110,28-01-2026,1025,7.4,14,00:10:00,night,4.62,0.86,2,267
W110,29-01-2026,834,5.8,11,01:10:00,morning,4.62,0.85,1,196
W110,31-01-2026,889,6.2,13,02:10:00,evening,4.34,0.81,2,216
W110,01-02-2026,883,3.5,11,03:10:00,night,4.36,0.89,2,241
W110,04-02-2026,1007,5.1,14,04:10:00,night,4.49,0.87,1,291
W110,05-02-2026,825,4.5,13,05:10:00,night,4.55,0.86,2,214
W110,06-02-2026,722,4.9,12,06:10:00,afternoon,4.36,0.81,1,207
W110,07-02-2026,1110,5,15,07:10:00,night,4.36,0.84,1,180
W110,08-02-2026,877,3.9,10,08:10:00,night,4.53,0.89,1,254
W110,09-02-2026,1000,7.9,15,09:10:00,afternoon,4.64,0.88,2,233
W110,10-02-2026,1139,7.1,18,10:10:00,night,4.42,0.88,2,221
W110,11-02-2026,309,6.9,5,11:10:00,afternoon,4.39,0.81,1,253
W110,12-02-2026,790,3.9,10,12:10:00,evening,4.37,0.89,2,289
W110,13-02-2026,772,8,12,13:10:00,night,4.32,0.88,1,293
W110,14-02-2026,871,6,11,14:10:00,night,4.38,0.84,2,296
W110,16-02-2026,665,3,8,15:10:00,night,4.65,0.86,1,294
W110,17-02-2026,1126,5.6,15,16:10:00,morning,4.62,0.82,1,293
W110,18-02-2026,917,4.5,11,17:10:00,night,4.38,0.84,1,207
W110,19-02-2026,1039,4.4,13,18:10:00,evening,4.67,0.84,2,188
W110,20-02-2026,1303,7.8,16,19:10:00,morning,4.35,0.9,2,250
W110,21-02-2026,720,3.6,9,20:10:00,night,4.31,0.8,1,193
W110,22-02-2026,698,5.9,11,21:10:00,morning,4.56,0.81,1,290
W110,23-02-2026,858,5.3,13,22:10:00,afternoon,4.34,0.8,2,263
W110,24-02-2026,200,7.8,5,23:10:00,afternoon,4.35,0.89,2,188
W110,25-02-2026,853,4.9,11,00:10:00,night,4.66,0.89,1,269
W110,26-02-2026,1118,4.9,16,01:10:00,morning,4.56,0.84,2,238
W110,27-02-2026,1212,4.6,17,02:10:00,morning,4.4,0.89,2,274
W110,28-02-2026,730,7.9,12,03:10:00,morning,4.59,0.89,2,287
W110,01-03-2026,1216,3.3,15,04:10:00,night,4.68,0.8,2,238
W111,03-01-2026,1287,7,17,05:10:00,morning,4.78,0.93,0,138
W111,04-01-2026,1280,3.7,20,06:10:00,night,4.92,0.96,0,166
W111,05-01-2026,1112,4.9,14,07:10:00,night,4.88,0.91,1,103
W111,06-01-2026,1118,4,13,08:10:00,morning,4.91,0.97,0,138
W111,07-01-2026,1077,6.4,14,09:10:00,night,4.82,0.95,0,125
W111,08-01-2026,1112,5.8,17,10:10:00,night,4.86,0.94,0,108
W111,09-01-2026,852,4,10,11:10:00,night,4.88,0.97,1,106
W111,10-01-2026,1246,5.4,16,12:10:00,night,4.95,0.9,1,103
W111,11-01-2026,1015,5.2,14,13:10:00,afternoon,4.98,0.92,0,131
W111,12-01-2026,1117,6.6,16,14:10:00,night,4.72,0.91,1,127
W111,14-01-2026,1141,4.1,14,15:10:00,morning,4.86,0.94,0,179
W111,15-01-2026,1150,5.5,16,16:10:00,morning,4.8,0.94,1,166
W111,19-01-2026,973,5.4,12,17:10:00,morning,4.82,0.94,1,164
W111,20-01-2026,1039,5.5,13,18:10:00,afternoon,4.76,0.97,0,108
W111,21-01-2026,732,4.2,8,19:10:00,afternoon,4.71,0.91,0,143
W111,22-01-2026,1055,6.7,13,20:10:00,evening,4.95,0.93,1,128
W111,23-01-2026,1239,5.5,17,21:10:00,night,4.87,0.93,1,157
W111,24-01-2026,1193,4.6,16,22:10:00,afternoon,4.83,0.94,0,175
W111,25-01-2026,1327,6.2,17,23:10:00,night,4.61,0.98,1,111
W111,26-01-2026,1026,6.6,13,00:10:00,afternoon,4.75,0.92,1,114
W111,27-01-2026,1063,5.1,17,01:10:00,morning,4.99,0.95,1,149
W111,28-01-2026,992,7.6,12,02:10:00,night,4.91,0.96,1,134
W111,30-01-2026,1280,6.8,18,03:10:00,night,4.62,0.94,1,165
W111,01-02-2026,1073,4.7,17,04:10:00,morning,4.64,0.95,0,121
W111,02-02-2026,1260,7.1,18,05:10:00,night,5,0.96,0,122
W111,03-02-2026,1331,4.7,19,06:10:00,morning,4.65,0.96,1,124
W111,04-02-2026,1192,7.5,15,07:10:00,evening,4.94,0.91,1,101
W111,05-02-2026,1331,7.7,20,08:10:00,evening,4.66,0.94,1,120
W111,06-02-2026,1437,4,20,09:10:00,evening,4.69,0.94,1,123
W111,08-02-2026,1127,4.5,18,10:10:00,evening,4.83,0.97,0,143
W111,09-02-2026,1303,3.9,17,11:10:00,night,4.85,0.97,0,147
W111,10-02-2026,1105,4.6,16,12:10:00,morning,4.99,0.95,1,157
W111,11-02-2026,997,6.6,13,13:10:00,morning,4.94,0.96,0,102
W111,12-02-2026,1223,3.4,15,14:10:00,evening,4.93,0.9,1,108
W111,13-02-2026,1241,6.6,15,15:10:00,morning,4.68,0.93,1,120
W111,14-02-2026,1060,4.4,13,16:10:00,afternoon,4.79,0.96,1,142
W111,15-02-2026,976,6.7,15,17:10:00,afternoon,4.99,0.94,1,133
W111,16-02-2026,880,7.6,10,18:10:00,night,4.92,0.97,1,116
W111,17-02-2026,964,7.4,11,19:10:00,morning,4.71,0.92,0,176
W111,18-02-2026,1081,6.3,17,20:10:00,afternoon,4.77,0.96,1,125
W111,19-02-2026,1063,3.9,13,21:10:00,afternoon,4.95,0.95,1,159
W111,20-02-2026,1247,4.4,18,22:10:00,evening,4.62,0.95,1,112
W111,21-02-2026,869,5.3,13,23:10:00,night,4.89,0.94,1,156
W111,24-02-2026,1123,6.5,16,00:10:00,afternoon,4.61,0.94,1,110
W111,26-02-2026,977,4,13,01:10:00,evening,4.94,0.97,1,125
W111,27-02-2026,1172,5.9,15,02:10:00,afternoon,4.73,0.94,1,150
W111,28-02-2026,930,4.1,12,03:10:00,morning,4.93,0.93,0,142
W111,01-03-2026,1138,5.2,17,04:10:00,afternoon,5,0.91,0,127
W112,08-01-2026,1030,3.3,16,05:10:00,afternoon,4.65,0.9,1,154
W112,11-01-2026,1265,7.3,16,06:10:00,night,4.8,0.97,1,112
W112,12-01-2026,661,6.9,11,07:10:00,evening,4.78,0.91,0,148
W112,13-01-2026,1110,3.2,16,08:10:00,afternoon,4.97,0.9,1,104
W112,14-01-2026,1015,7.9,13,09:10:00,evening,4.87,0.9,1,162
W112,15-01-2026,1066,3.8,17,10:10:00,evening,4.71,0.9,0,100
W112,16-01-2026,1049,7.8,13,11:10:00,afternoon,4.92,0.92,0,176
W112,17-01-2026,1157,6,15,12:10:00,night,4.66,0.92,0,158
W112,18-01-2026,1368,5,21,13:10:00,afternoon,4.76,0.9,0,127
W112,20-01-2026,1266,7.3,18,14:10:00,morning,4.97,0.97,0,125
W112,21-01-2026,1261,8,20,15:10:00,night,4.71,0.92,0,107
W112,22-01-2026,857,7,12,16:10:00,afternoon,4.72,0.9,0,142
W112,23-01-2026,1078,7.5,15,17:10:00,afternoon,4.72,0.94,1,134
W112,24-01-2026,1505,7.2,21,18:10:00,afternoon,4.94,0.9,1,105
W112,25-01-2026,1045,5.2,14,19:10:00,night,5,0.9,0,140
W112,26-01-2026,855,3.3,14,20:10:00,morning,4.89,0.93,1,100
W112,27-01-2026,1056,3.2,13,21:10:00,morning,4.63,0.96,0,146
W112,28-01-2026,1110,6.4,16,22:10:00,night,4.67,0.97,0,138
W112,31-01-2026,1266,7.4,20,23:10:00,night,4.71,0.97,0,112
W112,01-02-2026,982,6.7,12,00:10:00,afternoon,4.81,0.96,0,115
W112,05-02-2026,1160,3.9,17,01:10:00,afternoon,4.96,0.94,1,172
W112,06-02-2026,856,5.2,11,02:10:00,morning,4.73,0.92,1,130
W112,08-02-2026,825,6.1,13,03:10:00,night,4.88,0.96,1,119
W112,09-02-2026,1075,5.4,13,04:10:00,evening,4.7,0.91,0,105
W112,10-02-2026,1230,3.7,17,05:10:00,morning,4.82,0.98,1,178
W112,12-02-2026,1200,6,16,06:10:00,evening,4.73,0.92,1,132
W112,13-02-2026,1190,6.4,17,07:10:00,night,4.7,0.95,1,166
W112,14-02-2026,1015,7.6,15,08:10:00,afternoon,4.82,0.91,0,139
W112,16-02-2026,986,4,16,09:10:00,night,4.67,0.97,0,115
W112,18-02-2026,1086,7.7,14,10:10:00,afternoon,4.62,0.92,0,131
W112,19-02-2026,1067,6.9,16,11:10:00,evening,4.76,0.93,0,110
W112,20-02-2026,1249,7.7,19,12:10:00,evening,4.66,0.97,1,159
W112,21-02-2026,960,4.4,12,13:10:00,morning,4.69,0.92,0,164
W112,23-02-2026,1127,5.7,14,14:10:00,night,4.64,0.98,1,179
W112,24-02-2026,1355,3.9,20,15:10:00,night,4.8,0.91,0,124
W112,26-02-2026,965,6.3,15,16:10:00,morning,4.72,0.96,1,111
W112,27-02-2026,1270,4.4,20,17:10:00,morning,4.75,0.92,0,114
W112,28-02-2026,1068,4.1,14,18:10:00,night,4.76,0.96,0,122
W112,01-03-2026,915,3.4,15,19:10:00,morning,4.98,0.97,0,151
W113,09-01-2026,766,6.5,12,20:10:00,morning,4.64,0.85,1,278
W113,12-01-2026,1091,4.2,16,21:10:00,morning,4.54,0.9,1,183
W113,13-01-2026,1013,4.3,13,22:10:00,morning,4.32,0.86,1,257
W113,14-01-2026,659,7.1,10,23:10:00,morning,4.48,0.85,1,223
W113,16-01-2026,362,4.9,7,00:10:00,afternoon,4.59,0.86,2,269
W113,17-01-2026,1360,5,21,01:10:00,evening,4.54,0.86,1,269
W113,18-01-2026,1014,7.7,14,02:10:00,night,4.53,0.88,1,219
W113,20-01-2026,516,4,5,03:10:00,morning,4.38,0.84,1,254
W113,23-01-2026,1025,7.8,16,04:10:00,morning,4.42,0.87,1,229
W113,24-01-2026,935,4.5,12,05:10:00,morning,4.56,0.81,2,264
W113,25-01-2026,792,7,9,06:10:00,morning,4.34,0.87,1,272
W113,26-01-2026,1192,4.5,16,07:10:00,morning,4.56,0.87,1,278
W113,27-01-2026,818,6,10,08:10:00,afternoon,4.38,0.88,2,266
W113,28-01-2026,1030,6.6,14,09:10:00,afternoon,4.47,0.83,1,237
W113,29-01-2026,1232,3.8,15,10:10:00,morning,4.37,0.87,2,246
W113,30-01-2026,961,4.1,14,11:10:00,night,4.38,0.87,2,282
W113,31-01-2026,1240,6,18,12:10:00,night,4.53,0.8,2,225
W113,02-02-2026,1153,7,16,13:10:00,evening,4.48,0.9,2,221
W113,03-02-2026,862,5.1,11,14:10:00,afternoon,4.61,0.84,1,287
W113,04-02-2026,941,3.9,14,15:10:00,morning,4.55,0.81,2,218
W113,05-02-2026,911,6.7,15,16:10:00,afternoon,4.63,0.9,1,210
W113,07-02-2026,1157,3.9,14,17:10:00,night,4.38,0.83,1,218
W113,08-02-2026,1055,6.8,14,18:10:00,morning,4.4,0.84,2,289
W113,09-02-2026,1149,5,15,19:10:00,night,4.45,0.87,1,181
W113,10-02-2026,987,4.1,15,20:10:00,night,4.5,0.81,2,259
W113,11-02-2026,1000,4.2,14,21:10:00,night,4.42,0.8,2,243
W113,12-02-2026,979,7.5,12,22:10:00,night,4.46,0.86,2,222
W113,13-02-2026,842,7,14,23:10:00,morning,4.62,0.82,1,286
W113,14-02-2026,1092,7.6,14,00:10:00,afternoon,4.43,0.89,2,284
W113,15-02-2026,540,6,6,01:10:00,evening,4.34,0.9,1,273
W113,16-02-2026,1343,4.8,19,02:10:00,evening,4.62,0.89,1,240
W113,17-02-2026,1329,4.1,20,03:10:00,afternoon,4.44,0.89,2,271
W113,18-02-2026,556,5,5,04:10:00,afternoon,4.42,0.86,1,227
W113,19-02-2026,1280,6.1,19,05:10:00,night,4.54,0.87,1,180
W113,20-02-2026,1115,7.4,15,06:10:00,afternoon,4.64,0.85,2,249
W113,21-02-2026,1121,7.9,18,07:10:00,night,4.54,0.81,2,271
W113,23-02-2026,835,6,10,08:10:00,evening,4.35,0.83,2,226
W113,24-02-2026,1028,4.6,12,09:10:00,night,4.48,0.89,2,282
W113,26-02-2026,1128,6.7,17,10:10:00,morning,4.44,0.81,2,241
W113,27-02-2026,1117,7.6,15,11:10:00,morning,4.37,0.82,1,182
W113,28-02-2026,894,6.2,10,12:10:00,afternoon,4.51,0.89,2,190
W113,01-03-2026,823,4.9,10,13:10:00,morning,4.55,0.89,2,215
W114,05-01-2026,1118,6,16,14:10:00,afternoon,4.24,0.82,4,433
W114,06-01-2026,660,4.7,8,15:10:00,evening,4.21,0.78,4,423
W114,09-01-2026,534,6.9,5,16:10:00,night,4.32,0.79,4,388
W114,10-01-2026,656,5.4,10,17:10:00,afternoon,4.36,0.73,3,371
W114,12-01-2026,875,7.3,11,18:10:00,afternoon,4.46,0.81,3,434
W114,13-01-2026,955,5.6,13,19:10:00,morning,4.16,0.77,3,330
W114,14-01-2026,586,3.6,7,20:10:00,night,4.28,0.76,3,313
W114,16-01-2026,440,6.8,5,21:10:00,evening,4.04,0.79,4,301
W114,17-01-2026,1178,5,17,22:10:00,afternoon,4.05,0.76,2,319
W114,18-01-2026,452,5.2,7,23:10:00,evening,4.1,0.76,3,394
W114,19-01-2026,1037,3.3,14,00:10:00,afternoon,4.41,0.77,2,398
W114,20-01-2026,666,6.9,7,01:10:00,morning,4.08,0.7,3,389
W114,21-01-2026,1292,4.7,20,02:10:00,morning,4.29,0.71,4,413
W114,22-01-2026,455,7.6,7,03:10:00,evening,4.04,0.75,4,359
W114,23-01-2026,1594,5.7,23,04:10:00,morning,4.02,0.8,4,393
W114,24-01-2026,635,6.5,7,05:10:00,evening,4.38,0.72,3,341
W114,27-01-2026,1487,7.4,19,06:10:00,afternoon,4.15,0.78,4,420
W114,28-01-2026,880,7.4,14,07:10:00,night,4.3,0.84,3,392
W114,29-01-2026,586,5.2,7,08:10:00,morning,4.16,0.75,4,306
W114,30-01-2026,888,5.2,10,09:10:00,evening,4.17,0.73,3,363
W114,31-01-2026,1283,4,18,10:10:00,afternoon,4.14,0.72,2,422
W114,01-02-2026,756,7.7,10,11:10:00,afternoon,4.34,0.8,3,418
W114,02-02-2026,265,7.2,5,12:10:00,evening,4.18,0.72,4,312
W114,03-02-2026,721,5.8,11,13:10:00,afternoon,4.17,0.75,4,415
W114,04-02-2026,946,4.4,11,14:10:00,morning,4.23,0.75,3,433
W114,05-02-2026,1216,4.6,15,15:10:00,afternoon,4.21,0.85,4,308
W114,06-02-2026,200,5.9,5,16:10:00,evening,4.4,0.79,2,305
W114,07-02-2026,890,3.1,12,17:10:00,evening,4.24,0.73,2,399
W114,08-02-2026,353,7.3,5,18:10:00,night,4.1,0.75,3,413
W114,09-02-2026,844,4.3,12,19:10:00,night,4.17,0.79,4,374
W114,10-02-2026,474,4.2,8,20:10:00,night,4.09,0.82,3,375
W114,11-02-2026,814,7.2,10,21:10:00,night,4.48,0.71,2,350
W114,12-02-2026,329,7.7,5,22:10:00,morning,4.18,0.74,2,320
W114,13-02-2026,1376,7.8,19,23:10:00,afternoon,4.42,0.8,4,410
W114,14-02-2026,497,4.9,9,00:10:00,morning,4.14,0.82,2,338
W114,15-02-2026,1975,5,27,01:10:00,morning,4.18,0.75,3,446
W114,17-02-2026,484,3.8,5,02:10:00,morning,4.1,0.76,3,413
W114,18-02-2026,677,4.1,9,03:10:00,afternoon,4.03,0.75,3,347
W114,19-02-2026,1288,6.1,19,04:10:00,morning,4.44,0.72,2,368
W114,21-02-2026,541,4.9,7,05:10:00,night,4.36,0.79,4,434
W114,22-02-2026,532,6.4,5,06:10:00,evening,4.21,0.74,2,448
W114,23-02-2026,946,6,12,07:10:00,morning,4.08,0.79,2,317
W114,24-02-2026,541,4.1,7,08:10:00,evening,4.42,0.74,4,328
W114,25-02-2026,1158,7.6,15,09:10:00,night,4.07,0.76,2,408
W114,27-02-2026,725,5.5,11,10:10:00,evening,4.36,0.82,2,335
W114,01-03-2026,1588,5.6,22,11:10:00,afternoon,4.21,0.84,2,360
W115,01-01-2026,1045,3.2,13,12:10:00,morning,4.87,0.92,0,142
W115,02-01-2026,1229,6.3,16,13:10:00,morning,4.75,0.93,1,127
W115,04-01-2026,967,5.5,11,14:10:00,night,4.91,0.98,1,177
W115,05-01-2026,986,5.2,14,15:10:00,evening,4.69,0.98,0,118
W115,06-01-2026,1146,7.5,15,16:10:00,morning,4.81,0.97,0,174
W115,07-01-2026,1124,3,18,17:10:00,night,4.73,0.96,1,112
W115,08-01-2026,1223,4.8,17,18:10:00,morning,4.68,0.97,0,121
W115,09-01-2026,965,7.2,13,19:10:00,afternoon,4.95,0.93,1,118
W115,10-01-2026,1091,7.1,14,20:10:00,morning,4.84,0.92,0,106
W115,12-01-2026,884,5.9,13,21:10:00,evening,4.63,0.91,1,103
W115,13-01-2026,1037,6.4,14,22:10:00,morning,4.71,0.93,1,176
W115,14-01-2026,1019,6.9,16,23:10:00,evening,4.91,0.9,1,122
W115,15-01-2026,1344,4.6,18,00:10:00,afternoon,4.91,0.94,1,128
W115,16-01-2026,1129,7.6,18,01:10:00,morning,4.67,0.96,1,174
W115,17-01-2026,904,5.3,13,02:10:00,night,5,0.92,1,103
W115,18-01-2026,1086,7.3,14,03:10:00,evening,4.93,0.96,1,149
W115,20-01-2026,997,5.2,15,04:10:00,night,4.71,0.95,0,115
W115,21-01-2026,1375,3.7,18,05:10:00,morning,4.76,0.94,1,165
W115,23-01-2026,1029,4.4,14,06:10:00,morning,4.96,0.92,0,113
W115,24-01-2026,964,4.3,11,07:10:00,night,4.75,0.96,1,116
W115,25-01-2026,1159,5.4,15,08:10:00,morning,4.72,0.91,0,134
W115,26-01-2026,1094,4.9,14,09:10:00,night,4.86,0.92,1,154
W115,28-01-2026,1098,7.9,15,10:10:00,night,4.82,0.92,0,134
W115,29-01-2026,1000,7.4,16,11:10:00,evening,4.7,0.97,1,100
W115,30-01-2026,1054,3.1,15,12:10:00,afternoon,4.99,0.92,0,125
W115,31-01-2026,1185,5.8,15,13:10:00,morning,4.86,0.92,0,168
W115,01-02-2026,1130,6.9,16,14:10:00,morning,4.96,0.93,1,146
W115,02-02-2026,836,4.2,10,15:10:00,afternoon,4.74,0.92,1,158
W115,03-02-2026,1135,4.5,14,16:10:00,morning,4.68,0.91,0,173
W115,04-02-2026,1102,3.8,15,17:10:00,morning,4.62,0.9,1,148
W115,06-02-2026,977,4.4,15,18:10:00,afternoon,4.77,0.92,1,119
W115,07-02-2026,1000,7.7,14,19:10:00,morning,4.65,0.94,0,122
W115,08-02-2026,1276,6.5,16,20:10:00,afternoon,4.61,0.92,0,173
W115,10-02-2026,1182,7.6,15,21:10:00,afternoon,4.83,0.91,0,158
W115,11-02-2026,1067,4.3,15,22:10:00,night,4.94,0.9,0,121
W115,12-02-2026,957,6.4,14,23:10:00,evening,4.72,0.92,1,174
W115,14-02-2026,1022,4.9,16,00:10:00,night,4.95,0.95,1,122
W115,15-02-2026,1113,3.4,13,01:10:00,morning,4.9,0.96,0,172
W115,16-02-2026,1234,6,15,02:10:00,night,4.68,0.92,0,139
W115,17-02-2026,916,4.9,15,03:10:00,morning,4.74,0.91,1,106
W115,19-02-2026,1270,7.1,17,04:10:00,night,4.87,0.92,1,168
W115,21-02-2026,1277,5.5,17,05:10:00,night,4.85,0.97,1,104
W115,22-02-2026,1158,4.2,14,06:10:00,afternoon,4.94,0.97,0,175
W115,26-02-2026,1043,6.4,12,07:10:00,evening,4.71,0.92,1,165
W115,27-02-2026,1145,3.1,18,08:10:00,night,4.72,0.95,0,104
W116,04-01-2026,1065,7.9,15,09:10:00,morning,4.72,0.96,0,107
W116,05-01-2026,894,6.3,10,10:10:00,night,4.86,0.91,0,148
W116,06-01-2026,1139,5.5,16,11:10:00,night,4.73,0.93,0,173
W116,08-01-2026,1245,5.9,15,12:10:00,evening,4.76,0.97,0,104
W116,09-01-2026,1078,7.4,15,13:10:00,evening,4.62,0.95,0,179
W116,10-01-2026,1189,3.2,15,14:10:00,morning,4.68,0.94,1,108
W116,11-01-2026,1039,7.6,15,15:10:00,night,4.95,0.97,1,168
W116,13-01-2026,1130,3.6,17,16:10:00,morning,4.94,0.94,1,178
W116,14-01-2026,987,6.2,12,17:10:00,night,4.84,0.96,0,115
W116,15-01-2026,1025,7.7,13,18:10:00,afternoon,4.62,0.91,0,110
W116,16-01-2026,1031,6,13,19:10:00,morning,4.75,0.93,1,177
W116,17-01-2026,1117,7,16,20:10:00,morning,4.66,0.92,1,105
W116,19-01-2026,1165,6.7,15,21:10:00,night,4.94,0.97,1,171
W116,20-01-2026,1173,4.3,16,22:10:00,night,4.97,0.94,1,155
W116,21-01-2026,952,4.9,14,23:10:00,night,4.68,0.91,0,172
W116,22-01-2026,1160,4,14,00:10:00,afternoon,4.94,0.93,0,130
W116,23-01-2026,886,5,12,01:10:00,morning,4.98,0.93,1,103
W116,25-01-2026,709,7.2,11,02:10:00,evening,4.75,0.93,0,146
W116,26-01-2026,1013,7.5,13,03:10:00,evening,4.67,0.92,1,103
W116,27-01-2026,1202,4.6,15,04:10:00,night,4.65,0.98,1,100
W116,28-01-2026,1206,3.3,18,05:10:00,evening,4.87,0.95,0,152
W116,29-01-2026,1114,6.9,13,06:10:00,afternoon,4.79,0.96,0,174
W116,31-01-2026,1612,7.4,25,07:10:00,night,4.78,0.92,0,117
W116,01-02-2026,1199,7.2,15,08:10:00,night,4.65,0.98,1,121
W116,02-02-2026,978,6.8,11,09:10:00,night,4.9,0.91,0,129
W116,03-02-2026,1134,4.5,15,10:10:00,morning,4.89,0.92,1,173
W116,04-02-2026,1064,5,17,11:10:00,afternoon,4.7,0.98,0,173
W116,05-02-2026,1360,3.8,18,12:10:00,morning,4.62,0.97,1,143
W116,06-02-2026,952,6.7,14,13:10:00,night,4.61,0.92,0,135
W116,07-02-2026,968,5.2,12,14:10:00,morning,4.95,0.98,0,124
W116,08-02-2026,1344,7.7,19,15:10:00,evening,4.98,0.94,1,142
W116,10-02-2026,884,4.5,10,16:10:00,afternoon,4.8,0.91,1,146
W116,12-02-2026,787,4.1,11,17:10:00,morning,4.84,0.97,0,109
W116,13-02-2026,1054,3.7,14,18:10:00,evening,4.88,0.94,1,152
W116,14-02-2026,1049,6.5,15,19:10:00,morning,4.92,0.96,0,141
W116,15-02-2026,1214,3.8,19,20:10:00,afternoon,4.9,0.98,1,165
W116,16-02-2026,1138,6.6,15,21:10:00,night,4.66,0.96,0,165
W116,17-02-2026,1080,3.4,14,22:10:00,night,4.75,0.9,0,171
W116,19-02-2026,944,5.7,15,23:10:00,night,4.98,0.92,0,145
W116,20-02-2026,1391,3.9,17,00:10:00,evening,4.8,0.97,1,139
W116,21-02-2026,928,7.9,11,01:10:00,night,4.91,0.93,1,119
W116,22-02-2026,1229,3.6,17,02:10:00,evening,4.98,0.92,0,176
W116,23-02-2026,1323,5.1,17,03:10:00,morning,4.88,0.97,1,155
W116,25-02-2026,1343,3.5,17,04:10:00,night,4.91,0.91,1,138
W116,26-02-2026,1162,3.9,17,05:10:00,afternoon,4.87,0.97,1,114
W116,27-02-2026,1051,8,16,06:10:00,evening,4.68,0.94,1,154
W116,28-02-2026,1316,7.1,16,07:10:00,afternoon,4.94,0.93,1,111
W117,06-01-2026,1148,8,17,08:10:00,afternoon,4.46,0.9,2,216
W117,07-01-2026,400,7.2,5,09:10:00,night,4.43,0.81,1,234
W117,08-01-2026,668,5.8,10,10:10:00,night,4.65,0.81,2,280
W117,10-01-2026,586,3.5,6,11:10:00,evening,4.62,0.84,2,257
W117,12-01-2026,970,5.6,12,12:10:00,evening,4.64,0.83,2,293
W117,13-01-2026,455,3.6,8,13:10:00,evening,4.44,0.89,2,272
W117,15-01-2026,896,6.3,11,14:10:00,night,4.35,0.88,2,259
W117,16-01-2026,1010,6.6,12,15:10:00,evening,4.34,0.84,2,204
W117,20-01-2026,916,6.3,11,16:10:00,afternoon,4.37,0.85,1,189
W117,21-01-2026,876,3.9,10,17:10:00,afternoon,4.36,0.81,1,190
W117,22-01-2026,997,5.2,13,18:10:00,night,4.48,0.89,2,238
W117,23-01-2026,550,8,7,19:10:00,night,4.69,0.85,1,181
W117,24-01-2026,1114,4.1,15,20:10:00,morning,4.43,0.89,2,266
W117,25-01-2026,1110,3.7,13,21:10:00,afternoon,4.66,0.83,1,236
W117,26-01-2026,955,3.4,15,22:10:00,night,4.33,0.86,2,275
W117,27-01-2026,821,4.5,12,23:10:00,evening,4.46,0.81,2,262
W117,29-01-2026,1440,5,21,00:10:00,afternoon,4.38,0.84,2,194
W117,30-01-2026,869,4.7,14,01:10:00,night,4.62,0.89,1,217
W117,31-01-2026,613,7.5,8,02:10:00,evening,4.57,0.85,2,240
W117,01-02-2026,1235,7.4,18,03:10:00,night,4.42,0.8,1,267
W117,02-02-2026,953,4.9,14,04:10:00,evening,4.54,0.83,1,188
W117,04-02-2026,953,4,15,05:10:00,night,4.62,0.81,2,199
W117,05-02-2026,580,6.6,8,06:10:00,night,4.7,0.83,1,226
W117,06-02-2026,959,6,12,07:10:00,night,4.62,0.82,1,250
W117,09-02-2026,1105,6.5,14,08:10:00,evening,4.64,0.89,2,180
W117,10-02-2026,690,5.3,7,09:10:00,morning,4.32,0.87,2,288
W117,11-02-2026,537,3.5,9,10:10:00,morning,4.34,0.9,2,287
W117,12-02-2026,709,3,11,11:10:00,evening,4.67,0.84,1,276
W117,13-02-2026,998,4.7,12,12:10:00,evening,4.63,0.84,2,291
W117,14-02-2026,917,5.8,11,13:10:00,evening,4.39,0.86,1,297
W117,15-02-2026,1133,5.1,15,14:10:00,afternoon,4.64,0.85,2,248
W117,16-02-2026,833,7.6,9,15:10:00,morning,4.49,0.9,1,268
W117,17-02-2026,924,5,12,16:10:00,evening,4.59,0.81,1,282
W117,18-02-2026,784,3.5,13,17:10:00,night,4.42,0.85,2,244
W117,19-02-2026,719,6.3,8,18:10:00,afternoon,4.62,0.88,2,192
W117,21-02-2026,527,5.2,7,19:10:00,night,4.47,0.8,2,212
W117,23-02-2026,842,5.8,13,20:10:00,morning,4.46,0.84,1,262
W117,24-02-2026,489,6.6,7,21:10:00,morning,4.31,0.9,1,285
W117,25-02-2026,1144,3.6,17,22:10:00,morning,4.37,0.85,1,296
W117,26-02-2026,829,6.5,10,23:10:00,morning,4.7,0.85,2,193
W117,27-02-2026,930,7.2,12,00:10:00,afternoon,4.69,0.8,1,252
W117,28-02-2026,949,5.9,11,01:10:00,afternoon,4.49,0.89,1,261
W118,10-01-2026,200,5.1,5,02:10:00,night,4.1,0.76,2,325
W118,11-01-2026,1293,3.3,17,03:10:00,morning,4.3,0.73,4,404
W118,12-01-2026,1254,3.8,17,04:10:00,night,4.24,0.78,4,364
W118,13-01-2026,942,3.9,13,05:10:00,morning,4.47,0.8,4,383
W118,15-01-2026,531,3.3,6,06:10:00,night,4.37,0.83,3,350
W118,16-01-2026,653,7.9,7,07:10:00,night,4.17,0.78,4,316
W118,17-01-2026,1198,4.4,19,08:10:00,afternoon,4.33,0.73,4,446
W118,18-01-2026,567,7.8,10,09:10:00,evening,4.13,0.77,2,448
W118,20-01-2026,683,6,7,10:10:00,evening,4.29,0.85,3,322
W118,21-01-2026,764,5.1,11,11:10:00,night,4.04,0.78,2,446
W118,24-01-2026,1219,3.3,15,12:10:00,morning,4.23,0.77,2,322
W118,25-01-2026,1167,5.2,15,13:10:00,evening,4.18,0.8,2,399
W118,26-01-2026,1565,7.4,22,14:10:00,night,4.16,0.71,3,300
W118,27-01-2026,1324,5.3,16,15:10:00,afternoon,4.38,0.7,4,417
W118,28-01-2026,1081,4.2,17,16:10:00,morning,4.14,0.77,4,318
W118,29-01-2026,200,7.3,5,17:10:00,afternoon,4.22,0.84,3,342
W118,30-01-2026,1571,4.8,21,18:10:00,night,4.15,0.75,3,365
W118,31-01-2026,1372,7.4,21,19:10:00,afternoon,4.37,0.77,2,391
W118,01-02-2026,455,7.8,8,20:10:00,night,4.29,0.81,3,313
W118,02-02-2026,971,3.9,11,21:10:00,morning,4.5,0.7,3,363
W118,03-02-2026,783,4.3,13,22:10:00,night,4.09,0.79,3,305
W118,04-02-2026,855,4.3,13,23:10:00,morning,4.46,0.77,4,320
W118,05-02-2026,1158,7.8,18,00:10:00,afternoon,4.2,0.75,2,324
W118,06-02-2026,1422,6.8,19,01:10:00,night,4.35,0.72,4,325
W118,07-02-2026,213,4.5,5,02:10:00,morning,4.02,0.72,2,380
W118,08-02-2026,1218,7.1,15,03:10:00,morning,4.28,0.74,2,353
W118,09-02-2026,200,7.5,5,04:10:00,evening,4.39,0.77,3,308
W118,10-02-2026,622,5.5,8,05:10:00,morning,4.48,0.71,2,330
W118,11-02-2026,801,5.9,12,06:10:00,morning,4.32,0.77,2,305
W118,12-02-2026,444,6.4,5,07:10:00,morning,4.06,0.7,3,397
W118,13-02-2026,1686,3.2,23,08:10:00,night,4.18,0.7,2,329
W118,14-02-2026,920,7.2,15,09:10:00,night,4.16,0.76,3,435
W118,16-02-2026,761,4,10,10:10:00,evening,4.08,0.8,4,371
W118,17-02-2026,869,3.6,11,11:10:00,morning,4.4,0.75,4,407
W118,18-02-2026,602,5.6,10,12:10:00,night,4.47,0.85,2,390
W118,19-02-2026,643,5.2,9,13:10:00,night,4.36,0.76,3,315
W118,20-02-2026,434,4.3,5,14:10:00,night,4.43,0.8,3,405
W118,21-02-2026,996,7.5,13,15:10:00,afternoon,4.2,0.78,4,327
W118,22-02-2026,687,7.4,11,16:10:00,evening,4.29,0.79,4,346
W118,23-02-2026,294,3.2,5,17:10:00,afternoon,4.08,0.84,4,300
W118,24-02-2026,572,6.4,6,18:10:00,morning,4.25,0.76,3,419
W118,25-02-2026,200,4.7,5,19:10:00,morning,4.49,0.73,3,370
W118,26-02-2026,1454,6.4,18,20:10:00,evening,4.45,0.78,3,414
W118,27-02-2026,1188,4.5,16,21:10:00,morning,4.33,0.84,4,349
W118,28-02-2026,782,5.4,12,22:10:00,evening,4.12,0.7,4,320
W118,01-03-2026,1365,5.9,19,23:10:00,morning,4.24,0.85,2,376
W119,08-01-2026,785,6.3,10,00:10:00,evening,4.57,0.86,1,296
W119,09-01-2026,1048,4.8,14,01:10:00,night,4.65,0.82,2,236
W119,10-01-2026,1016,7.4,14,02:10:00,morning,4.46,0.8,2,266
W119,12-01-2026,748,5.7,11,03:10:00,morning,4.51,0.82,2,239
W119,13-01-2026,1139,7,15,04:10:00,morning,4.31,0.85,2,273
W119,14-01-2026,532,4.4,6,05:10:00,evening,4.52,0.82,1,185
W119,16-01-2026,777,7,10,06:10:00,morning,4.66,0.86,2,275
W119,17-01-2026,932,3.8,14,07:10:00,night,4.36,0.83,1,245
W119,18-01-2026,1095,3.9,16,08:10:00,evening,4.48,0.88,2,229
W119,19-01-2026,577,5.8,9,09:10:00,evening,4.4,0.85,2,229
W119,20-01-2026,1097,7.6,16,10:10:00,morning,4.4,0.83,2,271
W119,21-01-2026,979,5.6,15,11:10:00,evening,4.32,0.89,1,276
W119,22-01-2026,819,5.6,9,12:10:00,evening,4.36,0.85,2,289
W119,23-01-2026,717,6.3,12,13:10:00,morning,4.59,0.81,2,266
W119,24-01-2026,1043,5.4,15,14:10:00,afternoon,4.47,0.83,1,192
W119,25-01-2026,876,5.5,13,15:10:00,morning,4.4,0.88,2,200
W119,26-01-2026,706,3.4,8,16:10:00,afternoon,4.62,0.84,2,284
W119,27-01-2026,709,5.6,10,17:10:00,morning,4.66,0.88,2,253
W119,28-01-2026,850,3.2,12,18:10:00,afternoon,4.49,0.82,1,244
W119,29-01-2026,1106,4.8,16,19:10:00,afternoon,4.58,0.83,2,202
W119,30-01-2026,1016,5.5,13,20:10:00,morning,4.65,0.89,1,284
W119,31-01-2026,876,7.6,10,21:10:00,morning,4.46,0.89,1,275
W119,01-02-2026,943,5.7,14,22:10:00,afternoon,4.5,0.82,2,181
W119,03-02-2026,936,5.1,11,23:10:00,afternoon,4.46,0.84,2,258
W119,04-02-2026,1306,5.8,17,00:10:00,night,4.62,0.88,1,234
W119,07-02-2026,786,7.5,11,01:10:00,evening,4.45,0.86,1,275
W119,08-02-2026,411,3.4,7,02:10:00,evening,4.56,0.82,2,213
W119,09-02-2026,1175,7.1,17,03:10:00,evening,4.61,0.89,2,264
W119,11-02-2026,946,4.7,14,04:10:00,afternoon,4.65,0.86,2,251
W119,12-02-2026,783,4.7,12,05:10:00,night,4.56,0.84,2,225
W119,13-02-2026,738,3.5,12,06:10:00,night,4.68,0.84,1,181
W119,14-02-2026,611,7.4,7,07:10:00,night,4.65,0.88,2,198
W119,15-02-2026,768,7.3,10,08:10:00,morning,4.32,0.87,2,247
W119,16-02-2026,486,6.6,5,09:10:00,night,4.68,0.81,1,294
W119,17-02-2026,1268,5.3,20,10:10:00,morning,4.58,0.85,2,222
W119,18-02-2026,859,6.3,14,11:10:00,evening,4.64,0.87,2,223
W119,19-02-2026,1379,4.3,18,12:10:00,night,4.36,0.89,2,276
W119,20-02-2026,474,4,5,13:10:00,night,4.64,0.88,1,266
W119,22-02-2026,1368,6,18,14:10:00,night,4.5,0.81,1,293
W119,23-02-2026,1033,3.5,13,15:10:00,morning,4.66,0.88,2,233
W119,24-02-2026,1275,7.2,19,16:10:00,night,4.62,0.82,1,280
W119,25-02-2026,1090,6,13,17:10:00,night,4.45,0.84,1,258
W119,26-02-2026,987,3.8,14,18:10:00,night,4.43,0.89,2,227
W119,27-02-2026,430,7.7,5,19:10:00,morning,4.33,0.83,1,260
W119,28-02-2026,732,5.5,10,20:10:00,night,4.4,0.82,1,280
W120,09-01-2026,240,3.6,5,21:10:00,night,4.17,0.77,3,411
W120,11-01-2026,200,3.1,5,22:10:00,evening,4.06,0.79,3,407
W120,12-01-2026,529,4.8,7,23:10:00,night,4.35,0.78,4,414
W120,13-01-2026,820,7.5,10,00:10:00,afternoon,4.4,0.8,2,340
W120,14-01-2026,735,6.9,12,01:10:00,night,4.36,0.8,4,419
W120,15-01-2026,991,4.3,16,02:10:00,afternoon,4.41,0.73,2,351
W120,16-01-2026,1176,3,17,03:10:00,afternoon,4.27,0.72,4,323
W120,17-01-2026,608,3.2,7,04:10:00,morning,4.35,0.77,4,425
W120,19-01-2026,423,5.9,6,05:10:00,morning,4.06,0.78,4,329
W120,21-01-2026,719,3.9,10,06:10:00,night,4.49,0.72,4,310
W120,22-01-2026,768,4.2,10,07:10:00,evening,4.12,0.78,4,445
W120,24-01-2026,1044,7.3,14,08:10:00,evening,4.2,0.84,4,440
W120,27-01-2026,547,7.7,9,09:10:00,night,4.18,0.85,3,410
W120,28-01-2026,815,7.6,11,10:10:00,evening,4.37,0.71,3,436
W120,29-01-2026,1090,4.7,16,11:10:00,morning,4.37,0.83,2,301
W120,30-01-2026,869,3.7,14,12:10:00,night,4.14,0.73,3,351
W120,31-01-2026,1376,4.3,21,13:10:00,night,4.09,0.72,3,437
W120,01-02-2026,241,3.3,5,14:10:00,night,4.1,0.79,3,438
W120,02-02-2026,382,7.6,5,15:10:00,evening,4.05,0.85,4,379
W120,03-02-2026,221,6,5,16:10:00,evening,4.4,0.8,3,326
W120,04-02-2026,1752,6.2,24,17:10:00,night,4.09,0.85,4,379
W120,06-02-2026,200,5.4,5,18:10:00,morning,4.15,0.78,3,345
W120,07-02-2026,477,6.7,7,19:10:00,night,4.46,0.82,3,407
W120,08-02-2026,517,4.3,9,20:10:00,afternoon,4.11,0.76,3,447
W120,10-02-2026,1356,6.9,20,21:10:00,afternoon,4.46,0.75,2,383
W120,12-02-2026,1221,3.7,17,22:10:00,morning,4.22,0.79,3,380
W120,13-02-2026,916,4.3,12,23:10:00,evening,4.38,0.72,3,436
W120,14-02-2026,753,3.4,10,00:10:00,afternoon,4.22,0.77,4,409
W120,15-02-2026,894,7.9,11,01:10:00,night,4.18,0.73,3,318
W120,16-02-2026,829,6.6,12,02:10:00,night,4.48,0.85,3,350
W120,17-02-2026,777,4.3,12,03:10:00,morning,4.21,0.75,4,395
W120,19-02-2026,1551,5.9,23,04:10:00,afternoon,4.43,0.83,3,447
W120,21-02-2026,1309,7.3,18,05:10:00,night,4.31,0.81,3,380
W120,22-02-2026,899,7,10,06:10:00,afternoon,4.11,0.81,3,344
W120,24-02-2026,1329,6.6,16,07:10:00,afternoon,4.35,0.75,2,443
W120,26-02-2026,1038,6.4,14,08:10:00,evening,4.13,0.78,4,373
W120,27-02-2026,559,3.9,7,09:10:00,afternoon,4.24,0.82,2,375
W120,28-02-2026,819,5.5,13,10:10:00,afternoon,4.47,0.74,2,350
W120,01-03-2026,715,4.1,10,11:10:00,night,4.25,0.77,3,317
W121,04-01-2026,564,7.1,10,12:10:00,night,4.66,0.84,1,297
W121,05-01-2026,721,5.7,9,13:10:00,evening,4.54,0.9,1,195
W121,06-01-2026,565,6.2,8,14:10:00,night,4.47,0.85,2,214
W121,07-01-2026,676,8,9,15:10:00,evening,4.56,0.8,1,274
W121,08-01-2026,936,5.8,11,16:10:00,afternoon,4.31,0.82,2,207
W121,09-01-2026,850,4.6,12,17:10:00,evening,4.48,0.89,2,292
W121,11-01-2026,1320,5,19,18:10:00,evening,4.6,0.89,2,266
W121,12-01-2026,657,4.3,7,19:10:00,evening,4.57,0.89,2,229
W121,13-01-2026,821,3.3,12,20:10:00,evening,4.62,0.86,2,240
W121,14-01-2026,1182,6,15,21:10:00,night,4.49,0.84,1,259
W121,15-01-2026,885,4.1,12,22:10:00,night,4.39,0.82,2,211
W121,17-01-2026,569,3.4,7,23:10:00,afternoon,4.36,0.82,1,237
W121,18-01-2026,872,5.4,14,00:10:00,afternoon,4.58,0.88,2,199
W121,20-01-2026,576,4.1,10,01:10:00,afternoon,4.47,0.81,2,181
W121,21-01-2026,1148,4.7,16,02:10:00,evening,4.66,0.83,1,215
W121,23-01-2026,1204,3.6,17,03:10:00,afternoon,4.68,0.81,1,197
W121,24-01-2026,1115,3.8,17,04:10:00,morning,4.35,0.86,2,284
W121,27-01-2026,850,6.1,13,05:10:00,morning,4.54,0.82,1,205
W121,29-01-2026,934,4.3,14,06:10:00,afternoon,4.61,0.84,2,208
W121,30-01-2026,716,7.4,10,07:10:00,evening,4.61,0.9,1,205
W121,31-01-2026,1049,7.7,14,08:10:00,morning,4.4,0.84,2,230
W121,02-02-2026,700,4.9,9,09:10:00,morning,4.63,0.8,2,181
W121,03-02-2026,937,6.7,13,10:10:00,afternoon,4.32,0.86,1,273
W121,05-02-2026,592,6.3,9,11:10:00,afternoon,4.59,0.9,1,251
W121,06-02-2026,747,4.5,12,12:10:00,morning,4.68,0.81,2,260
W121,07-02-2026,793,8,9,13:10:00,night,4.39,0.89,2,232
W121,08-02-2026,1059,6.6,17,14:10:00,afternoon,4.57,0.81,2,263
W121,09-02-2026,509,6.8,8,15:10:00,evening,4.36,0.88,2,181
W121,10-02-2026,478,6.9,5,16:10:00,night,4.53,0.83,1,189
W121,11-02-2026,804,6.6,11,17:10:00,morning,4.62,0.88,1,209
W121,13-02-2026,513,5,7,18:10:00,night,4.59,0.82,2,223
W121,14-02-2026,1249,7,19,19:10:00,evening,4.42,0.84,2,288
W121,15-02-2026,340,5,5,20:10:00,night,4.69,0.89,2,191
W121,16-02-2026,1028,5.4,12,21:10:00,afternoon,4.67,0.9,2,199
W121,18-02-2026,1100,5.1,15,22:10:00,evening,4.68,0.87,2,203
W121,19-02-2026,452,5.2,5,23:10:00,evening,4.49,0.84,2,182
W121,21-02-2026,1296,4.6,16,00:10:00,evening,4.44,0.84,2,279
W121,23-02-2026,1298,7.9,19,01:10:00,afternoon,4.37,0.85,2,255
W121,24-02-2026,650,5.2,10,02:10:00,night,4.44,0.87,2,228
W121,25-02-2026,1013,3.1,15,03:10:00,evening,4.6,0.89,1,257
W121,26-02-2026,837,3.8,12,04:10:00,night,4.44,0.86,1,275
W121,27-02-2026,1025,5.4,14,05:10:00,morning,4.63,0.86,2,230
W121,28-02-2026,801,6.3,11,06:10:00,evening,4.57,0.9,2,267
W121,01-03-2026,625,4.1,7,07:10:00,afternoon,4.46,0.82,1,223
W122,02-01-2026,1351,8,20,08:10:00,night,4.42,0.73,4,368
W122,04-01-2026,424,4.8,8,09:10:00,evening,4.35,0.8,4,338
W122,06-01-2026,763,3.9,8,10:10:00,night,4.48,0.81,2,421
W122,07-01-2026,1230,4.9,17,11:10:00,night,4.28,0.72,2,380
W122,08-01-2026,570,3.1,7,12:10:00,morning,4.37,0.79,3,427
W122,09-01-2026,500,3.8,8,13:10:00,night,4.34,0.84,4,314
W122,10-01-2026,1605,6.9,23,14:10:00,evening,4.05,0.85,3,408
W122,11-01-2026,1280,5.7,19,15:10:00,afternoon,4.32,0.7,2,448
W122,12-01-2026,462,3.3,6,16:10:00,evening,4.41,0.77,2,393
W122,13-01-2026,959,4.6,11,17:10:00,morning,4.29,0.78,2,432
W122,14-01-2026,1247,7.1,15,18:10:00,night,4.44,0.75,4,325
W122,16-01-2026,1097,7.9,17,19:10:00,night,4.43,0.75,4,349
W122,17-01-2026,866,7.2,11,20:10:00,night,4.33,0.73,4,410
W122,18-01-2026,475,3.7,7,21:10:00,evening,4.21,0.77,2,347
W122,19-01-2026,372,5.1,7,22:10:00,evening,4.07,0.83,3,306
W122,20-01-2026,1149,6.3,15,23:10:00,evening,4.1,0.8,3,301
W122,21-01-2026,427,5,8,00:10:00,evening,4.34,0.78,2,354
W122,22-01-2026,352,7.3,5,01:10:00,evening,4.2,0.74,2,304
W122,23-01-2026,1658,3.5,22,02:10:00,night,4.34,0.84,4,331
W122,24-01-2026,266,6.4,5,03:10:00,evening,4.09,0.71,2,319
W122,25-01-2026,1020,6.6,16,04:10:00,evening,4.01,0.73,2,379
W122,26-01-2026,812,7,11,05:10:00,morning,4.12,0.8,2,342
W122,27-01-2026,654,3.6,7,06:10:00,night,4.2,0.84,2,322
W122,28-01-2026,200,4.4,5,07:10:00,night,4.42,0.79,4,333
W122,29-01-2026,1008,5.8,12,08:10:00,afternoon,4.12,0.76,4,355
W122,30-01-2026,919,7,13,09:10:00,afternoon,4.26,0.82,2,332
W122,31-01-2026,1092,7.6,15,10:10:00,evening,4.01,0.77,4,334
W122,04-02-2026,978,4.5,15,11:10:00,evening,4.41,0.79,3,384
W122,05-02-2026,508,5,6,12:10:00,evening,4.09,0.73,3,367
W122,06-02-2026,484,4.7,8,13:10:00,evening,4.13,0.71,2,353
W122,08-02-2026,1778,7.4,23,14:10:00,morning,4.21,0.72,3,356
W122,09-02-2026,974,4.5,11,15:10:00,night,4.32,0.75,3,370
W122,10-02-2026,730,3.5,9,16:10:00,evening,4.09,0.76,3,419
W122,12-02-2026,312,3.7,5,17:10:00,morning,4.21,0.7,2,352
W122,13-02-2026,810,3,11,18:10:00,afternoon,4.14,0.8,3,349
W122,14-02-2026,942,3.6,12,19:10:00,night,4.24,0.71,3,419
W122,15-02-2026,200,5.3,5,20:10:00,morning,4.04,0.82,3,337
W122,16-02-2026,752,7.5,8,21:10:00,afternoon,4.34,0.76,2,393
W122,18-02-2026,200,3.5,5,22:10:00,afternoon,4.33,0.76,3,321
W122,19-02-2026,539,4.4,6,23:10:00,evening,4.2,0.74,2,437
W122,20-02-2026,879,7.7,13,00:10:00,night,4.47,0.74,4,432
W122,21-02-2026,462,6.4,7,01:10:00,evening,4.32,0.74,3,408
W122,22-02-2026,291,8,6,02:10:00,morning,4.31,0.74,3,416
W122,23-02-2026,656,5.4,9,03:10:00,night,4.4,0.84,2,346
W122,24-02-2026,1579,3,24,04:10:00,night,4.32,0.84,3,300
W122,25-02-2026,200,3.1,5,05:10:00,morning,4.21,0.8,3,322
W122,27-02-2026,481,5.6,5,06:10:00,evening,4.42,0.83,2,305
W122,28-02-2026,300,5.6,5,07:10:00,night,4.04,0.75,3,407
W122,01-03-2026,978,8,13,08:10:00,night,4.49,0.72,2,337
W123,02-01-2026,397,7.6,5,09:10:00,afternoon,4.36,0.71,2,403
W123,03-01-2026,802,3.5,9,10:10:00,night,4.32,0.78,3,441
W123,04-01-2026,241,6.4,5,11:10:00,evening,4.24,0.74,2,315
W123,05-01-2026,465,5,5,12:10:00,morning,4.37,0.81,3,409
W123,06-01-2026,1477,4.1,19,13:10:00,morning,4.03,0.78,2,355
W123,07-01-2026,1009,7,15,14:10:00,night,4.44,0.71,3,318
W123,08-01-2026,1031,4.3,15,15:10:00,night,4.18,0.74,3,406
W123,09-01-2026,200,6.8,5,16:10:00,night,4.13,0.77,3,428
W123,10-01-2026,200,7.8,5,17:10:00,evening,4.24,0.84,2,352
W123,11-01-2026,588,7.7,7,18:10:00,night,4.2,0.85,4,301
W123,12-01-2026,438,5.3,6,19:10:00,morning,4.2,0.79,2,389
W123,14-01-2026,551,4.9,7,20:10:00,afternoon,4.38,0.76,4,416
W123,16-01-2026,569,3.3,10,21:10:00,afternoon,4.1,0.72,2,421
W123,17-01-2026,679,5.1,7,22:10:00,evening,4.25,0.83,2,439
W123,18-01-2026,842,7.1,13,23:10:00,morning,4.48,0.8,4,403
W123,19-01-2026,1005,4.8,13,00:10:00,evening,4.27,0.74,2,405
W123,21-01-2026,568,4.2,9,01:10:00,night,4.34,0.71,4,351
W123,22-01-2026,546,7.2,5,02:10:00,night,4.43,0.75,3,430
W123,24-01-2026,596,5.2,8,03:10:00,night,4.08,0.73,4,334
W123,25-01-2026,868,4.3,11,04:10:00,evening,4.31,0.81,3,369
W123,26-01-2026,1306,5.4,17,05:10:00,morning,4.1,0.7,3,328
W123,27-01-2026,1309,3.8,19,06:10:00,afternoon,4.17,0.82,2,374
W123,28-01-2026,1448,4.7,22,07:10:00,evening,4.13,0.8,2,365
W123,29-01-2026,1068,4.4,14,08:10:00,night,4.12,0.8,3,384
W123,31-01-2026,1447,6.5,19,09:10:00,evening,4.12,0.82,4,395
W123,01-02-2026,879,3.9,14,10:10:00,morning,4.43,0.83,3,374
W123,02-02-2026,695,6.6,11,11:10:00,night,4.06,0.72,2,336
W123,03-02-2026,926,3.1,13,12:10:00,morning,4.13,0.82,3,381
W123,04-02-2026,627,6.1,10,13:10:00,afternoon,4.38,0.81,2,416
W123,05-02-2026,443,5.7,5,14:10:00,evening,4.29,0.81,3,442
W123,07-02-2026,204,3.1,5,15:10:00,evening,4.16,0.82,3,399
W123,08-02-2026,200,5.2,5,16:10:00,afternoon,4.13,0.81,4,414
W123,09-02-2026,389,6.6,7,17:10:00,afternoon,4.07,0.74,4,401
W123,10-02-2026,714,7.5,12,18:10:00,afternoon,4.14,0.77,4,388
W123,11-02-2026,297,3.8,5,19:10:00,morning,4.03,0.74,2,367
W123,12-02-2026,881,5.6,11,20:10:00,morning,4.31,0.8,2,419
W123,13-02-2026,1188,7.3,17,21:10:00,morning,4.29,0.74,4,339
W123,15-02-2026,662,4.8,7,22:10:00,night,4.32,0.83,3,386
W123,16-02-2026,628,3.8,6,23:10:00,evening,4.12,0.84,2,436
W123,17-02-2026,1001,4.3,16,00:10:00,evening,4.3,0.7,2,337
W123,18-02-2026,707,7.4,10,01:10:00,morning,4.16,0.73,2,315
W123,19-02-2026,565,3.7,7,02:10:00,night,4.05,0.82,3,336
W123,20-02-2026,535,6.3,6,03:10:00,evening,4.01,0.82,2,403
W123,22-02-2026,1228,6.5,15,04:10:00,afternoon,4.1,0.82,4,406
W123,23-02-2026,248,3.7,5,05:10:00,afternoon,4.01,0.77,3,340
W123,24-02-2026,1058,7,14,06:10:00,evening,4.39,0.74,2,404
W123,25-02-2026,1226,6.7,19,07:10:00,afternoon,4.41,0.83,2,309
W123,26-02-2026,770,3.2,13,08:10:00,night,4.01,0.8,4,350
W123,27-02-2026,1191,7.8,16,09:10:00,morning,4.15,0.73,3,351
W123,28-02-2026,1088,7.2,17,10:10:00,afternoon,4.25,0.82,2,318
W123,01-03-2026,428,3.2,8,11:10:00,night,4.02,0.73,3,405
W124,09-01-2026,883,7.7,10,12:10:00,morning,4.88,0.94,0,160
W124,12-01-2026,1355,6.2,18,13:10:00,night,4.87,0.91,1,137
W124,13-01-2026,856,4.7,10,14:10:00,afternoon,4.74,0.92,0,170
W124,14-01-2026,1075,7.4,14,15:10:00,morning,4.64,0.93,1,157
W124,17-01-2026,1014,3.2,16,16:10:00,morning,4.63,0.97,1,178
W124,18-01-2026,859,6.4,11,17:10:00,morning,4.99,0.93,1,141
W124,19-01-2026,1196,4.5,15,18:10:00,morning,4.68,0.93,0,122
W124,20-01-2026,1222,4.6,19,19:10:00,night,4.95,0.94,1,100
W124,22-01-2026,1198,4.8,18,20:10:00,evening,4.8,0.98,1,169
W124,23-01-2026,1143,5.4,15,21:10:00,night,4.96,0.94,0,151
W124,24-01-2026,1321,3.3,18,22:10:00,night,4.81,0.9,1,133
W124,25-01-2026,991,4.2,12,23:10:00,morning,4.93,0.96,0,173
W124,26-01-2026,1267,3,16,00:10:00,morning,4.9,0.97,0,118
W124,27-01-2026,1021,5,12,01:10:00,evening,4.77,0.92,0,113
W124,28-01-2026,1096,3.9,17,02:10:00,evening,4.67,0.92,1,169
W124,29-01-2026,1034,6.9,16,03:10:00,morning,4.77,0.93,0,165
W124,30-01-2026,905,7.1,10,04:10:00,night,4.71,0.97,1,172
W124,31-01-2026,1151,3.3,17,05:10:00,night,4.68,0.94,0,174
W124,02-02-2026,1036,6.8,13,06:10:00,morning,4.8,0.95,0,175
W124,03-02-2026,1081,3.8,15,07:10:00,afternoon,4.89,0.93,0,135
W124,04-02-2026,982,5.1,13,08:10:00,morning,4.94,0.94,0,137
W124,06-02-2026,1229,4.8,17,09:10:00,night,4.74,0.92,0,131
W124,07-02-2026,979,5.9,12,10:10:00,morning,4.89,0.91,1,100
W124,08-02-2026,1007,3.3,16,11:10:00,night,4.98,0.94,0,160
W124,09-02-2026,1269,6.1,17,12:10:00,afternoon,4.63,0.98,0,136
W124,10-02-2026,946,4.9,14,13:10:00,evening,4.75,0.95,0,119
W124,11-02-2026,1203,7.6,17,14:10:00,evening,4.98,0.96,0,124
W124,13-02-2026,1127,5.2,16,15:10:00,morning,4.8,0.91,0,157
W124,14-02-2026,1237,4.7,15,16:10:00,night,4.83,0.96,1,131
W124,15-02-2026,987,6.1,15,17:10:00,evening,4.76,0.95,0,169
W124,16-02-2026,1231,4.2,16,18:10:00,evening,4.94,0.93,1,135
W124,18-02-2026,1190,4.2,15,19:10:00,night,4.81,0.96,1,109
W124,19-02-2026,1194,6.4,16,20:10:00,night,4.9,0.9,1,103
W124,20-02-2026,985,5.3,14,21:10:00,afternoon,4.71,0.95,1,163
W124,21-02-2026,962,5.3,11,22:10:00,night,4.74,0.9,1,128
W124,22-02-2026,1130,4.9,15,23:10:00,afternoon,4.92,0.94,1,179
W124,23-02-2026,953,6.5,11,00:10:00,morning,4.96,0.93,0,172
W124,25-02-2026,1188,5.7,16,01:10:00,night,4.89,0.91,1,112
W124,26-02-2026,1186,4.2,17,02:10:00,evening,4.78,0.96,0,128
W124,27-02-2026,1153,5.5,16,03:10:00,night,4.61,0.96,0,119
W124,28-02-2026,1072,5.6,13,04:10:00,night,4.71,0.91,0,165
W124,01-03-2026,1097,6.5,14,05:10:00,morning,4.91,0.97,0,109
W125,07-01-2026,200,5.5,5,06:10:00,night,4.01,0.8,2,421
W125,09-01-2026,714,7.8,9,07:10:00,night,4.1,0.73,4,431
W125,11-01-2026,896,6.3,11,08:10:00,night,4.42,0.71,2,368
W125,12-01-2026,883,3.6,12,09:10:00,night,4.44,0.74,2,443
W125,13-01-2026,1200,3.8,18,10:10:00,night,4.16,0.71,2,310
W125,14-01-2026,1721,4.6,25,11:10:00,morning,4.49,0.75,3,435
W125,16-01-2026,1211,3.3,18,12:10:00,night,4.07,0.82,3,394
W125,17-01-2026,618,6.3,6,13:10:00,night,4.17,0.71,4,428
W125,18-01-2026,438,4.8,8,14:10:00,afternoon,4.49,0.83,4,410
W125,19-01-2026,259,3.7,5,15:10:00,evening,4.12,0.76,4,363
W125,20-01-2026,468,3,5,16:10:00,afternoon,4.01,0.72,4,303
W125,21-01-2026,744,6.9,11,17:10:00,afternoon,4.09,0.83,4,411
W125,22-01-2026,204,5,5,18:10:00,morning,4.4,0.82,3,434
W125,23-01-2026,310,4.6,5,19:10:00,morning,4.35,0.78,2,429
W125,24-01-2026,657,6,7,20:10:00,evening,4.48,0.74,4,395
W125,26-01-2026,460,5.4,5,21:10:00,afternoon,4.38,0.77,4,437
W125,27-01-2026,1807,3.9,25,22:10:00,evening,4.39,0.76,2,426
W125,28-01-2026,981,7.1,15,23:10:00,evening,4.01,0.83,3,352
W125,29-01-2026,921,4.4,15,00:10:00,afternoon,4.31,0.78,2,374
W125,30-01-2026,1579,3.4,21,01:10:00,morning,4.43,0.76,2,367
W125,31-01-2026,773,4,13,02:10:00,morning,4.42,0.78,3,415
W125,01-02-2026,816,4,9,03:10:00,afternoon,4.48,0.79,3,353
W125,02-02-2026,1485,5.6,20,04:10:00,night,4.18,0.79,3,314
W125,03-02-2026,200,5.6,5,05:10:00,morning,4.4,0.73,3,373
W125,04-02-2026,1025,6.9,13,06:10:00,evening,4.24,0.79,2,447
W125,05-02-2026,708,7.8,12,07:10:00,evening,4.47,0.74,2,362
W125,06-02-2026,1274,3.5,18,08:10:00,night,4.25,0.71,4,406
W125,07-02-2026,200,5.9,5,09:10:00,night,4.26,0.78,3,447
W125,08-02-2026,603,3,8,10:10:00,night,4.04,0.72,2,380
W125,09-02-2026,813,4.7,13,11:10:00,morning,4.11,0.73,2,300
W125,10-02-2026,342,6.2,5,12:10:00,evening,4.37,0.85,2,379
W125,12-02-2026,215,7.2,5,13:10:00,evening,4.19,0.8,4,319
W125,13-02-2026,623,5.8,10,14:10:00,night,4.32,0.79,2,393
W125,15-02-2026,254,4,5,15:10:00,evening,4.01,0.8,3,441
W125,16-02-2026,908,6.7,10,16:10:00,night,4.2,0.79,3,399
W125,17-02-2026,755,4,10,17:10:00,evening,4.04,0.79,4,345
W125,19-02-2026,595,7.8,7,18:10:00,afternoon,4.02,0.84,2,376
W125,20-02-2026,1332,4.1,20,19:10:00,afternoon,4.1,0.77,3,346
W125,23-02-2026,1158,4.4,17,20:10:00,morning,4.41,0.83,3,348
W125,24-02-2026,1010,6.6,14,21:10:00,evening,4.39,0.72,4,301
W125,25-02-2026,1297,5.2,20,22:10:00,afternoon,4.39,0.78,2,422
W125,27-02-2026,364,3.9,7,23:10:00,afternoon,4.26,0.78,4,409
W125,28-02-2026,200,5.4,5,00:10:00,morning,4.13,0.79,2,423
W125,01-03-2026,940,5.3,12,01:10:00,night,4.31,0.83,2,306
W126,04-01-2026,919,5.4,14,02:10:00,night,4.15,0.84,2,411
W126,05-01-2026,652,5.6,8,03:10:00,morning,4.28,0.74,2,394
W126,06-01-2026,1097,4.2,14,04:10:00,night,4.46,0.79,3,425
W126,07-01-2026,847,3.3,11,05:10:00,night,4.18,0.75,3,316
W126,08-01-2026,544,5.9,8,06:10:00,evening,4.17,0.75,3,444
W126,09-01-2026,1131,4.8,14,07:10:00,morning,4.36,0.73,4,426
W126,10-01-2026,1170,7.4,16,08:10:00,morning,4.04,0.79,4,317
W126,11-01-2026,612,4.6,6,09:10:00,morning,4.27,0.71,4,341
W126,12-01-2026,936,4.3,11,10:10:00,night,4.02,0.82,4,384
W126,13-01-2026,416,3.3,5,11:10:00,evening,4.33,0.84,3,314
W126,14-01-2026,502,6.2,7,12:10:00,evening,4.03,0.84,2,423
W126,15-01-2026,1628,3.4,22,13:10:00,night,4.22,0.8,3,397
W126,16-01-2026,773,7,10,14:10:00,afternoon,4.19,0.81,4,376
W126,17-01-2026,492,4.2,9,15:10:00,afternoon,4.01,0.82,3,414
W126,20-01-2026,339,3.4,5,16:10:00,morning,4.2,0.78,3,414
W126,21-01-2026,1664,7.6,25,17:10:00,morning,4,0.74,3,404
W126,22-01-2026,906,5.8,13,18:10:00,night,4.25,0.85,4,409
W126,23-01-2026,921,4.4,12,19:10:00,morning,4.22,0.81,4,351
W126,24-01-2026,809,6.9,9,20:10:00,morning,4.36,0.8,4,395
W126,25-01-2026,1077,3.9,17,21:10:00,morning,4.14,0.73,4,385
W126,26-01-2026,1045,3.3,16,22:10:00,afternoon,4.31,0.8,4,389
W126,27-01-2026,918,6.8,12,23:10:00,night,4.39,0.83,3,434
W126,28-01-2026,1233,5.9,19,00:10:00,night,4.29,0.71,4,421
W126,29-01-2026,1406,7.2,20,01:10:00,morning,4.42,0.81,4,401
W126,30-01-2026,200,4.2,5,02:10:00,night,4.22,0.72,4,333
W126,31-01-2026,1386,5.1,21,03:10:00,night,4.17,0.75,2,411
W126,02-02-2026,1126,7.4,18,04:10:00,evening,4.05,0.81,4,342
W126,04-02-2026,200,5,5,05:10:00,afternoon,4.46,0.74,3,431
W126,05-02-2026,1213,4.8,17,06:10:00,evening,4.49,0.82,2,335
W126,06-02-2026,891,6.1,10,07:10:00,night,4.46,0.79,2,334
W126,07-02-2026,1414,7.6,22,08:10:00,night,4.29,0.81,4,341
W126,08-02-2026,440,6.8,7,09:10:00,night,4.05,0.77,2,446
W126,09-02-2026,786,7.5,10,10:10:00,evening,4.11,0.7,2,442
W126,11-02-2026,772,3,11,11:10:00,afternoon,4.48,0.82,4,438
W126,12-02-2026,662,3.3,9,12:10:00,evening,4.4,0.81,2,365
W126,13-02-2026,1381,5.5,18,13:10:00,afternoon,4.14,0.75,2,365
W126,14-02-2026,790,4.8,11,14:10:00,morning,4.29,0.76,3,346
W126,15-02-2026,731,7.9,10,15:10:00,morning,4.43,0.75,4,443
W126,16-02-2026,213,7.8,5,16:10:00,afternoon,4.48,0.8,3,410
W126,17-02-2026,384,3.2,6,17:10:00,night,4.23,0.79,3,379
W126,18-02-2026,200,4.9,5,18:10:00,morning,4.29,0.72,2,394
W126,21-02-2026,864,7.1,13,19:10:00,afternoon,4.4,0.74,4,327
W126,22-02-2026,593,6.3,10,20:10:00,morning,4.04,0.75,2,308
W126,24-02-2026,1099,5.3,14,21:10:00,evening,4.28,0.71,4,357
W126,25-02-2026,940,4.3,13,22:10:00,night,4.24,0.77,4,447
W126,27-02-2026,200,7.9,5,23:10:00,morning,4.49,0.77,3,368
W126,01-03-2026,242,5.8,5,00:10:00,afternoon,4.42,0.77,4,326
W127,11-01-2026,770,5.1,13,01:10:00,evening,4.34,0.8,2,191
W127,12-01-2026,1008,6.7,14,02:10:00,morning,4.46,0.84,2,250
W127,13-01-2026,944,6.7,13,03:10:00,night,4.41,0.86,2,234
W127,14-01-2026,1263,7.3,20,04:10:00,evening,4.46,0.89,2,265
W127,15-01-2026,1092,7.1,16,05:10:00,night,4.6,0.88,1,258
W127,16-01-2026,571,4.1,10,06:10:00,night,4.41,0.87,2,280
W127,17-01-2026,200,6.3,5,07:10:00,morning,4.41,0.84,1,265
W127,18-01-2026,1201,5.7,17,08:10:00,night,4.32,0.87,1,235
W127,19-01-2026,699,3.4,9,09:10:00,afternoon,4.35,0.87,2,205
W127,20-01-2026,1503,7.7,23,10:10:00,afternoon,4.34,0.89,2,266
W127,21-01-2026,921,6.9,14,11:10:00,afternoon,4.68,0.81,1,299
W127,22-01-2026,945,5.7,12,12:10:00,morning,4.53,0.88,2,237
W127,24-01-2026,973,5.2,11,13:10:00,night,4.53,0.81,2,198
W127,25-01-2026,1197,3.5,16,14:10:00,evening,4.33,0.9,1,261
W127,26-01-2026,1381,4.6,18,15:10:00,afternoon,4.67,0.81,2,181
W127,27-01-2026,831,5.9,10,16:10:00,afternoon,4.6,0.82,1,235
W127,28-01-2026,1454,3.8,19,17:10:00,morning,4.59,0.85,2,241
W127,29-01-2026,587,3.3,6,18:10:00,afternoon,4.46,0.8,1,287
W127,30-01-2026,817,5.1,12,19:10:00,night,4.53,0.9,1,299
W127,02-02-2026,1101,7.3,13,20:10:00,morning,4.39,0.89,1,259
W127,03-02-2026,1449,6.8,19,21:10:00,morning,4.39,0.85,2,187
W127,04-02-2026,600,4.9,9,22:10:00,evening,4.35,0.8,1,238
W127,05-02-2026,1069,3.8,15,23:10:00,evening,4.34,0.87,1,250
W127,07-02-2026,1284,7.2,19,00:10:00,morning,4.42,0.88,1,284
W127,08-02-2026,625,3.2,6,01:10:00,morning,4.32,0.81,2,276
W127,09-02-2026,764,4.5,9,02:10:00,evening,4.33,0.86,2,230
W127,10-02-2026,852,6.4,11,03:10:00,afternoon,4.65,0.82,1,240
W127,11-02-2026,1005,7.3,14,04:10:00,evening,4.36,0.88,2,206
W127,12-02-2026,1014,3.6,14,05:10:00,night,4.49,0.87,2,194
W127,13-02-2026,791,4.7,13,06:10:00,night,4.69,0.88,2,192
W127,15-02-2026,913,7.3,12,07:10:00,morning,4.52,0.88,2,187
W127,16-02-2026,1021,5.9,14,08:10:00,evening,4.33,0.81,1,266
W127,18-02-2026,555,6.5,8,09:10:00,night,4.57,0.88,1,193
W127,19-02-2026,1032,3.5,12,10:10:00,night,4.53,0.82,1,228
W127,23-02-2026,878,5.7,11,11:10:00,evening,4.66,0.88,2,221
W127,25-02-2026,1122,4.3,15,12:10:00,night,4.61,0.89,2,247
W127,26-02-2026,1046,5.8,12,13:10:00,afternoon,4.48,0.89,1,270
W127,27-02-2026,866,8,12,14:10:00,evening,4.31,0.83,1,195
W127,28-02-2026,727,6.6,11,15:10:00,evening,4.35,0.82,1,192
W127,01-03-2026,1094,3.7,15,16:10:00,evening,4.41,0.81,1,249
W128,11-01-2026,764,4,11,17:10:00,night,4.01,0.72,3,379
W128,12-01-2026,846,5.6,13,18:10:00,night,4.07,0.84,4,392
W128,13-01-2026,972,3.2,11,19:10:00,afternoon,4.05,0.76,2,435
W128,14-01-2026,1228,7.9,16,20:10:00,afternoon,4.46,0.83,3,358
W128,15-01-2026,693,7.4,9,21:10:00,afternoon,4.33,0.82,2,420
W128,16-01-2026,1523,4.1,21,22:10:00,morning,4.24,0.83,2,336
W128,17-01-2026,790,5.8,11,23:10:00,night,4.27,0.8,2,441
W128,18-01-2026,476,7.3,8,00:10:00,night,4.33,0.77,4,338
W128,19-01-2026,904,5.4,13,01:10:00,afternoon,4.02,0.77,2,412
W128,20-01-2026,778,6.3,13,02:10:00,afternoon,4.24,0.81,3,442
W128,22-01-2026,1031,6.6,16,03:10:00,night,4.06,0.77,3,417
W128,23-01-2026,989,3.7,15,04:10:00,night,4.43,0.79,2,425
W128,24-01-2026,891,4.1,11,05:10:00,evening,4.03,0.77,3,443
W128,25-01-2026,306,4.2,6,06:10:00,afternoon,4.4,0.81,4,407
W128,27-01-2026,1297,7.6,18,07:10:00,evening,4.36,0.73,2,423
W128,28-01-2026,651,6.2,9,08:10:00,evening,4.47,0.74,2,311
W128,29-01-2026,998,7.2,14,09:10:00,morning,4.49,0.71,2,397
W128,30-01-2026,747,4.3,9,10:10:00,night,4.22,0.83,4,303
W128,31-01-2026,1240,6.2,19,11:10:00,morning,4.22,0.75,2,380
W128,01-02-2026,517,3.3,6,12:10:00,evening,4.08,0.82,2,338
W128,02-02-2026,899,6.4,11,13:10:00,afternoon,4.36,0.8,2,377
W128,04-02-2026,704,7,10,14:10:00,afternoon,4.05,0.73,4,411
W128,07-02-2026,876,4.9,13,15:10:00,afternoon,4.11,0.72,3,418
W128,09-02-2026,200,5.3,5,16:10:00,morning,4.34,0.76,4,364
W128,12-02-2026,866,7.7,12,17:10:00,evening,4.38,0.77,2,409
W128,13-02-2026,430,3.1,7,18:10:00,evening,4.37,0.81,3,356
W128,14-02-2026,957,3.6,12,19:10:00,morning,4.41,0.71,4,323
W128,15-02-2026,800,5.5,10,20:10:00,morning,4.43,0.78,3,310
W128,16-02-2026,650,4,7,21:10:00,morning,4.3,0.75,3,422
W128,18-02-2026,1100,4,16,22:10:00,afternoon,4.15,0.71,3,398
W128,19-02-2026,1123,5.1,18,23:10:00,afternoon,4.22,0.75,2,391
W128,20-02-2026,1307,7.6,19,00:10:00,afternoon,4.12,0.77,4,428
W128,22-02-2026,1196,6.2,19,01:10:00,evening,4.3,0.82,4,399
W128,23-02-2026,1097,4.6,15,02:10:00,afternoon,4.17,0.75,3,408
W128,24-02-2026,200,7,5,03:10:00,night,4.21,0.75,2,349
W128,25-02-2026,1168,3.1,16,04:10:00,afternoon,4.17,0.75,4,444
W128,26-02-2026,1048,4.7,13,05:10:00,afternoon,4.35,0.73,3,433
W128,27-02-2026,913,3.8,14,06:10:00,afternoon,4.47,0.75,4,321
W128,01-03-2026,1218,6.4,18,07:10:00,evening,4.14,0.85,4,429
W129,11-01-2026,1296,5.4,16,08:10:00,morning,4.96,0.92,1,127
W129,12-01-2026,1257,5.4,17,09:10:00,night,4.63,0.98,0,176
W129,13-01-2026,1131,7.6,18,10:10:00,afternoon,4.93,0.92,0,100
W129,14-01-2026,1181,4.9,18,11:10:00,afternoon,4.94,0.91,1,156
W129,15-01-2026,1250,5.4,15,12:10:00,evening,4.61,0.95,1,177
W129,16-01-2026,1190,3.6,17,13:10:00,evening,4.74,0.92,0,127
W129,17-01-2026,933,4,15,14:10:00,morning,4.88,0.97,0,170
W129,18-01-2026,1198,4.9,19,15:10:00,morning,4.62,0.9,1,119
W129,20-01-2026,1100,3.3,17,16:10:00,afternoon,4.83,0.95,0,100
W129,21-01-2026,1138,5.3,18,17:10:00,night,4.78,0.9,0,118
W129,22-01-2026,933,4.6,14,18:10:00,morning,4.64,0.91,1,107
W129,23-01-2026,1390,6,17,19:10:00,evening,4.83,0.9,0,106
W129,25-01-2026,1288,6.4,19,20:10:00,afternoon,4.6,0.97,0,175
W129,26-01-2026,805,3.4,9,21:10:00,night,4.71,0.97,0,145
W129,27-01-2026,1205,5.5,18,22:10:00,morning,4.95,0.95,1,177
W129,28-01-2026,1204,5,18,23:10:00,evening,4.64,0.96,1,112
W129,30-01-2026,1046,6.5,12,00:10:00,night,4.81,0.94,1,116
W129,31-01-2026,1106,5.7,14,01:10:00,evening,4.9,0.9,0,121
W129,01-02-2026,1354,3.7,19,02:10:00,night,4.77,0.96,1,151
W129,02-02-2026,947,5.2,13,03:10:00,afternoon,4.89,0.92,0,162
W129,03-02-2026,1425,4.8,18,04:10:00,night,4.71,0.93,0,141
W129,04-02-2026,1223,6.7,15,05:10:00,evening,4.95,0.98,1,171
W129,05-02-2026,1317,6.8,17,06:10:00,afternoon,4.65,0.91,0,171
W129,06-02-2026,1023,6.9,13,07:10:00,evening,4.77,0.97,1,129
W129,07-02-2026,1224,5.2,15,08:10:00,morning,4.68,0.9,0,117
W129,08-02-2026,900,7.7,13,09:10:00,evening,4.8,0.91,0,153
W129,09-02-2026,1070,6.5,15,10:10:00,morning,4.78,0.98,0,125
W129,10-02-2026,1138,6.2,15,11:10:00,evening,4.78,0.94,1,105
W129,11-02-2026,923,7.6,15,12:10:00,evening,4.95,0.93,0,142
W129,12-02-2026,1331,6.2,19,13:10:00,afternoon,4.95,0.93,0,131
W129,14-02-2026,1086,3.3,17,14:10:00,afternoon,4.69,0.92,0,122
W129,15-02-2026,1276,5.9,16,15:10:00,night,4.96,0.92,1,144
W129,16-02-2026,890,5.3,14,16:10:00,night,4.83,0.94,0,145
W129,17-02-2026,979,3.2,11,17:10:00,morning,4.83,0.97,1,120
W129,19-02-2026,1063,5.4,13,18:10:00,evening,4.68,0.98,0,129
W129,20-02-2026,1158,6.9,17,19:10:00,night,4.85,0.91,1,119
W129,21-02-2026,1007,6.8,12,20:10:00,morning,4.81,0.98,0,130
W129,22-02-2026,1063,6.9,17,21:10:00,morning,4.68,0.95,0,113
W129,23-02-2026,1283,5.7,16,22:10:00,night,4.7,0.91,1,138
W129,24-02-2026,1097,6.2,17,23:10:00,afternoon,4.87,0.94,0,107
W129,26-02-2026,921,3.4,11,00:10:00,evening,4.66,0.9,0,141
W129,28-02-2026,1279,4.2,19,01:10:00,night,4.88,0.96,1,178
W130,05-01-2026,743,6.3,11,02:10:00,morning,4.3,0.74,4,330
W130,06-01-2026,1783,7.8,25,03:10:00,morning,4.45,0.77,3,447
W130,07-01-2026,646,6.6,8,04:10:00,night,4.23,0.78,3,348
W130,08-01-2026,1100,4.7,15,05:10:00,evening,4.42,0.75,2,397
W130,09-01-2026,1417,7,21,06:10:00,morning,4.39,0.72,4,320
W130,10-01-2026,1064,5.7,15,07:10:00,night,4.04,0.77,2,375
W130,13-01-2026,219,5.2,5,08:10:00,morning,4.1,0.83,4,345
W130,15-01-2026,826,5.1,12,09:10:00,night,4.3,0.76,2,316
W130,16-01-2026,694,6.6,8,10:10:00,afternoon,4.02,0.72,2,408
W130,17-01-2026,200,7.5,5,11:10:00,afternoon,4.43,0.75,2,327
W130,18-01-2026,964,3.2,12,12:10:00,evening,4.28,0.79,4,312
W130,19-01-2026,808,3.3,12,13:10:00,evening,4.48,0.73,3,376
W130,20-01-2026,200,7.5,5,14:10:00,morning,4.1,0.82,2,352
W130,21-01-2026,793,5.7,13,15:10:00,evening,4.11,0.78,3,346
W130,23-01-2026,1142,5.6,17,16:10:00,morning,4.19,0.76,3,386
W130,25-01-2026,904,7.5,12,17:10:00,night,4.08,0.79,2,439
W130,30-01-2026,998,4.8,15,18:10:00,evening,4.28,0.81,4,311
W130,31-01-2026,1033,6.5,14,19:10:00,afternoon,4.43,0.72,3,394
W130,01-02-2026,1250,3.7,15,20:10:00,night,4.07,0.74,4,368
W130,02-02-2026,260,6.6,5,21:10:00,morning,4.43,0.79,3,305
W130,03-02-2026,227,5.8,5,22:10:00,night,4.12,0.84,2,360
W130,04-02-2026,200,5.8,5,23:10:00,evening,4.19,0.81,3,387
W130,05-02-2026,253,7.8,5,00:10:00,evening,4.48,0.71,4,389
W130,07-02-2026,1083,7.5,15,01:10:00,night,4.41,0.82,2,317
W130,08-02-2026,918,3.6,13,02:10:00,morning,4.27,0.71,3,326
W130,09-02-2026,200,3.4,5,03:10:00,afternoon,4.26,0.75,3,362
W130,11-02-2026,370,4.5,5,04:10:00,afternoon,4.17,0.7,2,316
W130,12-02-2026,1280,7.5,18,05:10:00,morning,4.18,0.76,4,422
W130,14-02-2026,200,4,5,06:10:00,night,4.26,0.77,2,354
W130,15-02-2026,1689,6.5,25,07:10:00,night,4.37,0.75,2,304
W130,20-02-2026,833,7.5,13,08:10:00,evening,4.49,0.71,4,368
W130,21-02-2026,699,6.4,9,09:10:00,night,4.26,0.73,3,311
W130,22-02-2026,200,5.7,5,10:10:00,morning,4.1,0.81,3,329
W130,23-02-2026,892,3,13,11:10:00,evening,4.28,0.82,3,334
W130,26-02-2026,530,5.2,6,12:10:00,afternoon,4.08,0.73,2,419
W130,27-02-2026,1139,3.8,16,13:10:00,morning,4.43,0.73,4,400
W130,28-02-2026,200,5.2,5,14:10:00,morning,4.36,0.82,4,370
W131,07-01-2026,888,4,10,15:10:00,morning,4.15,0.79,3,378
W131,08-01-2026,200,6.9,5,16:10:00,morning,4.38,0.76,4,300
W131,09-01-2026,1083,5.1,16,17:10:00,morning,4.36,0.72,4,354
W131,12-01-2026,998,5.5,12,18:10:00,evening,4.02,0.78,2,343
W131,13-01-2026,1581,5.7,21,19:10:00,evening,4.35,0.73,3,302
W131,14-01-2026,1364,3.2,20,20:10:00,evening,4.05,0.83,3,448
W131,15-01-2026,938,6.2,12,21:10:00,evening,4.42,0.83,2,393
W131,16-01-2026,451,4.1,8,22:10:00,morning,4.15,0.75,4,321
W131,17-01-2026,322,7,5,23:10:00,evening,4.06,0.78,4,340
W131,18-01-2026,1193,3.8,19,00:10:00,evening,4.1,0.75,4,369
W131,19-01-2026,1454,7.3,22,01:10:00,night,4.27,0.81,4,301
W131,22-01-2026,200,5.9,5,02:10:00,evening,4.41,0.75,3,338
W131,23-01-2026,215,6.5,5,03:10:00,afternoon,4.03,0.75,4,302
W131,24-01-2026,384,6.5,5,04:10:00,evening,4.37,0.77,2,449
W131,25-01-2026,1159,5.8,17,05:10:00,evening,4.36,0.82,3,356
W131,26-01-2026,1393,5.3,18,06:10:00,morning,4.12,0.81,4,351
W131,27-01-2026,1368,6.4,20,07:10:00,night,4.22,0.8,2,315
W131,28-01-2026,797,3.5,13,08:10:00,night,4.11,0.81,2,429
W131,29-01-2026,1307,3.6,20,09:10:00,morning,4.17,0.74,2,419
W131,30-01-2026,340,4.8,5,10:10:00,evening,4.23,0.74,3,344
W131,01-02-2026,1127,7,14,11:10:00,evening,4.06,0.83,2,381
W131,02-02-2026,579,8,7,12:10:00,afternoon,4.25,0.74,3,323
W131,03-02-2026,986,6.2,16,13:10:00,night,4.38,0.76,3,328
W131,04-02-2026,1407,6.7,19,14:10:00,evening,4.09,0.73,2,322
W131,05-02-2026,200,3.3,5,15:10:00,night,4.18,0.84,2,387
W131,06-02-2026,1261,7.6,18,16:10:00,afternoon,4,0.84,2,404
W131,07-02-2026,967,4.6,15,17:10:00,morning,4.02,0.79,4,443
W131,08-02-2026,200,3.3,5,18:10:00,night,4.13,0.76,2,323
W131,09-02-2026,1094,7.8,16,19:10:00,night,4.4,0.74,2,414
W131,10-02-2026,1185,6.5,14,20:10:00,evening,4.29,0.72,3,312
W131,11-02-2026,723,4,12,21:10:00,evening,4.44,0.75,4,335
W131,13-02-2026,1035,7.2,15,22:10:00,evening,4.05,0.76,3,372
W131,14-02-2026,1034,3.5,13,23:10:00,afternoon,4.29,0.7,2,441
W131,17-02-2026,604,3.4,10,00:10:00,night,4.18,0.84,2,381
W131,18-02-2026,804,3.4,13,01:10:00,evening,4.42,0.75,4,421
W131,19-02-2026,1097,6.1,14,02:10:00,afternoon,4.08,0.82,3,339
W131,21-02-2026,525,4,7,03:10:00,afternoon,4.35,0.74,3,407
W131,22-02-2026,847,4.2,12,04:10:00,morning,4.03,0.78,2,406
W131,23-02-2026,1270,3.1,19,05:10:00,evening,4.26,0.7,2,392
W131,24-02-2026,1493,5.8,21,06:10:00,afternoon,4.16,0.79,4,401
W131,26-02-2026,787,7.5,12,07:10:00,night,4.43,0.76,4,373
W131,28-02-2026,200,7,5,08:10:00,evening,4.29,0.76,4,378
W131,01-03-2026,879,7.9,13,09:10:00,evening,4.49,0.8,3,373
W132,06-01-2026,882,4.3,14,10:10:00,evening,4.27,0.77,4,318
W132,07-01-2026,1046,3.1,15,11:10:00,morning,4.22,0.77,2,409
W132,08-01-2026,392,3.1,5,12:10:00,afternoon,4.14,0.78,4,408
W132,09-01-2026,509,6.2,7,13:10:00,night,4.2,0.72,3,446
W132,10-01-2026,200,7.8,5,14:10:00,night,4.05,0.77,2,365
W132,11-01-2026,718,5.5,8,15:10:00,evening,4.37,0.79,2,449
W132,12-01-2026,1152,7.9,15,16:10:00,night,4.33,0.81,3,395
W132,13-01-2026,200,3.5,5,17:10:00,night,4.29,0.82,4,442
W132,14-01-2026,625,3.1,10,18:10:00,afternoon,4.47,0.72,3,307
W132,15-01-2026,996,5.8,13,19:10:00,night,4.48,0.71,2,407
W132,18-01-2026,936,3.2,14,20:10:00,night,4.11,0.83,3,439
W132,19-01-2026,681,4.9,9,21:10:00,afternoon,4.4,0.77,2,342
W132,20-01-2026,1118,6.4,14,22:10:00,night,4.37,0.82,2,416
W132,22-01-2026,995,6,15,23:10:00,night,4.27,0.77,4,404
W132,23-01-2026,999,3.6,13,00:10:00,afternoon,4.2,0.85,3,321
W132,24-01-2026,568,6.4,10,01:10:00,evening,4.48,0.7,3,359
W132,27-01-2026,743,6.9,12,02:10:00,evening,4.19,0.71,4,344
W132,28-01-2026,678,5,10,03:10:00,night,4.15,0.8,2,304
W132,29-01-2026,1097,5.1,13,04:10:00,night,4.47,0.7,4,432
W132,30-01-2026,416,5.8,5,05:10:00,evening,4.19,0.82,2,342
W132,31-01-2026,331,5.5,5,06:10:00,morning,4.22,0.75,3,449
W132,01-02-2026,806,7.8,10,07:10:00,night,4.21,0.75,3,411
W132,02-02-2026,200,3.3,5,08:10:00,morning,4.3,0.82,4,302
W132,03-02-2026,755,3.7,9,09:10:00,morning,4.28,0.79,3,427
W132,04-02-2026,801,3.4,9,10:10:00,evening,4.32,0.71,2,350
W132,06-02-2026,543,3.4,6,11:10:00,evening,4.48,0.75,4,409
W132,07-02-2026,387,5.7,7,12:10:00,afternoon,4.38,0.72,3,402
W132,08-02-2026,646,4,7,13:10:00,night,4.18,0.79,4,312
W132,09-02-2026,797,5.2,13,14:10:00,afternoon,4.33,0.81,4,421
W132,10-02-2026,681,3.3,8,15:10:00,evening,4.23,0.71,2,318
W132,11-02-2026,886,5.7,11,16:10:00,evening,4.43,0.82,2,356
W132,12-02-2026,855,4.7,11,17:10:00,night,4.33,0.72,3,399
W132,13-02-2026,707,3.6,10,18:10:00,evening,4.31,0.78,3,413
W132,14-02-2026,572,5.9,6,19:10:00,evening,4.03,0.75,2,315
W132,15-02-2026,866,5.7,14,20:10:00,afternoon,4.05,0.81,3,372
W132,16-02-2026,958,7.6,11,21:10:00,morning,4.44,0.71,4,341
W132,17-02-2026,743,5.9,11,22:10:00,night,4.01,0.81,2,308
W132,18-02-2026,453,3.2,6,23:10:00,afternoon,4.25,0.8,3,441
W132,20-02-2026,615,6.1,8,00:10:00,afternoon,4.11,0.8,4,401
W132,21-02-2026,1067,5.3,13,01:10:00,night,4.18,0.78,4,307
W132,22-02-2026,873,7.2,11,02:10:00,evening,4.04,0.76,2,425
W132,23-02-2026,615,6.5,8,03:10:00,afternoon,4.08,0.75,4,408
W132,24-02-2026,200,7.1,5,04:10:00,night,4.33,0.83,4,432
W132,26-02-2026,936,5.6,13,05:10:00,afternoon,4.07,0.84,2,389
W132,27-02-2026,822,7.1,13,06:10:00,evening,4.39,0.79,3,369
W132,28-02-2026,946,6.7,13,07:10:00,evening,4.46,0.72,2,345
W132,01-03-2026,473,7.8,5,08:10:00,night,4.43,0.74,4,338
W133,08-01-2026,1018,7.5,13,09:10:00,morning,4.59,0.84,1,257
W133,09-01-2026,933,7.4,13,10:10:00,evening,4.49,0.88,2,203
W133,10-01-2026,1018,3.5,16,11:10:00,night,4.64,0.89,1,248
W133,11-01-2026,766,4.7,9,12:10:00,morning,4.33,0.88,2,187
W133,14-01-2026,1025,4.3,15,13:10:00,evening,4.66,0.84,2,245
W133,17-01-2026,1034,4.4,12,14:10:00,night,4.4,0.85,2,278
W133,18-01-2026,746,5.8,10,15:10:00,morning,4.51,0.8,2,251
W133,19-01-2026,949,5.4,11,16:10:00,night,4.51,0.84,2,235
W133,20-01-2026,374,7.8,5,17:10:00,afternoon,4.52,0.83,1,229
W133,21-01-2026,614,7.6,8,18:10:00,night,4.47,0.84,2,281
W133,23-01-2026,678,3.6,11,19:10:00,evening,4.54,0.9,2,277
W133,25-01-2026,848,4.5,11,20:10:00,evening,4.31,0.84,2,263
W133,26-01-2026,674,4.6,9,21:10:00,afternoon,4.59,0.87,2,219
W133,28-01-2026,557,6.9,5,22:10:00,night,4.52,0.87,1,270
W133,30-01-2026,652,5.7,9,23:10:00,night,4.5,0.89,1,250
W133,31-01-2026,881,5.6,10,00:10:00,afternoon,4.32,0.88,1,256
W133,03-02-2026,1050,4,15,01:10:00,afternoon,4.46,0.82,1,297
W133,04-02-2026,889,4.6,13,02:10:00,afternoon,4.31,0.85,1,210
W133,05-02-2026,1073,3.6,14,03:10:00,morning,4.37,0.86,2,211
W133,07-02-2026,1089,5.8,17,04:10:00,night,4.63,0.81,1,188
W133,09-02-2026,897,5.4,12,05:10:00,evening,4.64,0.89,1,196
W133,11-02-2026,738,3.2,11,06:10:00,night,4.62,0.8,2,273
W133,12-02-2026,893,3.9,13,07:10:00,night,4.39,0.82,2,195
W133,13-02-2026,1049,5.6,16,08:10:00,morning,4.68,0.81,2,250
W133,14-02-2026,1069,7.5,13,09:10:00,evening,4.31,0.86,2,283
W133,15-02-2026,1179,4.5,16,10:10:00,afternoon,4.3,0.86,1,257
W133,16-02-2026,1177,4.2,16,11:10:00,afternoon,4.52,0.87,1,250
W133,17-02-2026,1138,7.9,15,12:10:00,afternoon,4.45,0.84,1,197
W133,18-02-2026,537,3.8,9,13:10:00,morning,4.33,0.81,1,293
W133,19-02-2026,794,6.1,12,14:10:00,night,4.47,0.89,1,278
W133,20-02-2026,975,5.7,12,15:10:00,night,4.54,0.86,2,192
W133,21-02-2026,625,8,9,16:10:00,afternoon,4.58,0.8,2,283
W133,22-02-2026,265,3.3,5,17:10:00,afternoon,4.32,0.82,2,242
W133,23-02-2026,808,3.4,12,18:10:00,afternoon,4.67,0.88,1,289
W133,24-02-2026,633,4.6,7,19:10:00,night,4.66,0.84,2,262
W133,25-02-2026,1028,3.7,16,20:10:00,evening,4.51,0.84,1,295
W133,27-02-2026,1023,6.9,15,21:10:00,afternoon,4.33,0.9,2,270
W133,28-02-2026,1179,5,14,22:10:00,night,4.44,0.88,1,249
W133,01-03-2026,820,5.1,13,23:10:00,morning,4.64,0.81,2,286
W134,04-01-2026,200,6,5,00:10:00,morning,4.05,0.74,3,336
W134,05-01-2026,703,7.3,9,01:10:00,evening,4.39,0.77,2,437
W134,06-01-2026,739,3.2,11,02:10:00,night,4.2,0.7,3,338
W134,07-01-2026,449,6.5,5,03:10:00,night,4.09,0.74,4,427
W134,08-01-2026,485,4.7,6,04:10:00,morning,4.2,0.75,2,363
W134,09-01-2026,1177,4.6,16,05:10:00,night,4.08,0.74,2,344
W134,10-01-2026,837,5.5,12,06:10:00,afternoon,4.11,0.85,3,418
W134,11-01-2026,1375,4,18,07:10:00,night,4.28,0.73,3,345
W134,12-01-2026,1049,4.3,16,08:10:00,night,4,0.83,3,315
W134,13-01-2026,480,6.5,5,09:10:00,night,4.3,0.85,3,347
W134,15-01-2026,620,6.8,9,10:10:00,afternoon,4.05,0.72,4,385
W134,16-01-2026,1054,5.8,15,11:10:00,evening,4.18,0.77,4,343
W134,17-01-2026,752,7.3,10,12:10:00,morning,4.07,0.81,4,406
W134,18-01-2026,598,4.9,8,13:10:00,morning,4.23,0.76,4,315
W134,21-01-2026,556,7.8,5,14:10:00,morning,4.4,0.79,2,358
W134,22-01-2026,508,6.8,6,15:10:00,night,4.02,0.78,3,360
W134,23-01-2026,1166,4.7,18,16:10:00,morning,4.14,0.79,4,327
W134,24-01-2026,862,5.1,12,17:10:00,night,4.19,0.79,3,365
W134,25-01-2026,438,5.5,5,18:10:00,afternoon,4.05,0.79,2,415
W134,27-01-2026,492,5.4,5,19:10:00,evening,4.17,0.84,4,409
W134,28-01-2026,743,7.9,12,20:10:00,afternoon,4.08,0.77,3,323
W134,30-01-2026,767,6.5,9,21:10:00,evening,4.32,0.85,3,446
W134,31-01-2026,896,7.7,11,22:10:00,night,4.04,0.7,3,334
W134,01-02-2026,846,6.5,10,23:10:00,evening,4.18,0.76,4,389
W134,02-02-2026,545,5.3,6,00:10:00,morning,4.3,0.71,3,342
W134,03-02-2026,1039,3.1,15,01:10:00,afternoon,4.04,0.77,2,311
W134,04-02-2026,1257,4.1,17,02:10:00,afternoon,4.09,0.82,3,358
W134,05-02-2026,922,3.1,15,03:10:00,morning,4.46,0.75,3,390
W134,07-02-2026,720,4.4,8,04:10:00,morning,4.46,0.8,3,444
W134,08-02-2026,200,5.2,5,05:10:00,morning,4.18,0.77,4,387
W134,09-02-2026,1474,4.1,22,06:10:00,night,4.31,0.72,2,392
W134,11-02-2026,836,6.8,13,07:10:00,evening,4.42,0.72,4,319
W134,12-02-2026,891,3.9,11,08:10:00,morning,4.24,0.77,4,365
W134,13-02-2026,940,7.4,12,09:10:00,morning,4.21,0.73,4,408
W134,15-02-2026,200,3.8,5,10:10:00,morning,4.47,0.7,3,398
W134,16-02-2026,921,3,15,11:10:00,night,4.06,0.74,4,324
W134,17-02-2026,864,3.4,10,12:10:00,night,4.21,0.7,2,300
W134,18-02-2026,1080,3.3,17,13:10:00,night,4.3,0.84,3,375
W134,19-02-2026,825,5.2,13,14:10:00,night,4.24,0.78,3,439
W134,21-02-2026,477,4.8,6,15:10:00,morning,4.24,0.81,3,324
W134,22-02-2026,760,4.7,10,16:10:00,night,4.08,0.84,2,378
W134,24-02-2026,1122,6.4,15,17:10:00,evening,4.19,0.71,4,391
W134,25-02-2026,875,6.4,13,18:10:00,morning,4.48,0.82,2,446
W134,26-02-2026,699,7.8,7,19:10:00,night,4.09,0.7,4,382
W134,27-02-2026,438,6.6,7,20:10:00,evening,4.45,0.71,2,336
W134,28-02-2026,1295,6.5,19,21:10:00,night,4.24,0.72,3,433
W134,01-03-2026,1301,3.3,19,22:10:00,morning,4.13,0.79,4,345
W135,01-01-2026,1434,4.6,22,23:10:00,night,4.52,0.82,1,185
W135,02-01-2026,909,4.3,12,00:10:00,morning,4.62,0.87,1,246
W135,03-01-2026,886,6.7,11,01:10:00,evening,4.33,0.82,2,190
W135,05-01-2026,1407,3.5,19,02:10:00,morning,4.48,0.81,1,231
W135,06-01-2026,851,5.3,10,03:10:00,night,4.57,0.83,1,281
W135,07-01-2026,1308,8,18,04:10:00,morning,4.31,0.83,2,202
W135,08-01-2026,1248,5.1,15,05:10:00,morning,4.54,0.87,2,258
W135,10-01-2026,767,4.4,12,06:10:00,night,4.49,0.82,1,237
W135,11-01-2026,1322,5.6,16,07:10:00,morning,4.36,0.82,1,219
W135,12-01-2026,1254,7.5,16,08:10:00,afternoon,4.52,0.84,2,208
W135,13-01-2026,690,5.9,10,09:10:00,morning,4.48,0.89,2,229
W135,14-01-2026,929,3.6,13,10:10:00,evening,4.52,0.82,2,243
W135,15-01-2026,677,6.2,8,11:10:00,morning,4.37,0.82,2,264
W135,16-01-2026,1068,8,17,12:10:00,morning,4.69,0.88,2,180
W135,17-01-2026,921,5.9,12,13:10:00,morning,4.66,0.81,2,240
W135,18-01-2026,1009,5.4,12,14:10:00,morning,4.49,0.84,2,248
W135,19-01-2026,706,6.4,9,15:10:00,evening,4.42,0.87,2,254
W135,20-01-2026,682,7.4,7,16:10:00,morning,4.41,0.87,1,253
W135,21-01-2026,902,4.5,14,17:10:00,morning,4.52,0.81,2,268
W135,24-01-2026,1042,6,16,18:10:00,night,4.41,0.89,2,237
W135,25-01-2026,1187,6.6,17,19:10:00,night,4.6,0.89,1,255
W135,26-01-2026,964,3.3,13,20:10:00,night,4.49,0.8,1,245
W135,28-01-2026,807,4.6,10,21:10:00,morning,4.44,0.89,1,273
W135,29-01-2026,1122,6.4,16,22:10:00,morning,4.5,0.89,1,209
W135,31-01-2026,908,6,10,23:10:00,night,4.64,0.85,1,203
W135,01-02-2026,1124,4.6,14,00:10:00,morning,4.42,0.82,1,215
W135,02-02-2026,1217,6.4,19,01:10:00,night,4.36,0.86,1,188
W135,04-02-2026,608,6.9,8,02:10:00,evening,4.4,0.84,2,234
W135,05-02-2026,1382,6.6,17,03:10:00,night,4.31,0.86,1,245
W135,06-02-2026,461,5.9,5,04:10:00,evening,4.4,0.89,2,295
W135,07-02-2026,441,4,6,05:10:00,afternoon,4.55,0.89,1,224
W135,08-02-2026,817,3.1,9,06:10:00,night,4.38,0.84,1,238
W135,10-02-2026,478,4.8,6,07:10:00,morning,4.38,0.89,1,242
W135,11-02-2026,950,5.5,14,08:10:00,night,4.58,0.81,2,267
W135,12-02-2026,982,5.4,15,09:10:00,afternoon,4.69,0.9,1,251
W135,13-02-2026,830,7.4,10,10:10:00,evening,4.31,0.8,2,202
W135,14-02-2026,900,6.5,12,11:10:00,morning,4.48,0.87,1,202
W135,15-02-2026,544,3.4,9,12:10:00,evening,4.43,0.86,2,284
W135,16-02-2026,983,3.3,16,13:10:00,afternoon,4.65,0.84,1,259
W135,17-02-2026,1009,4.7,14,14:10:00,morning,4.69,0.9,1,181
W135,18-02-2026,956,3.4,13,15:10:00,afternoon,4.48,0.85,1,294
W135,19-02-2026,1097,5.8,15,16:10:00,afternoon,4.56,0.81,2,225
W135,20-02-2026,1175,4.7,18,17:10:00,evening,4.41,0.9,2,249
W135,21-02-2026,806,4.6,10,18:10:00,evening,4.44,0.83,2,281
W135,22-02-2026,789,4.8,11,19:10:00,night,4.32,0.89,2,275
W135,24-02-2026,1205,4.9,16,20:10:00,morning,4.45,0.81,2,183
W135,25-02-2026,853,4.5,10,21:10:00,evening,4.54,0.89,2,212
W135,26-02-2026,1034,4.1,15,22:10:00,night,4.66,0.84,1,287
W135,27-02-2026,1102,3.6,14,23:10:00,night,4.43,0.88,1,248
W135,28-02-2026,1100,5.8,15,00:10:00,morning,4.43,0.85,1,270
W135,01-03-2026,1026,7.4,13,01:10:00,night,4.36,0.85,1,292
W136,13-01-2026,974,7.3,12,02:10:00,morning,4.36,0.82,2,259
W136,14-01-2026,972,3.7,11,03:10:00,night,4.32,0.83,2,202
W136,15-01-2026,659,7.5,8,04:10:00,night,4.39,0.84,2,228
W136,16-01-2026,1046,3.4,14,05:10:00,night,4.4,0.82,1,273
W136,18-01-2026,791,4.5,9,06:10:00,evening,4.41,0.83,2,189
W136,19-01-2026,876,7.7,11,07:10:00,morning,4.42,0.86,2,188
W136,20-01-2026,810,4.1,12,08:10:00,morning,4.5,0.83,2,243
W136,21-01-2026,638,4.7,11,09:10:00,morning,4.52,0.85,2,298
W136,22-01-2026,924,3.8,13,10:10:00,evening,4.6,0.8,2,258
W136,23-01-2026,987,4.2,14,11:10:00,evening,4.34,0.86,2,283
W136,24-01-2026,1160,3.6,14,12:10:00,night,4.6,0.88,1,227
W136,25-01-2026,823,4.6,9,13:10:00,night,4.37,0.85,1,295
W136,26-01-2026,725,3.9,9,14:10:00,morning,4.43,0.9,2,231
W136,27-01-2026,697,3.4,9,15:10:00,evening,4.3,0.88,2,182
W136,28-01-2026,1005,6.6,14,16:10:00,afternoon,4.31,0.84,2,203
W136,29-01-2026,1273,4.1,17,17:10:00,morning,4.38,0.89,1,274
W136,30-01-2026,1102,4.6,17,18:10:00,afternoon,4.65,0.86,1,206
W136,31-01-2026,704,7.7,12,19:10:00,night,4.47,0.84,1,206
W136,02-02-2026,942,4.8,11,20:10:00,night,4.34,0.8,1,259
W136,03-02-2026,1097,3.1,14,21:10:00,night,4.44,0.88,2,284
W136,04-02-2026,999,7,15,22:10:00,morning,4.32,0.85,1,224
W136,05-02-2026,942,4.7,13,23:10:00,morning,4.5,0.84,2,241
W136,06-02-2026,936,6.3,13,00:10:00,morning,4.55,0.84,1,223
W136,07-02-2026,574,6.3,8,01:10:00,morning,4.53,0.88,1,270
W136,08-02-2026,1221,7.5,15,02:10:00,morning,4.33,0.87,2,231
W136,09-02-2026,1262,4.2,17,03:10:00,night,4.51,0.82,1,229
W136,11-02-2026,1152,5.4,18,04:10:00,evening,4.67,0.87,2,180
W136,12-02-2026,1252,7.9,17,05:10:00,morning,4.51,0.8,2,196
W136,13-02-2026,1202,5.3,18,06:10:00,morning,4.46,0.88,1,288
W136,14-02-2026,1188,5.6,18,07:10:00,night,4.66,0.84,1,257
W136,15-02-2026,671,7.4,11,08:10:00,evening,4.36,0.9,2,232
W136,16-02-2026,603,4.8,9,09:10:00,morning,4.64,0.82,1,223
W136,17-02-2026,676,7.6,11,10:10:00,morning,4.49,0.81,2,291
W136,18-02-2026,1127,3.8,16,11:10:00,night,4.31,0.89,2,196
W136,19-02-2026,1008,7.3,14,12:10:00,night,4.6,0.82,2,190
W136,20-02-2026,659,5.2,11,13:10:00,night,4.57,0.85,1,288
W136,21-02-2026,1165,4,17,14:10:00,night,4.42,0.83,2,226
W136,22-02-2026,955,5.6,15,15:10:00,night,4.61,0.84,1,196
W136,23-02-2026,372,4.5,5,16:10:00,night,4.58,0.89,1,233
W136,24-02-2026,977,3,11,17:10:00,night,4.45,0.88,1,246
W136,25-02-2026,1167,4.2,16,18:10:00,morning,4.56,0.89,2,214
W136,26-02-2026,545,6.6,9,19:10:00,night,4.3,0.9,2,262
W136,28-02-2026,845,6.7,10,20:10:00,night,4.43,0.85,1,252
W137,11-01-2026,978,6.8,13,21:10:00,morning,4.86,0.93,0,127
W137,12-01-2026,1059,7.5,13,22:10:00,evening,4.84,0.9,0,105
W137,13-01-2026,1092,3.9,15,23:10:00,afternoon,4.78,0.94,0,153
W137,14-01-2026,1331,4.3,21,00:10:00,night,4.74,0.93,0,175
W137,15-01-2026,1071,3.1,17,01:10:00,evening,4.96,0.97,1,110
W137,16-01-2026,974,5.7,13,02:10:00,evening,4.84,0.92,0,149
W137,17-01-2026,1372,6.5,18,03:10:00,afternoon,4.63,0.95,0,116
W137,18-01-2026,1011,6.9,15,04:10:00,morning,4.86,0.98,0,163
W137,19-01-2026,1298,5.7,18,05:10:00,afternoon,4.78,0.93,1,117
W137,20-01-2026,869,7.6,10,06:10:00,night,4.86,0.94,0,107
W137,22-01-2026,1122,7.9,16,07:10:00,afternoon,4.72,0.93,1,115
W137,23-01-2026,833,5.6,13,08:10:00,night,4.75,0.97,1,100
W137,25-01-2026,1195,4.4,18,09:10:00,night,4.95,0.93,0,153
W137,26-01-2026,1230,7.2,15,10:10:00,night,4.68,0.91,1,176
W137,29-01-2026,1195,7.6,17,11:10:00,morning,4.78,0.97,0,141
W137,30-01-2026,1308,3.9,17,12:10:00,afternoon,4.79,0.92,1,143
W137,31-01-2026,869,5.3,13,13:10:00,morning,4.9,0.94,1,114
W137,02-02-2026,951,5.2,15,14:10:00,afternoon,4.72,0.94,1,122
W137,03-02-2026,992,3.7,12,15:10:00,night,4.99,0.98,1,142
W137,05-02-2026,1059,7,17,16:10:00,night,4.98,0.9,0,169
W137,07-02-2026,1004,6.5,16,17:10:00,morning,4.77,0.94,0,126
W137,08-02-2026,1065,7.5,15,18:10:00,afternoon,4.66,0.93,1,172
W137,09-02-2026,1164,7.1,17,19:10:00,afternoon,4.87,0.92,1,114
W137,10-02-2026,1267,5.3,20,20:10:00,night,4.64,0.93,1,107
W137,11-02-2026,1193,3.2,18,21:10:00,afternoon,4.92,0.91,1,118
W137,13-02-2026,945,3.9,12,22:10:00,afternoon,4.67,0.96,0,113
W137,14-02-2026,1011,6.9,13,23:10:00,night,4.61,0.91,0,125
W137,16-02-2026,1080,3.9,17,00:10:00,night,4.94,0.92,1,161
W137,17-02-2026,1296,6.3,19,01:10:00,night,4.69,0.96,0,165
W137,18-02-2026,846,5,12,02:10:00,evening,4.87,0.95,1,169
W137,19-02-2026,1252,5.2,18,03:10:00,afternoon,4.63,0.96,0,119
W137,21-02-2026,1194,3.8,17,04:10:00,morning,4.62,0.93,0,148
W137,22-02-2026,1017,3.3,15,05:10:00,morning,4.69,0.97,0,177
W137,23-02-2026,1152,3.7,18,06:10:00,night,4.68,0.96,1,115
W137,24-02-2026,1151,7.6,14,07:10:00,evening,4.89,0.91,1,166
W137,27-02-2026,1130,3.7,15,08:10:00,night,4.74,0.9,0,116
W137,28-02-2026,913,4.9,14,09:10:00,night,4.97,0.93,0,178
W137,01-03-2026,1093,6.8,14,10:10:00,afternoon,4.83,0.91,1,114
W138,04-01-2026,893,7.8,10,11:10:00,night,4.63,0.88,1,285
W138,06-01-2026,543,4.9,9,12:10:00,afternoon,4.52,0.84,2,206
W138,08-01-2026,1530,7.6,21,13:10:00,night,4.33,0.85,2,238
W138,09-01-2026,816,7.8,10,14:10:00,afternoon,4.37,0.8,2,284
W138,10-01-2026,684,3.9,10,15:10:00,afternoon,4.31,0.82,2,214
W138,11-01-2026,989,3.5,15,16:10:00,afternoon,4.43,0.88,2,241
W138,13-01-2026,950,6.6,13,17:10:00,afternoon,4.62,0.82,2,220
W138,14-01-2026,1005,6.3,12,18:10:00,night,4.51,0.81,1,180
W138,15-01-2026,949,4.6,11,19:10:00,morning,4.5,0.86,1,255
W138,16-01-2026,709,4.6,12,20:10:00,night,4.57,0.85,2,245
W138,17-01-2026,1038,6.5,12,21:10:00,night,4.7,0.82,2,284
W138,19-01-2026,762,3.8,10,22:10:00,afternoon,4.63,0.83,2,218
W138,20-01-2026,1064,5.3,15,23:10:00,night,4.48,0.86,2,188
W138,21-01-2026,286,4.1,5,00:10:00,morning,4.55,0.87,2,200
W138,23-01-2026,933,7.9,15,01:10:00,evening,4.37,0.87,2,243
W138,24-01-2026,844,6.5,12,02:10:00,afternoon,4.49,0.89,2,216
W138,25-01-2026,876,7.1,13,03:10:00,night,4.54,0.86,2,280
W138,26-01-2026,936,5.8,11,04:10:00,morning,4.46,0.83,2,209
W138,27-01-2026,585,5.2,10,05:10:00,morning,4.47,0.89,2,190
W138,29-01-2026,1335,7.7,17,06:10:00,morning,4.52,0.85,2,297
W138,30-01-2026,1106,3.2,16,07:10:00,afternoon,4.6,0.84,2,259
W138,31-01-2026,982,5,13,08:10:00,afternoon,4.6,0.8,1,251
W138,01-02-2026,971,5.5,14,09:10:00,night,4.49,0.89,2,225
W138,02-02-2026,200,5.6,5,10:10:00,afternoon,4.57,0.86,2,254
W138,03-02-2026,1334,3.9,21,11:10:00,night,4.52,0.84,2,262
W138,05-02-2026,711,7.3,8,12:10:00,evening,4.47,0.89,1,181
W138,08-02-2026,721,3.8,10,13:10:00,morning,4.68,0.86,1,192
W138,09-02-2026,1028,5.2,15,14:10:00,afternoon,4.55,0.83,1,207
W138,12-02-2026,1025,5.8,14,15:10:00,evening,4.43,0.8,1,205
W138,13-02-2026,1037,3.9,14,16:10:00,night,4.37,0.84,2,204
W138,15-02-2026,1014,5.5,13,17:10:00,morning,4.68,0.89,2,287
W138,16-02-2026,1170,7.5,15,18:10:00,afternoon,4.48,0.81,1,200
W138,17-02-2026,715,5.6,12,19:10:00,night,4.59,0.81,2,180
W138,18-02-2026,1317,5.6,16,20:10:00,morning,4.3,0.8,1,246
W138,21-02-2026,843,5.8,10,21:10:00,night,4.55,0.85,1,187
W138,22-02-2026,807,5.5,9,22:10:00,afternoon,4.45,0.81,1,194
W138,23-02-2026,964,3,12,23:10:00,evening,4.59,0.84,1,291
W138,24-02-2026,563,4.7,7,00:10:00,night,4.37,0.85,2,226
W138,25-02-2026,759,7.8,12,01:10:00,night,4.64,0.89,1,210
W138,26-02-2026,1085,8,13,02:10:00,morning,4.68,0.89,1,267
W138,27-02-2026,1019,3.1,14,03:10:00,night,4.52,0.86,2,222
W138,01-03-2026,1021,6.4,13,04:10:00,evening,4.62,0.82,2,230
W139,03-01-2026,853,5,13,05:10:00,morning,4.65,0.94,0,117
W139,04-01-2026,1273,4.8,18,06:10:00,night,4.79,0.96,0,101
W139,06-01-2026,1244,4.6,19,07:10:00,evening,4.71,0.98,0,101
W139,07-01-2026,1110,6.8,13,08:10:00,evening,4.83,0.94,0,120
W139,08-01-2026,980,3.5,13,09:10:00,evening,4.97,0.92,0,175
W139,09-01-2026,1078,7.8,17,10:10:00,morning,4.81,0.92,0,144
W139,10-01-2026,1269,5,20,11:10:00,morning,4.79,0.91,1,167
W139,11-01-2026,975,4.5,15,12:10:00,afternoon,4.77,0.91,1,118
W139,12-01-2026,1055,6.7,14,13:10:00,evening,4.72,0.9,1,156
W139,14-01-2026,1109,6.3,13,14:10:00,morning,4.98,0.96,0,160
W139,15-01-2026,1087,7.4,13,15:10:00,afternoon,4.97,0.97,0,175
W139,17-01-2026,1300,6.8,17,16:10:00,afternoon,4.68,0.97,1,179
W139,18-01-2026,921,4.5,15,17:10:00,morning,5,0.94,0,169
W139,19-01-2026,1172,7.2,15,18:10:00,night,4.82,0.93,0,114
W139,20-01-2026,1268,7,17,19:10:00,morning,4.69,0.92,1,127
W139,21-01-2026,892,5.4,11,20:10:00,morning,4.93,0.91,0,149
W139,22-01-2026,934,7.3,11,21:10:00,morning,4.93,0.9,0,178
W139,24-01-2026,904,3.5,13,22:10:00,evening,4.99,0.96,0,129
W139,25-01-2026,981,6.2,16,23:10:00,evening,4.92,0.91,0,178
W139,27-01-2026,1185,4,16,00:10:00,night,4.62,0.93,0,144
W139,28-01-2026,1074,4.9,14,01:10:00,night,4.68,0.97,0,113
W139,29-01-2026,1195,4.3,17,02:10:00,evening,4.7,0.94,0,144
W139,30-01-2026,1198,5.5,15,03:10:00,morning,4.92,0.97,1,168
W139,31-01-2026,1187,3.5,14,04:10:00,morning,4.9,0.94,1,144
W139,01-02-2026,1002,6.3,15,05:10:00,evening,4.73,0.9,1,142
W139,02-02-2026,1088,5.9,15,06:10:00,morning,4.7,0.95,1,163
W139,03-02-2026,1363,7.8,19,07:10:00,night,4.62,0.97,0,140
W139,04-02-2026,797,3.4,9,08:10:00,morning,4.68,0.93,0,151
W139,05-02-2026,852,3.8,10,09:10:00,night,4.95,0.96,1,157
W139,06-02-2026,1149,6.4,18,10:10:00,night,4.97,0.95,0,171
W139,07-02-2026,1221,7,18,11:10:00,night,4.78,0.94,1,120
W139,09-02-2026,1079,5.9,15,12:10:00,afternoon,4.88,0.92,1,133
W139,10-02-2026,1029,6.4,13,13:10:00,evening,4.84,0.92,1,110
W139,14-02-2026,1253,6.4,17,14:10:00,night,4.81,0.93,1,176
W139,15-02-2026,1263,4.6,19,15:10:00,evening,4.9,0.9,0,133
W139,16-02-2026,1045,6.5,14,16:10:00,morning,4.9,0.9,1,168
W139,17-02-2026,1032,3.8,14,17:10:00,evening,4.98,0.97,1,173
W139,18-02-2026,1160,5.1,14,18:10:00,morning,4.89,0.93,0,130
W139,19-02-2026,1413,4.9,20,19:10:00,night,4.9,0.94,1,137
W139,21-02-2026,1157,3.5,15,20:10:00,morning,4.7,0.9,0,146
W139,22-02-2026,1102,4.6,13,21:10:00,afternoon,4.72,0.96,0,137
W139,23-02-2026,941,7.9,15,22:10:00,afternoon,4.88,0.96,0,134
W139,25-02-2026,1193,5.1,16,23:10:00,night,4.86,0.96,1,131
W139,28-02-2026,835,3.5,9,00:10:00,afternoon,4.81,0.94,0,145
W140,05-01-2026,882,6,11,01:10:00,afternoon,4.41,0.83,2,264
W140,07-01-2026,1111,6.1,17,02:10:00,afternoon,4.45,0.81,1,228
W140,08-01-2026,735,6.9,8,03:10:00,night,4.51,0.89,2,186
W140,09-01-2026,1259,6.5,17,04:10:00,evening,4.56,0.81,2,219
W140,10-01-2026,681,7,9,05:10:00,night,4.4,0.9,1,188
W140,11-01-2026,1416,3.1,21,06:10:00,night,4.57,0.9,2,248
W140,12-01-2026,938,7.2,14,07:10:00,evening,4.46,0.88,2,198
W140,13-01-2026,673,4.6,11,08:10:00,morning,4.48,0.84,1,291
W140,14-01-2026,666,5.5,11,09:10:00,morning,4.59,0.84,1,297
W140,15-01-2026,1012,3.7,16,10:10:00,morning,4.33,0.84,1,279
W140,16-01-2026,859,6.5,14,11:10:00,evening,4.52,0.87,2,244
W140,17-01-2026,1193,6.6,18,12:10:00,afternoon,4.5,0.86,2,285
W140,18-01-2026,1175,6.8,18,13:10:00,night,4.47,0.89,2,231
W140,19-01-2026,701,7.7,9,14:10:00,afternoon,4.41,0.81,1,187
W140,20-01-2026,744,7.5,8,15:10:00,morning,4.66,0.85,1,217
W140,21-01-2026,918,5.6,15,16:10:00,morning,4.36,0.81,2,216
W140,22-01-2026,527,4.8,7,17:10:00,evening,4.64,0.83,1,195
W140,23-01-2026,543,7.6,8,18:10:00,afternoon,4.55,0.86,2,294
W140,24-01-2026,855,5.7,12,19:10:00,morning,4.38,0.85,2,290
W140,26-01-2026,733,4.6,10,20:10:00,morning,4.56,0.81,2,205
W140,27-01-2026,685,5.3,8,21:10:00,night,4.44,0.81,1,254
W140,28-01-2026,892,6.4,12,22:10:00,afternoon,4.31,0.86,1,241
W140,29-01-2026,811,8,9,23:10:00,night,4.46,0.8,2,211
W140,30-01-2026,455,4,5,00:10:00,afternoon,4.39,0.88,2,240
W140,31-01-2026,831,7.5,13,01:10:00,afternoon,4.68,0.83,1,182
W140,01-02-2026,880,3.7,10,02:10:00,night,4.63,0.86,1,227
W140,02-02-2026,730,4,11,03:10:00,night,4.55,0.86,1,263
W140,04-02-2026,1044,5.2,13,04:10:00,morning,4.52,0.85,2,293
W140,05-02-2026,897,6.2,14,05:10:00,night,4.68,0.85,2,264
W140,07-02-2026,1286,7,17,06:10:00,morning,4.45,0.86,1,273
W140,08-02-2026,466,7.5,6,07:10:00,afternoon,4.57,0.87,1,261
W140,10-02-2026,576,3.4,9,08:10:00,evening,4.52,0.83,1,199
W140,11-02-2026,1220,4.9,16,09:10:00,morning,4.31,0.81,1,239
W140,12-02-2026,917,7.9,15,10:10:00,night,4.49,0.8,1,198
W140,13-02-2026,958,7.6,13,11:10:00,morning,4.42,0.9,1,289
W140,14-02-2026,1105,4.5,13,12:10:00,night,4.38,0.9,2,265
W140,15-02-2026,978,7.5,14,13:10:00,night,4.68,0.87,1,193
W140,16-02-2026,975,5.6,15,14:10:00,evening,4.46,0.88,2,226
W140,18-02-2026,941,7,15,15:10:00,evening,4.5,0.86,2,213
W140,19-02-2026,1525,4.7,19,16:10:00,night,4.46,0.83,2,198
W140,20-02-2026,983,5.8,13,17:10:00,evening,4.33,0.88,2,278
W140,21-02-2026,1235,3.3,19,18:10:00,morning,4.31,0.83,1,299
W140,22-02-2026,877,4.6,11,19:10:00,night,4.46,0.87,2,288
W140,23-02-2026,800,6.9,10,20:10:00,afternoon,4.63,0.83,2,222
W140,24-02-2026,1023,4.1,12,21:10:00,morning,4.57,0.82,1,291
W140,25-02-2026,773,5.1,10,22:10:00,evening,4.69,0.9,2,181
W140,26-02-2026,1076,6.7,14,23:10:00,morning,4.5,0.81,1,236
W140,27-02-2026,988,3.3,15,00:10:00,morning,4.34,0.85,1,288
W140,28-02-2026,872,7,13,01:10:00,evening,4.37,0.9,2,264
W140,01-03-2026,1192,3,17,02:10:00,evening,4.68,0.85,1,237
W141,09-01-2026,1036,4.5,16,03:10:00,afternoon,4.52,0.89,1,277
W141,11-01-2026,879,4.3,11,04:10:00,night,4.52,0.82,1,280
W141,12-01-2026,839,5.8,13,05:10:00,afternoon,4.47,0.87,1,223
W141,14-01-2026,1275,5.5,17,06:10:00,night,4.48,0.86,1,246
W141,15-01-2026,1338,7.7,17,07:10:00,night,4.42,0.82,1,204
W141,17-01-2026,1159,7.1,15,08:10:00,afternoon,4.51,0.82,2,264
W141,19-01-2026,455,7.4,8,09:10:00,evening,4.54,0.84,1,192
W141,20-01-2026,871,8,12,10:10:00,morning,4.32,0.89,1,272
W141,21-01-2026,509,7.8,5,11:10:00,night,4.41,0.9,2,219
W141,22-01-2026,1026,7.1,14,12:10:00,afternoon,4.44,0.88,2,191
W141,24-01-2026,1094,5,13,13:10:00,afternoon,4.43,0.84,2,180
W141,25-01-2026,528,7.4,9,14:10:00,morning,4.47,0.85,1,235
W141,26-01-2026,853,5.9,10,15:10:00,morning,4.42,0.81,2,192
W141,27-01-2026,916,4.5,12,16:10:00,morning,4.41,0.87,2,291
W141,28-01-2026,968,5.6,15,17:10:00,afternoon,4.4,0.89,2,202
W141,29-01-2026,657,7.9,7,18:10:00,night,4.61,0.88,1,191
W141,30-01-2026,1080,6.3,17,19:10:00,night,4.51,0.85,1,228
W141,31-01-2026,1305,3.6,16,20:10:00,night,4.6,0.84,2,286
W141,03-02-2026,975,6.1,11,21:10:00,afternoon,4.35,0.81,1,265
W141,04-02-2026,905,3.4,11,22:10:00,morning,4.5,0.89,2,265
W141,05-02-2026,1097,5,14,23:10:00,night,4.64,0.82,2,280
W141,06-02-2026,543,4.4,9,00:10:00,evening,4.55,0.83,2,183
W141,08-02-2026,1055,7.8,13,01:10:00,afternoon,4.4,0.86,2,251
W141,09-02-2026,1054,6.8,17,02:10:00,afternoon,4.43,0.85,1,186
W141,10-02-2026,920,4.2,12,03:10:00,afternoon,4.46,0.83,2,199
W141,12-02-2026,406,3.4,6,04:10:00,morning,4.35,0.84,2,265
W141,13-02-2026,906,5.8,11,05:10:00,night,4.53,0.88,1,215
W141,14-02-2026,683,7.1,11,06:10:00,morning,4.61,0.84,1,273
W141,15-02-2026,598,4.3,9,07:10:00,afternoon,4.66,0.86,1,236
W141,16-02-2026,926,4.6,13,08:10:00,evening,4.69,0.85,1,205
W141,17-02-2026,927,4.5,11,09:10:00,afternoon,4.47,0.9,2,197
W141,19-02-2026,829,5.6,10,10:10:00,afternoon,4.64,0.86,2,213
W141,21-02-2026,941,6.9,14,11:10:00,night,4.64,0.85,2,235
W141,22-02-2026,1271,5.8,16,12:10:00,night,4.48,0.84,1,289
W141,23-02-2026,732,7.2,11,13:10:00,evening,4.48,0.89,2,211
W141,24-02-2026,498,7.2,7,14:10:00,night,4.64,0.87,2,295
W141,25-02-2026,977,6.9,14,15:10:00,night,4.37,0.89,1,264
W141,26-02-2026,970,4.9,14,16:10:00,morning,4.64,0.8,1,276
W141,28-02-2026,1027,4.4,16,17:10:00,morning,4.55,0.81,2,266
W141,01-03-2026,836,4.8,10,18:10:00,evening,4.53,0.84,1,279
W142,04-01-2026,967,6.9,11,19:10:00,morning,4.76,0.92,1,178
W142,05-01-2026,861,3.6,11,20:10:00,night,4.94,0.96,1,137
W142,06-01-2026,1202,6.5,19,21:10:00,afternoon,4.92,0.93,1,132
W142,07-01-2026,1003,4.8,15,22:10:00,morning,4.72,0.94,1,132
W142,08-01-2026,1128,7.2,17,23:10:00,afternoon,4.71,0.97,0,174
W142,10-01-2026,1142,5.1,15,00:10:00,morning,4.83,0.91,0,151
W142,11-01-2026,1361,7.1,18,01:10:00,morning,4.92,0.95,1,176
W142,12-01-2026,1256,5.9,15,02:10:00,night,4.83,0.96,0,106
W142,13-01-2026,1039,3.6,13,03:10:00,night,4.95,0.91,1,179
W142,14-01-2026,1224,4.7,17,04:10:00,night,4.78,0.97,0,104
W142,16-01-2026,1040,7.6,15,05:10:00,night,4.77,0.96,1,162
W142,17-01-2026,1224,3.7,19,06:10:00,morning,4.98,0.95,0,141
W142,18-01-2026,819,5.4,13,07:10:00,afternoon,4.63,0.92,1,154
W142,19-01-2026,1034,4,15,08:10:00,morning,4.92,0.9,1,119
W142,20-01-2026,1343,5.3,20,09:10:00,evening,4.88,0.95,0,171
W142,22-01-2026,1158,6.8,15,10:10:00,afternoon,4.92,0.94,0,167
W142,23-01-2026,1327,5.3,17,11:10:00,morning,4.6,0.9,0,168
W142,24-01-2026,1076,7,14,12:10:00,afternoon,4.89,0.96,1,146
W142,25-01-2026,973,4.7,15,13:10:00,morning,4.64,0.92,0,160
W142,26-01-2026,932,3.6,14,14:10:00,afternoon,4.96,0.97,0,154
W142,28-01-2026,692,5.6,8,15:10:00,afternoon,4.69,0.92,0,115
W142,29-01-2026,922,5.4,13,16:10:00,morning,4.92,0.97,0,151
W142,30-01-2026,1058,7.8,13,17:10:00,afternoon,4.73,0.96,0,119
W142,31-01-2026,941,4.6,12,18:10:00,night,4.91,0.91,1,129
W142,02-02-2026,1181,4.7,14,19:10:00,night,4.67,0.9,1,118
W142,03-02-2026,789,3.9,12,20:10:00,morning,4.78,0.91,1,104
W142,04-02-2026,1194,7.3,15,21:10:00,morning,4.76,0.94,0,113
W142,05-02-2026,1100,3,16,22:10:00,morning,4.88,0.93,1,109
W142,06-02-2026,1048,7.3,12,23:10:00,morning,4.95,0.94,1,126
W142,07-02-2026,1017,7.8,14,00:10:00,night,4.66,0.93,1,120
W142,08-02-2026,1194,4.8,18,01:10:00,evening,4.86,0.92,0,170
W142,09-02-2026,1221,7.8,17,02:10:00,morning,4.68,0.92,0,169
W142,11-02-2026,1226,7.6,16,03:10:00,morning,4.99,0.92,0,118
W142,12-02-2026,1034,5.7,16,04:10:00,evening,4.91,0.98,0,107
W142,13-02-2026,1237,5.6,17,05:10:00,night,4.93,0.95,1,117
W142,14-02-2026,1052,5.7,14,06:10:00,night,4.81,0.91,1,178
W142,15-02-2026,1017,6.9,13,07:10:00,night,4.89,0.98,1,104
W142,17-02-2026,1063,5.7,15,08:10:00,evening,4.8,0.93,1,176
W142,18-02-2026,1086,4.2,15,09:10:00,night,4.97,0.94,1,152
W142,19-02-2026,1054,3.8,13,10:10:00,evening,4.94,0.9,0,132
W142,22-02-2026,988,7.1,13,11:10:00,night,4.81,0.93,0,108
W142,23-02-2026,922,7.9,14,12:10:00,evening,4.75,0.9,1,124
W142,25-02-2026,988,5.9,16,13:10:00,night,4.69,0.91,1,135
W142,28-02-2026,1141,7.3,18,14:10:00,evening,4.98,0.92,0,120
W142,01-03-2026,853,7,12,15:10:00,night,4.68,0.92,1,155
W143,07-01-2026,795,7.1,9,16:10:00,evening,4,0.72,3,400
W143,09-01-2026,955,6.6,14,17:10:00,night,4.18,0.83,2,421
W143,11-01-2026,1080,5.4,14,18:10:00,afternoon,4.31,0.71,3,432
W143,12-01-2026,1254,7.4,16,19:10:00,night,4.37,0.81,3,432
W143,13-01-2026,1029,5,13,20:10:00,evening,4.23,0.79,3,300
W143,14-01-2026,303,7.9,5,21:10:00,night,4.28,0.82,2,342
W143,16-01-2026,941,8,13,22:10:00,afternoon,4.3,0.73,2,306
W143,17-01-2026,702,6.7,9,23:10:00,afternoon,4.04,0.82,4,349
W143,19-01-2026,632,3.8,8,00:10:00,night,4,0.83,2,344
W143,20-01-2026,892,4.1,10,01:10:00,morning,4.12,0.72,2,390
W143,21-01-2026,631,3.2,10,02:10:00,morning,4.1,0.73,3,379
W143,23-01-2026,975,6.5,13,03:10:00,afternoon,4.47,0.79,2,441
W143,24-01-2026,400,5.1,5,04:10:00,morning,4.35,0.77,2,315
W143,25-01-2026,460,4.3,7,05:10:00,night,4.43,0.72,4,418
W143,26-01-2026,1067,3.5,13,06:10:00,night,4.47,0.75,3,338
W143,27-01-2026,887,4.6,10,07:10:00,afternoon,4.38,0.8,2,430
W143,28-01-2026,998,5.9,16,08:10:00,evening,4.12,0.85,3,417
W143,29-01-2026,632,4.6,11,09:10:00,morning,4.01,0.72,3,406
W143,30-01-2026,520,7.4,5,10:10:00,night,4.29,0.83,2,386
W143,02-02-2026,983,7.8,14,11:10:00,afternoon,4.31,0.76,2,332
W143,04-02-2026,466,6.6,5,12:10:00,afternoon,4.2,0.7,3,356
W143,05-02-2026,857,5.7,11,13:10:00,morning,4.22,0.83,3,371
W143,06-02-2026,1064,7.1,14,14:10:00,night,4.24,0.71,2,337
W143,07-02-2026,812,3.4,9,15:10:00,night,4.36,0.82,4,344
W143,08-02-2026,1003,6.5,14,16:10:00,afternoon,4.41,0.77,4,416
W143,09-02-2026,1484,7,20,17:10:00,afternoon,4.41,0.81,4,322
W143,10-02-2026,1132,4.4,17,18:10:00,afternoon,4.05,0.82,3,429
W143,11-02-2026,1147,6.5,15,19:10:00,night,4.33,0.78,4,449
W143,12-02-2026,676,6.1,11,20:10:00,night,4.4,0.74,4,408
W143,13-02-2026,486,4.1,6,21:10:00,night,4.32,0.81,4,442
W143,16-02-2026,982,5.9,12,22:10:00,evening,4.18,0.81,4,446
W143,17-02-2026,447,7.9,5,23:10:00,afternoon,4.03,0.84,2,317
W143,18-02-2026,1016,4.3,15,00:10:00,afternoon,4.22,0.84,3,434
W143,19-02-2026,1080,3.8,13,01:10:00,evening,4.02,0.77,4,377
W143,20-02-2026,1294,5.5,20,02:10:00,evening,4,0.75,4,353
W143,21-02-2026,200,7.4,5,03:10:00,morning,4.03,0.83,3,418
W143,22-02-2026,1172,6.7,14,04:10:00,morning,4.41,0.81,2,308
W143,23-02-2026,950,4.8,11,05:10:00,evening,4.05,0.73,3,439
W143,24-02-2026,360,7.2,5,06:10:00,afternoon,4.41,0.81,4,382
W143,25-02-2026,878,3.6,14,07:10:00,night,4.16,0.73,3,424
W143,26-02-2026,200,4.8,5,08:10:00,night,4.14,0.75,2,302
W143,27-02-2026,656,5.5,7,09:10:00,night,4.33,0.72,2,397
W143,28-02-2026,913,7.3,11,10:10:00,night,4.5,0.75,3,394
W143,01-03-2026,602,4.4,10,11:10:00,afternoon,4.13,0.82,2,349
W144,05-01-2026,1090,4,14,12:10:00,night,4.76,0.92,1,115
W144,06-01-2026,1280,3.6,20,13:10:00,afternoon,4.95,0.93,1,164
W144,07-01-2026,1218,7.4,15,14:10:00,night,4.66,0.97,1,177
W144,08-01-2026,1004,4.1,13,15:10:00,morning,4.89,0.91,1,155
W144,09-01-2026,1143,7.7,18,16:10:00,afternoon,4.66,0.93,1,108
W144,10-01-2026,1419,6.6,20,17:10:00,afternoon,4.84,0.92,0,169
W144,11-01-2026,1019,4.8,15,18:10:00,night,4.9,0.93,1,178
W144,12-01-2026,1352,7.8,18,19:10:00,night,4.81,0.98,1,144
W144,13-01-2026,1134,4.6,17,20:10:00,night,4.92,0.92,1,112
W144,15-01-2026,1348,6.5,17,21:10:00,morning,4.61,0.94,0,105
W144,16-01-2026,903,6,10,22:10:00,afternoon,4.92,0.96,1,133
W144,18-01-2026,1234,5.8,15,23:10:00,night,4.63,0.98,0,129
W144,19-01-2026,1433,7.3,22,00:10:00,evening,4.94,0.92,1,145
W144,20-01-2026,1052,6.6,15,01:10:00,morning,4.95,0.9,1,104
W144,22-01-2026,1151,6,17,02:10:00,night,4.81,0.95,0,172
W144,23-01-2026,1312,4.3,20,03:10:00,night,4.8,0.95,1,106
W144,24-01-2026,894,6.4,14,04:10:00,morning,4.96,0.9,0,165
W144,26-01-2026,702,3.5,10,05:10:00,night,4.83,0.98,1,173
W144,28-01-2026,1263,5.5,17,06:10:00,afternoon,4.75,0.92,1,126
W144,30-01-2026,862,5.9,12,07:10:00,morning,4.78,0.97,1,126
W144,31-01-2026,1202,7.6,15,08:10:00,night,4.68,0.92,1,153
W144,01-02-2026,1261,4.5,16,09:10:00,morning,4.63,0.92,0,107
W144,02-02-2026,1034,6.5,12,10:10:00,morning,4.67,0.9,1,154
W144,03-02-2026,1156,4.2,14,11:10:00,afternoon,4.79,0.95,1,125
W144,04-02-2026,883,4.5,13,12:10:00,afternoon,4.7,0.95,0,109
W144,07-02-2026,1032,7.2,12,13:10:00,night,4.84,0.94,0,119
W144,08-02-2026,931,5.1,11,14:10:00,morning,4.94,0.94,1,146
W144,10-02-2026,1209,5.9,18,15:10:00,night,4.65,0.95,0,123
W144,11-02-2026,1284,5.6,16,16:10:00,morning,4.71,0.9,0,175
W144,12-02-2026,989,4.9,16,17:10:00,night,4.97,0.91,1,174
W144,13-02-2026,1166,4.6,18,18:10:00,night,4.9,0.92,1,101
W144,14-02-2026,941,4.5,14,19:10:00,evening,4.78,0.95,0,136
W144,15-02-2026,1033,3.8,14,20:10:00,morning,4.63,0.9,0,165
W144,16-02-2026,1241,4.5,17,21:10:00,morning,4.62,0.98,0,117
W144,17-02-2026,978,4.9,13,22:10:00,evening,4.92,0.95,1,116
W144,18-02-2026,1163,4,16,23:10:00,afternoon,4.73,0.92,1,101
W144,19-02-2026,1147,7.7,14,00:10:00,morning,4.7,0.92,1,116
W144,20-02-2026,1089,7.3,17,01:10:00,evening,4.63,0.93,0,156
W144,21-02-2026,987,6.6,16,02:10:00,night,4.91,0.98,0,125
W144,22-02-2026,1023,7.2,16,03:10:00,afternoon,4.71,0.93,0,112
W144,23-02-2026,1106,6.2,16,04:10:00,night,4.74,0.91,0,147
W144,24-02-2026,1293,7.8,17,05:10:00,evening,4.92,0.96,1,126
W144,28-02-2026,1030,6.7,13,06:10:00,morning,4.75,0.97,1,102
W144,01-03-2026,1240,5.5,15,07:10:00,night,4.83,0.95,1,136
W145,03-01-2026,1015,5.4,13,08:10:00,morning,4.64,0.81,2,278
W145,05-01-2026,508,6,8,09:10:00,night,4.64,0.89,2,192
W145,06-01-2026,1035,3.2,14,10:10:00,morning,4.45,0.83,1,196
W145,07-01-2026,1256,4.3,16,11:10:00,morning,4.42,0.81,2,297
W145,08-01-2026,567,5.3,10,12:10:00,evening,4.43,0.84,2,259
W145,09-01-2026,1002,3.1,15,13:10:00,morning,4.63,0.89,1,210
W145,10-01-2026,787,3.9,9,14:10:00,morning,4.62,0.86,1,261
W145,11-01-2026,737,5.4,8,15:10:00,morning,4.53,0.81,2,282
W145,12-01-2026,667,3.6,8,16:10:00,night,4.64,0.89,1,198
W145,13-01-2026,665,7.7,9,17:10:00,night,4.63,0.86,1,257
W145,15-01-2026,200,8,5,18:10:00,afternoon,4.69,0.8,1,185
W145,16-01-2026,1098,3.2,15,19:10:00,afternoon,4.35,0.88,1,255
W145,18-01-2026,1084,4,17,20:10:00,night,4.55,0.87,1,253
W145,19-01-2026,1130,3.3,14,21:10:00,evening,4.44,0.87,2,206
W145,20-01-2026,1076,4.8,15,22:10:00,evening,4.31,0.8,2,182
W145,21-01-2026,921,6.6,14,23:10:00,afternoon,4.68,0.84,1,295
W145,23-01-2026,1201,6.4,15,00:10:00,afternoon,4.69,0.86,1,210
W145,25-01-2026,735,7.6,9,01:10:00,night,4.59,0.83,2,253
W145,27-01-2026,1438,4.6,19,02:10:00,morning,4.34,0.82,2,294
W145,28-01-2026,1045,5.3,12,03:10:00,afternoon,4.33,0.88,2,205
W145,30-01-2026,908,6.2,11,04:10:00,afternoon,4.7,0.81,2,183
W145,01-02-2026,963,7.7,12,05:10:00,afternoon,4.56,0.84,1,249
W145,02-02-2026,855,5.5,13,06:10:00,afternoon,4.63,0.88,2,259
W145,03-02-2026,729,5.6,12,07:10:00,afternoon,4.42,0.83,1,264
W145,05-02-2026,1086,5.1,15,08:10:00,evening,4.5,0.88,2,281
W145,06-02-2026,894,5.1,12,09:10:00,morning,4.66,0.82,1,244
W145,07-02-2026,1233,6.4,15,10:10:00,night,4.41,0.81,1,241
W145,09-02-2026,200,7.5,5,11:10:00,night,4.66,0.87,1,227
W145,10-02-2026,1000,5.9,15,12:10:00,morning,4.34,0.83,2,244
W145,11-02-2026,1022,7.8,16,13:10:00,evening,4.43,0.81,1,250
W145,12-02-2026,510,7.7,7,14:10:00,evening,4.63,0.85,2,292
W145,13-02-2026,756,3.8,8,15:10:00,evening,4.49,0.9,2,234
W145,15-02-2026,1118,7.1,16,16:10:00,evening,4.4,0.82,1,227
W145,17-02-2026,945,7.9,14,17:10:00,night,4.7,0.89,2,217
W145,18-02-2026,980,5.3,16,18:10:00,night,4.31,0.86,1,237
W145,19-02-2026,271,7.2,5,19:10:00,afternoon,4.47,0.88,2,297
W145,20-02-2026,520,7.5,9,20:10:00,afternoon,4.4,0.82,2,271
W145,21-02-2026,1003,7.6,13,21:10:00,afternoon,4.65,0.86,1,262
W145,22-02-2026,667,3.4,8,22:10:00,night,4.53,0.86,1,187
W145,23-02-2026,1048,7.4,12,23:10:00,night,4.53,0.89,2,275
W145,26-02-2026,1187,5.3,18,00:10:00,night,4.61,0.88,1,274
W145,28-02-2026,698,4.5,9,01:10:00,afternoon,4.4,0.86,2,289
W145,01-03-2026,1629,4.8,22,02:10:00,evening,4.41,0.8,1,254
W146,11-01-2026,1068,7.1,15,03:10:00,evening,4.69,0.98,0,115
W146,12-01-2026,1137,3.5,18,04:10:00,morning,4.82,0.97,0,143
W146,13-01-2026,887,7.3,14,05:10:00,afternoon,4.84,0.95,1,103
W146,14-01-2026,771,5.7,9,06:10:00,evening,4.76,0.96,1,140
W146,15-01-2026,966,5.4,13,07:10:00,morning,4.98,0.91,1,120
W146,16-01-2026,1030,4.8,16,08:10:00,afternoon,4.77,0.97,1,172
W146,17-01-2026,925,5.6,12,09:10:00,night,4.66,0.95,1,148
W146,18-01-2026,951,6.4,14,10:10:00,evening,4.77,0.96,1,133
W146,20-01-2026,1215,3.1,19,11:10:00,afternoon,4.98,0.93,1,128
W146,22-01-2026,905,5,14,12:10:00,night,4.95,0.95,0,170
W146,23-01-2026,1132,6.6,18,13:10:00,night,4.65,0.97,1,177
W146,24-01-2026,1285,7.3,18,14:10:00,morning,4.65,0.93,1,129
W146,25-01-2026,1171,6.6,14,15:10:00,night,4.68,0.93,0,157
W146,26-01-2026,1090,7.3,16,16:10:00,morning,4.64,0.93,1,161
W146,27-01-2026,973,7.5,14,17:10:00,evening,4.89,0.97,1,126
W146,29-01-2026,1408,7,19,18:10:00,morning,4.93,0.98,0,128
W146,30-01-2026,1217,6,19,19:10:00,evening,4.75,0.95,1,122
W146,31-01-2026,820,6.5,12,20:10:00,morning,4.9,0.96,0,131
W146,01-02-2026,1109,5.7,13,21:10:00,night,4.83,0.96,1,168
W146,03-02-2026,1345,7.6,19,22:10:00,afternoon,4.73,0.96,0,128
W146,05-02-2026,1054,5.8,17,23:10:00,night,4.65,0.91,0,148
W146,06-02-2026,1067,3.8,15,00:10:00,afternoon,4.98,0.92,1,154
W146,07-02-2026,1235,3.1,15,01:10:00,afternoon,4.94,0.92,0,100
W146,08-02-2026,1085,3.3,17,02:10:00,night,4.9,0.95,0,143
W146,09-02-2026,1190,4.6,18,03:10:00,morning,4.65,0.95,1,120
W146,10-02-2026,1140,5.1,16,04:10:00,morning,4.72,0.92,0,129
W146,12-02-2026,1179,5.1,15,05:10:00,night,4.62,0.97,0,109
W146,14-02-2026,1176,7.5,18,06:10:00,morning,4.96,0.93,0,112
W146,15-02-2026,1219,4.5,19,07:10:00,evening,4.93,0.95,1,109
W146,16-02-2026,1354,7.7,20,08:10:00,night,4.75,0.93,1,101
W146,17-02-2026,1533,7.3,22,09:10:00,night,4.79,0.91,1,127
W146,19-02-2026,1126,6.7,17,10:10:00,afternoon,4.87,0.96,0,109
W146,20-02-2026,1166,7.1,14,11:10:00,afternoon,4.89,0.93,1,117
W146,21-02-2026,1267,5.9,17,12:10:00,morning,4.86,0.98,1,128
W146,22-02-2026,1041,7,15,13:10:00,night,4.78,0.91,1,170
W146,23-02-2026,1324,6.5,19,14:10:00,morning,4.78,0.92,1,107
W146,24-02-2026,1103,6.9,17,15:10:00,morning,4.98,0.97,1,132
W146,25-02-2026,947,6,13,16:10:00,night,4.6,0.9,1,172
W146,26-02-2026,952,4.2,11,17:10:00,morning,4.8,0.93,1,171
W146,27-02-2026,983,3.5,16,18:10:00,night,4.81,0.93,0,155
W146,28-02-2026,1127,5,15,19:10:00,afternoon,4.82,0.94,1,145
W147,08-01-2026,994,7.6,12,20:10:00,night,4.86,0.94,0,169
W147,09-01-2026,1350,4.6,17,21:10:00,night,4.64,0.97,1,158
W147,12-01-2026,1015,6.7,13,22:10:00,afternoon,4.86,0.91,1,124
W147,13-01-2026,1130,3.1,14,23:10:00,night,4.96,0.93,0,160
W147,14-01-2026,718,7,11,00:10:00,morning,4.8,0.93,0,136
W147,15-01-2026,1051,3.4,15,01:10:00,afternoon,4.65,0.97,1,103
W147,16-01-2026,1242,6.2,15,02:10:00,evening,4.6,0.94,0,146
W147,18-01-2026,1077,8,16,03:10:00,morning,4.75,0.97,0,130
W147,19-01-2026,880,4.9,11,04:10:00,morning,4.91,0.92,1,158
W147,20-01-2026,1127,3.2,14,05:10:00,morning,4.71,0.93,1,152
W147,21-01-2026,1309,3.7,17,06:10:00,morning,4.73,0.94,0,156
W147,23-01-2026,885,4.5,12,07:10:00,night,4.69,0.96,1,134
W147,24-01-2026,883,6.6,14,08:10:00,evening,4.91,0.98,0,122
W147,25-01-2026,1045,5.4,15,09:10:00,night,4.76,0.97,1,108
W147,26-01-2026,907,3.5,11,10:10:00,night,4.97,0.95,0,159
W147,27-01-2026,1160,5.7,15,11:10:00,night,4.73,0.92,1,112
W147,28-01-2026,1056,4.4,13,12:10:00,afternoon,4.87,0.97,0,101
W147,29-01-2026,940,4.4,14,13:10:00,evening,4.66,0.9,0,176
W147,30-01-2026,1130,5,18,14:10:00,evening,5,0.93,0,114
W147,01-02-2026,1237,3.8,16,15:10:00,afternoon,4.7,0.94,0,173
W147,03-02-2026,1038,7.8,13,16:10:00,afternoon,4.94,0.9,0,128
W147,04-02-2026,1185,4.6,15,17:10:00,afternoon,4.74,0.91,1,169
W147,05-02-2026,1239,6.6,16,18:10:00,morning,4.82,0.95,1,120
W147,07-02-2026,1267,5.9,20,19:10:00,night,4.64,0.92,0,142
W147,08-02-2026,1165,5,18,20:10:00,evening,4.86,0.91,1,146
W147,09-02-2026,1131,3.6,17,21:10:00,afternoon,4.66,0.97,1,143
W147,10-02-2026,1140,7,17,22:10:00,evening,4.78,0.9,0,156
W147,11-02-2026,1054,4.8,13,23:10:00,morning,4.96,0.92,1,163
W147,12-02-2026,1159,6.8,18,00:10:00,night,4.63,0.97,0,100
W147,13-02-2026,1265,6.4,20,01:10:00,afternoon,4.9,0.94,1,150
W147,14-02-2026,1213,7.2,15,02:10:00,evening,4.96,0.93,1,167
W147,15-02-2026,1180,4,15,03:10:00,afternoon,4.73,0.91,0,172
W147,16-02-2026,1334,5.2,17,04:10:00,evening,4.92,0.95,0,125
W147,17-02-2026,984,7.1,15,05:10:00,night,4.6,0.91,1,125
W147,18-02-2026,1015,4.3,14,06:10:00,afternoon,4.9,0.96,0,159
W147,19-02-2026,1148,5,16,07:10:00,morning,4.87,0.93,0,140
W147,20-02-2026,846,5.3,12,08:10:00,morning,4.89,0.93,1,160
W147,21-02-2026,1112,4,14,09:10:00,morning,4.98,0.95,1,166
W147,23-02-2026,1131,6.8,17,10:10:00,night,4.96,0.98,0,151
W147,25-02-2026,780,3.4,12,11:10:00,night,4.96,0.92,0,121
W147,26-02-2026,1186,6.6,15,12:10:00,night,4.89,0.95,0,112
W147,27-02-2026,930,6.7,12,13:10:00,night,4.88,0.93,0,118
W147,28-02-2026,1019,4.6,16,14:10:00,night,4.94,0.96,0,140
W148,11-01-2026,1106,6.7,16,15:10:00,night,4.85,0.94,0,156
W148,12-01-2026,1005,7.6,16,16:10:00,evening,4.85,0.91,1,144
W148,13-01-2026,663,3.3,9,17:10:00,evening,4.65,0.95,0,147
W148,14-01-2026,893,6.5,14,18:10:00,night,4.89,0.91,0,162
W148,15-01-2026,983,6.4,14,19:10:00,morning,4.63,0.92,1,144
W148,16-01-2026,1081,3.9,13,20:10:00,afternoon,4.7,0.95,0,103
W148,17-01-2026,1366,4.1,21,21:10:00,night,4.73,0.92,0,147
W148,18-01-2026,1108,4.6,15,22:10:00,afternoon,4.84,0.97,1,119
W148,19-01-2026,1068,5.3,16,23:10:00,morning,4.73,0.95,1,153
W148,20-01-2026,1104,4.8,15,00:10:00,night,4.68,0.95,1,156
W148,21-01-2026,1080,4.9,15,01:10:00,night,4.7,0.94,1,156
W148,22-01-2026,1101,6.3,16,02:10:00,afternoon,4.62,0.98,0,152
W148,25-01-2026,1134,7.8,18,03:10:00,afternoon,4.76,0.92,0,102
W148,27-01-2026,1383,3.2,17,04:10:00,afternoon,4.93,0.94,0,168
W148,28-01-2026,1330,4.8,17,05:10:00,afternoon,4.77,0.9,1,130
W148,30-01-2026,1076,6.3,15,06:10:00,evening,4.83,0.91,0,134
W148,01-02-2026,944,5.3,14,07:10:00,afternoon,4.97,0.91,1,134
W148,02-02-2026,1353,7.8,17,08:10:00,afternoon,4.89,0.94,0,165
W148,04-02-2026,1322,5.8,19,09:10:00,afternoon,4.96,0.92,0,131
W148,05-02-2026,1144,5.9,18,10:10:00,night,4.9,0.95,1,154
W148,06-02-2026,938,4.2,14,11:10:00,afternoon,4.84,0.93,0,138
W148,08-02-2026,1013,5.6,14,12:10:00,night,4.83,0.92,1,178
W148,09-02-2026,1235,6,17,13:10:00,night,4.94,0.91,1,139
W148,10-02-2026,1073,6,13,14:10:00,night,4.7,0.97,0,137
W148,11-02-2026,1087,7.6,14,15:10:00,evening,4.8,0.91,0,120
W148,12-02-2026,1056,5.5,14,16:10:00,afternoon,4.73,0.96,0,175
W148,13-02-2026,912,5.9,11,17:10:00,night,4.92,0.91,1,172
W148,14-02-2026,927,3.6,11,18:10:00,night,4.62,0.96,1,178
W148,15-02-2026,825,6.3,10,19:10:00,night,4.96,0.9,0,133
W148,16-02-2026,976,6.4,14,20:10:00,night,4.93,0.91,1,111
W148,17-02-2026,1049,5.3,16,21:10:00,morning,4.87,0.94,0,154
W148,18-02-2026,1085,7.5,16,22:10:00,morning,4.97,0.93,0,111
W148,19-02-2026,1166,5.8,15,23:10:00,morning,4.74,0.93,1,147
W148,20-02-2026,1013,6.2,12,00:10:00,afternoon,4.76,0.94,0,105
W148,21-02-2026,1259,5.9,18,01:10:00,afternoon,4.98,0.94,0,172
W148,22-02-2026,1312,4.9,18,02:10:00,morning,4.66,0.98,0,132
W148,23-02-2026,1091,6.2,17,03:10:00,afternoon,4.99,0.97,1,128
W148,24-02-2026,1200,7.6,18,04:10:00,night,4.8,0.95,0,148
W148,26-02-2026,1271,6.5,19,05:10:00,night,4.64,0.91,0,150
W148,27-02-2026,1089,7.5,14,06:10:00,night,4.65,0.93,0,113
W148,28-02-2026,1134,4.3,15,07:10:00,night,4.97,0.96,0,168
W148,01-03-2026,1239,6.4,15,08:10:00,afternoon,4.65,0.93,1,137
W149,08-01-2026,606,7.6,9,09:10:00,morning,4.4,0.86,1,242
W149,09-01-2026,1142,4.4,15,10:10:00,afternoon,4.45,0.84,1,229
W149,12-01-2026,973,5.2,15,11:10:00,morning,4.6,0.81,2,194
W149,13-01-2026,1061,7.3,17,12:10:00,afternoon,4.56,0.82,2,220
W149,15-01-2026,648,5.2,8,13:10:00,afternoon,4.65,0.82,2,207
W149,16-01-2026,752,3.2,8,14:10:00,afternoon,4.36,0.89,2,232
W149,18-01-2026,812,6.3,11,15:10:00,evening,4.49,0.86,2,217
W149,19-01-2026,1372,4.4,19,16:10:00,night,4.42,0.89,2,235
W149,20-01-2026,792,6.2,13,17:10:00,night,4.63,0.83,1,254
W149,21-01-2026,1022,6.9,16,18:10:00,morning,4.41,0.9,1,247
W149,22-01-2026,774,6.3,9,19:10:00,night,4.62,0.85,1,237
W149,24-01-2026,692,5.4,10,20:10:00,afternoon,4.47,0.88,2,259
W149,25-01-2026,865,4.8,12,21:10:00,night,4.37,0.86,2,216
W149,26-01-2026,874,3.2,11,22:10:00,night,4.46,0.83,1,196
W149,27-01-2026,896,3.3,11,23:10:00,morning,4.64,0.85,2,209
W149,29-01-2026,1310,7.7,17,00:10:00,morning,4.46,0.86,1,230
W149,30-01-2026,843,4.6,12,01:10:00,night,4.62,0.88,1,223
W149,31-01-2026,962,4.2,12,02:10:00,night,4.54,0.88,2,209
W149,02-02-2026,1153,4.7,16,03:10:00,evening,4.63,0.81,2,192
W149,03-02-2026,636,4,8,04:10:00,evening,4.43,0.83,2,260
W149,04-02-2026,886,4.6,12,05:10:00,evening,4.36,0.86,1,284
W149,05-02-2026,769,5.5,8,06:10:00,night,4.34,0.87,1,237
W149,06-02-2026,735,4.9,10,07:10:00,night,4.62,0.86,2,186
W149,07-02-2026,813,4.8,9,08:10:00,night,4.36,0.84,1,208
W149,08-02-2026,763,3.7,10,09:10:00,morning,4.34,0.86,1,183
W149,09-02-2026,1028,6.1,16,10:10:00,afternoon,4.35,0.9,1,291
W149,10-02-2026,690,7.1,11,11:10:00,morning,4.59,0.83,1,199
W149,12-02-2026,1264,5.8,17,12:10:00,evening,4.32,0.87,1,285
W149,13-02-2026,676,8,9,13:10:00,morning,4.67,0.84,2,297
W149,16-02-2026,605,5.9,7,14:10:00,morning,4.41,0.8,2,246
W149,17-02-2026,456,4,5,15:10:00,morning,4.65,0.87,2,252
W149,18-02-2026,661,3,10,16:10:00,evening,4.48,0.86,1,273
W149,19-02-2026,880,4.7,11,17:10:00,afternoon,4.7,0.85,2,181
W149,20-02-2026,1115,6.4,14,18:10:00,evening,4.62,0.83,2,247
W149,21-02-2026,557,4.7,9,19:10:00,afternoon,4.38,0.85,2,278
W149,22-02-2026,918,4.3,14,20:10:00,afternoon,4.47,0.82,1,204
W149,24-02-2026,849,5.9,14,21:10:00,night,4.3,0.83,1,211
W149,25-02-2026,1216,7.2,17,22:10:00,afternoon,4.45,0.83,2,215
W149,26-02-2026,1407,5.9,21,23:10:00,evening,4.33,0.81,1,262
W149,28-02-2026,582,3.9,6,00:10:00,afternoon,4.52,0.84,1,239
W149,01-03-2026,222,6.2,5,01:10:00,evening,4.7,0.85,1,266
W150,11-01-2026,431,6.5,6,02:10:00,morning,4.19,0.77,3,381
W150,12-01-2026,483,3.5,5,03:10:00,night,4.14,0.84,3,410
W150,15-01-2026,771,3.6,9,04:10:00,afternoon,4.24,0.74,2,398
W150,16-01-2026,581,5.9,9,05:10:00,morning,4.35,0.75,3,310
W150,18-01-2026,1327,6.2,20,06:10:00,night,4.1,0.79,4,430
W150,19-01-2026,1079,3.8,17,07:10:00,morning,4.1,0.76,3,395
W150,21-01-2026,570,5.3,6,08:10:00,night,4.36,0.71,3,446
W150,22-01-2026,681,7,8,09:10:00,afternoon,4.2,0.71,2,419
W150,23-01-2026,614,3.4,7,10:10:00,morning,4.35,0.77,4,369
W150,24-01-2026,514,4.2,8,11:10:00,night,4.34,0.82,2,335
W150,25-01-2026,414,5.6,6,12:10:00,night,4.47,0.74,3,399
W150,26-01-2026,1191,6.1,19,13:10:00,evening,4.24,0.83,4,388
W150,27-01-2026,200,7.5,5,14:10:00,night,4.37,0.81,3,417
W150,29-01-2026,1296,4.2,20,15:10:00,night,4.3,0.77,2,416
W150,30-01-2026,606,7.9,10,16:10:00,night,4.21,0.83,2,409
W150,02-02-2026,890,5.1,14,17:10:00,night,4.14,0.79,4,338
W150,03-02-2026,262,4.6,5,18:10:00,evening,4.04,0.74,4,426
W150,04-02-2026,623,7.5,6,19:10:00,night,4.47,0.8,2,310
W150,05-02-2026,421,5.4,5,20:10:00,morning,4.49,0.75,2,362
W150,07-02-2026,271,5.9,5,21:10:00,afternoon,4.05,0.73,2,317
W150,08-02-2026,449,3.5,5,22:10:00,evening,4.18,0.8,2,389
W150,10-02-2026,438,7,7,23:10:00,night,4.14,0.79,4,407
W150,11-02-2026,200,6.9,5,00:10:00,afternoon,4.13,0.77,2,375
W150,12-02-2026,200,7.8,5,01:10:00,night,4.2,0.84,4,352
W150,14-02-2026,1517,3.3,23,02:10:00,afternoon,4.14,0.8,2,420
W150,16-02-2026,1000,3,14,03:10:00,evening,4.29,0.8,2,448
W150,17-02-2026,751,4.5,11,04:10:00,night,4.44,0.78,2,423
W150,18-02-2026,925,5.1,13,05:10:00,night,4.23,0.81,4,401
W150,19-02-2026,975,4.8,15,06:10:00,afternoon,4.02,0.71,3,356
W150,20-02-2026,737,4.5,11,07:10:00,morning,4.21,0.81,3,436
W150,21-02-2026,608,5,6,08:10:00,morning,4.48,0.77,4,362
W150,22-02-2026,594,6.2,6,09:10:00,night,4.12,0.75,3,379
W150,23-02-2026,1062,6.6,16,10:10:00,evening,4.14,0.84,2,341
W150,24-02-2026,1072,5.4,16,11:10:00,afternoon,4.14,0.82,3,312
W150,25-02-2026,200,6.6,5,12:10:00,evening,4.19,0.8,3,374
W150,26-02-2026,633,3.4,7,13:10:00,afternoon,4.22,0.76,2,356
W150,27-02-2026,646,4.8,11,14:10:00,night,4.39,0.83,2,435
W150,28-02-2026,1047,7.1,14,15:10:00,night,4.33,0.84,2,404
W150,01-03-2026,652,3.9,11,16:10:00,morning,4.4,0.7,2,302
W151,02-01-2026,844,3.6,14,17:10:00,afternoon,4.24,0.85,3,430
W151,04-01-2026,1176,5.2,16,18:10:00,morning,4.38,0.78,3,364
W151,05-01-2026,992,3.7,12,19:10:00,night,4.4,0.77,3,363
W151,06-01-2026,1802,5.7,25,20:10:00,night,4.22,0.82,3,353
W151,07-01-2026,609,3.5,10,21:10:00,evening,4.15,0.76,3,350
W151,09-01-2026,1487,5.8,19,22:10:00,evening,4.01,0.79,2,383
W151,10-01-2026,259,7.9,5,23:10:00,morning,4.22,0.74,3,319
W151,11-01-2026,315,5.9,5,00:10:00,night,4.31,0.79,3,414
W151,12-01-2026,1697,4.3,25,01:10:00,morning,4.31,0.74,3,327
W151,13-01-2026,530,5.7,9,02:10:00,night,4.06,0.74,3,411
W151,15-01-2026,200,3.2,5,03:10:00,afternoon,4.38,0.74,3,431
W151,17-01-2026,802,7.8,11,04:10:00,morning,4.31,0.75,3,377
W151,18-01-2026,778,4.4,9,05:10:00,morning,4.13,0.76,4,342
W151,19-01-2026,1069,3.3,16,06:10:00,evening,4,0.76,4,307
W151,22-01-2026,1114,5.5,14,07:10:00,afternoon,4.29,0.73,2,430
W151,23-01-2026,200,4.1,5,08:10:00,morning,4.31,0.82,4,407
W151,24-01-2026,783,3.7,13,09:10:00,afternoon,4.4,0.84,4,367
W151,25-01-2026,1236,5.2,15,10:10:00,morning,4.42,0.84,2,409
W151,26-01-2026,831,7.1,10,11:10:00,morning,4.24,0.8,2,349
W151,27-01-2026,710,5.5,10,12:10:00,evening,4.49,0.71,4,345
W151,28-01-2026,799,7.1,9,13:10:00,morning,4.44,0.83,4,409
W151,29-01-2026,712,5.7,9,14:10:00,evening,4.25,0.82,3,370
W151,30-01-2026,705,7.5,11,15:10:00,night,4.43,0.73,3,330
W151,31-01-2026,998,3.4,12,16:10:00,evening,4.29,0.8,4,345
W151,02-02-2026,568,7.1,7,17:10:00,afternoon,4.47,0.74,2,413
W151,03-02-2026,499,3.9,9,18:10:00,night,4.34,0.82,2,415
W151,04-02-2026,687,6.3,10,19:10:00,night,4.1,0.72,3,337
W151,05-02-2026,1351,5.9,19,20:10:00,night,4.3,0.77,2,399
W151,07-02-2026,403,4.4,5,21:10:00,afternoon,4.13,0.83,4,412
W151,08-02-2026,679,4.2,10,22:10:00,night,4.47,0.82,3,383
W151,09-02-2026,747,7.3,8,23:10:00,afternoon,4.24,0.78,3,337
W151,10-02-2026,902,6.6,12,00:10:00,night,4.36,0.84,4,310
W151,11-02-2026,293,4.4,5,01:10:00,night,4.12,0.8,4,310
W151,12-02-2026,356,3.4,5,02:10:00,afternoon,4.14,0.77,3,349
W151,13-02-2026,305,4.9,6,03:10:00,afternoon,4.34,0.73,3,383
W151,14-02-2026,200,4.3,5,04:10:00,evening,4.04,0.74,3,322
W151,15-02-2026,499,3.8,7,05:10:00,night,4.27,0.85,3,374
W151,16-02-2026,1719,4.7,26,06:10:00,afternoon,4.03,0.73,2,321
W151,17-02-2026,738,3.7,10,07:10:00,morning,4.47,0.73,3,361
W151,18-02-2026,374,5.3,5,08:10:00,morning,4.2,0.82,3,377
W151,19-02-2026,1201,3.6,15,09:10:00,night,4.01,0.77,3,418
W151,20-02-2026,702,4.3,12,10:10:00,evening,4.13,0.83,2,374
W151,21-02-2026,775,4.1,11,11:10:00,afternoon,4.12,0.83,2,309
W151,25-02-2026,458,3.2,5,12:10:00,afternoon,4.06,0.79,2,442
W151,26-02-2026,691,5.8,7,13:10:00,afternoon,4.41,0.84,4,412
W151,27-02-2026,355,7.3,5,14:10:00,night,4.49,0.74,3,305
W151,28-02-2026,310,5.9,5,15:10:00,night,4.39,0.8,3,447
W151,01-03-2026,200,7.6,5,16:10:00,night,4.44,0.74,4,398
W152,07-01-2026,1316,6.9,19,17:10:00,evening,4.72,0.91,1,122
W152,08-01-2026,991,6.7,14,18:10:00,night,4.78,0.94,0,132
W152,09-01-2026,1037,3.7,13,19:10:00,evening,4.92,0.92,1,105
W152,10-01-2026,1264,4.5,16,20:10:00,night,4.65,0.96,0,106
W152,11-01-2026,971,7.7,11,21:10:00,evening,4.7,0.97,0,165
W152,12-01-2026,1197,6.4,16,22:10:00,morning,4.8,0.97,1,121
W152,13-01-2026,1172,3.1,14,23:10:00,afternoon,4.76,0.92,0,162
W152,15-01-2026,968,3.8,11,00:10:00,morning,4.85,0.97,1,168
W152,16-01-2026,1463,3.7,19,01:10:00,evening,4.9,0.91,0,109
W152,17-01-2026,1008,7.3,12,02:10:00,night,4.92,0.94,0,165
W152,18-01-2026,976,6.3,11,03:10:00,afternoon,4.67,0.96,0,133
W152,19-01-2026,1084,6.7,17,04:10:00,night,4.76,0.91,1,174
W152,20-01-2026,1300,4.8,18,05:10:00,afternoon,4.84,0.91,1,168
W152,21-01-2026,786,5.5,12,06:10:00,night,4.61,0.94,1,148
W152,24-01-2026,997,7.4,16,07:10:00,afternoon,4.86,0.97,0,134
W152,25-01-2026,945,7.6,12,08:10:00,night,4.8,0.98,1,173
W152,27-01-2026,1107,5.9,16,09:10:00,morning,4.77,0.97,1,152
W152,28-01-2026,1377,4.9,18,10:10:00,morning,4.8,0.94,0,117
W152,29-01-2026,1132,6.4,16,11:10:00,evening,4.92,0.97,1,171
W152,30-01-2026,1348,5.2,21,12:10:00,evening,4.85,0.95,0,112
W152,01-02-2026,1211,7.3,19,13:10:00,evening,4.67,0.91,0,144
W152,02-02-2026,1011,3.4,14,14:10:00,night,4.68,0.95,1,174
W152,03-02-2026,1062,4.9,17,15:10:00,night,4.65,0.94,0,158
W152,04-02-2026,983,6.7,12,16:10:00,night,4.79,0.97,1,177
W152,05-02-2026,1046,7.8,13,17:10:00,evening,4.8,0.93,0,143
W152,09-02-2026,1100,4.2,14,18:10:00,morning,4.66,0.96,0,147
W152,10-02-2026,996,5.4,16,19:10:00,night,4.76,0.92,0,129
W152,12-02-2026,937,3.4,14,20:10:00,afternoon,4.67,0.94,1,167
W152,13-02-2026,793,3.3,11,21:10:00,morning,4.63,0.95,1,140
W152,14-02-2026,1010,7.7,16,22:10:00,afternoon,4.73,0.97,1,176
W152,15-02-2026,1239,3.9,18,23:10:00,afternoon,4.87,0.95,1,172
W152,16-02-2026,918,3.7,12,00:10:00,afternoon,4.74,0.96,1,133
W152,17-02-2026,908,5.8,10,01:10:00,afternoon,4.95,0.91,0,124
W152,18-02-2026,1180,7.6,15,02:10:00,night,4.89,0.98,0,154
W152,19-02-2026,1212,5,16,03:10:00,night,4.75,0.95,1,128
W152,20-02-2026,1377,5.2,20,04:10:00,afternoon,4.98,0.94,0,109
W152,21-02-2026,1232,6.2,16,05:10:00,afternoon,4.62,0.97,0,127
W152,22-02-2026,892,5.3,10,06:10:00,afternoon,4.62,0.95,0,133
W152,23-02-2026,1096,4.9,15,07:10:00,night,4.6,0.94,0,148
W152,24-02-2026,1013,7.2,15,08:10:00,night,4.68,0.93,1,156
W152,25-02-2026,1045,3.3,14,09:10:00,evening,4.66,0.94,1,135
W152,26-02-2026,1006,4.9,13,10:10:00,evening,4.67,0.91,0,134
W152,28-02-2026,780,6.9,11,11:10:00,morning,4.83,0.96,1,102
W152,01-03-2026,1361,6.8,19,12:10:00,morning,4.79,0.96,1,178
W153,08-01-2026,799,4.8,9,13:10:00,night,4.53,0.86,2,276
W153,11-01-2026,474,4,6,14:10:00,morning,4.42,0.87,2,277
W153,13-01-2026,889,7,12,15:10:00,morning,4.38,0.86,1,289
W153,14-01-2026,1178,5.4,15,16:10:00,afternoon,4.46,0.87,2,276
W153,16-01-2026,630,5.3,8,17:10:00,night,4.51,0.85,1,297
W153,17-01-2026,704,3,11,18:10:00,night,4.56,0.84,2,197
W153,18-01-2026,877,5.6,13,19:10:00,evening,4.67,0.81,2,254
W153,20-01-2026,861,7.8,12,20:10:00,night,4.43,0.9,2,269
W153,22-01-2026,905,7.9,12,21:10:00,night,4.54,0.81,1,237
W153,23-01-2026,1410,7.1,18,22:10:00,morning,4.34,0.86,2,197
W153,24-01-2026,877,6.2,13,23:10:00,morning,4.49,0.87,2,204
W153,25-01-2026,838,5,13,00:10:00,afternoon,4.43,0.85,1,188
W153,26-01-2026,974,7.5,15,01:10:00,night,4.54,0.82,2,193
W153,27-01-2026,690,5.1,7,02:10:00,morning,4.62,0.85,1,286
W153,28-01-2026,929,5.3,12,03:10:00,night,4.4,0.85,2,238
W153,29-01-2026,1062,3.9,13,04:10:00,morning,4.44,0.86,1,289
W153,30-01-2026,825,4,12,05:10:00,morning,4.31,0.83,1,245
W153,31-01-2026,979,7.9,13,06:10:00,evening,4.63,0.82,1,196
W153,02-02-2026,683,7.2,7,07:10:00,night,4.61,0.8,2,186
W153,03-02-2026,1225,3,18,08:10:00,night,4.43,0.89,2,204
W153,05-02-2026,1219,5.2,17,09:10:00,night,4.45,0.84,2,193
W153,06-02-2026,987,6.4,12,10:10:00,evening,4.65,0.85,2,262
W153,07-02-2026,581,4.4,6,11:10:00,evening,4.64,0.88,1,210
W153,08-02-2026,994,7.1,16,12:10:00,evening,4.64,0.84,1,199
W153,09-02-2026,963,6.4,15,13:10:00,morning,4.66,0.83,1,190
W153,10-02-2026,1019,3,14,14:10:00,night,4.55,0.84,2,288
W153,11-02-2026,846,4.9,14,15:10:00,morning,4.64,0.84,1,209
W153,12-02-2026,911,4.4,11,16:10:00,afternoon,4.63,0.83,2,269
W153,13-02-2026,544,4.7,5,17:10:00,morning,4.58,0.8,1,219
W153,14-02-2026,1411,6,20,18:10:00,evening,4.57,0.89,1,214
W153,15-02-2026,1056,6,17,19:10:00,evening,4.45,0.85,2,224
W153,16-02-2026,832,7.2,11,20:10:00,morning,4.57,0.86,1,245
W153,17-02-2026,819,6.7,13,21:10:00,evening,4.37,0.9,1,256
W153,18-02-2026,1220,4.2,18,22:10:00,night,4.65,0.89,1,264
W153,20-02-2026,606,5,9,23:10:00,evening,4.46,0.87,1,204
W153,21-02-2026,566,7.3,6,00:10:00,afternoon,4.62,0.87,2,255
W153,22-02-2026,704,4.6,12,01:10:00,afternoon,4.66,0.88,2,190
W153,23-02-2026,1112,5.8,13,02:10:00,morning,4.58,0.84,2,217
W153,24-02-2026,900,8,10,03:10:00,evening,4.63,0.9,2,293
W153,26-02-2026,823,4.6,11,04:10:00,night,4.53,0.84,1,242
W153,27-02-2026,741,6.3,9,05:10:00,morning,4.3,0.87,2,189
W153,28-02-2026,865,4,13,06:10:00,morning,4.36,0.81,2,235
W153,01-03-2026,887,4.7,11,07:10:00,night,4.64,0.86,1,233
W154,08-01-2026,1101,3.1,16,08:10:00,evening,4.84,0.93,0,160
W154,09-01-2026,1481,5.8,19,09:10:00,afternoon,4.78,0.92,1,167
W154,10-01-2026,1150,5.2,15,10:10:00,morning,4.8,0.97,1,160
W154,11-01-2026,1108,7.4,16,11:10:00,night,4.68,0.96,1,146
W154,12-01-2026,1108,4.1,17,12:10:00,morning,4.72,0.95,0,176
W154,13-01-2026,1216,6.1,15,13:10:00,morning,4.94,0.93,1,116
W154,14-01-2026,1136,4.3,17,14:10:00,evening,4.95,0.94,0,133
W154,15-01-2026,1082,6.4,16,15:10:00,morning,4.67,0.97,1,153
W154,17-01-2026,893,6,14,16:10:00,morning,4.98,0.93,0,144
W154,19-01-2026,1241,5.4,19,17:10:00,evening,4.99,0.94,1,132
W154,20-01-2026,1100,5.2,17,18:10:00,afternoon,4.9,0.97,1,119
W154,21-01-2026,1178,3.1,17,19:10:00,morning,4.91,0.94,0,148
W154,23-01-2026,1358,3.3,17,20:10:00,night,4.93,0.92,1,126
W154,24-01-2026,941,6.5,15,21:10:00,night,4.87,0.9,0,149
W154,26-01-2026,1171,5,16,22:10:00,night,4.95,0.94,1,121
W154,28-01-2026,1115,7.1,17,23:10:00,night,4.76,0.96,0,147
W154,29-01-2026,1113,6.5,16,00:10:00,evening,4.88,0.94,1,102
W154,30-01-2026,1222,3.7,15,01:10:00,morning,4.63,0.94,0,167
W154,31-01-2026,1305,6.2,16,02:10:00,evening,4.89,0.95,0,110
W154,01-02-2026,1138,6.5,17,03:10:00,night,4.69,0.93,1,151
W154,02-02-2026,1150,5.6,15,04:10:00,afternoon,4.91,0.96,0,173
W154,03-02-2026,876,5,14,05:10:00,night,4.81,0.96,1,128
W154,04-02-2026,861,6.9,13,06:10:00,afternoon,4.66,0.95,0,133
W154,05-02-2026,1117,5.7,17,07:10:00,night,4.68,0.94,0,159
W154,06-02-2026,920,5.6,15,08:10:00,morning,4.99,0.92,1,168
W154,07-02-2026,1255,3.1,19,09:10:00,afternoon,4.86,0.97,1,149
W154,08-02-2026,966,6.2,13,10:10:00,morning,4.87,0.96,1,141
W154,10-02-2026,1105,6.4,13,11:10:00,afternoon,4.97,0.97,0,167
W154,11-02-2026,872,6.3,10,12:10:00,night,4.72,0.97,1,161
W154,13-02-2026,1272,5.7,17,13:10:00,morning,4.87,0.96,1,173
W154,14-02-2026,1090,7.8,15,14:10:00,afternoon,4.78,0.98,0,107
W154,15-02-2026,1175,3.9,18,15:10:00,night,4.91,0.94,0,143
W154,16-02-2026,1185,7.8,18,16:10:00,morning,4.71,0.91,1,128
W154,17-02-2026,1007,4.4,13,17:10:00,afternoon,4.74,0.92,1,112
W154,18-02-2026,905,7.9,14,18:10:00,afternoon,4.91,0.9,0,111
W154,19-02-2026,957,7.5,15,19:10:00,evening,4.63,0.96,0,142
W154,20-02-2026,938,7.8,11,20:10:00,morning,4.72,0.97,1,129
W154,21-02-2026,1017,6.6,15,21:10:00,evening,4.74,0.95,0,169
W154,22-02-2026,1291,6.8,19,22:10:00,morning,4.91,0.95,1,146
W154,23-02-2026,1206,4.1,19,23:10:00,morning,4.73,0.91,0,145
W154,24-02-2026,1334,7.6,18,00:10:00,morning,4.85,0.91,1,102
W154,25-02-2026,769,3.2,11,01:10:00,morning,4.88,0.9,0,171
W154,26-02-2026,1000,3.1,15,02:10:00,morning,4.67,0.93,1,155
W154,27-02-2026,1026,3.3,15,03:10:00,evening,4.84,0.95,0,161
W154,28-02-2026,1169,7,14,04:10:00,evening,4.65,0.95,0,132
W155,02-01-2026,833,7.2,13,05:10:00,evening,4.43,0.84,3,417
W155,04-01-2026,1012,3.9,13,06:10:00,night,4.07,0.82,4,378
W155,05-01-2026,224,3.9,5,07:10:00,morning,4.01,0.81,3,352
W155,07-01-2026,823,7.1,13,08:10:00,afternoon,4.26,0.77,2,318
W155,11-01-2026,1404,3.5,20,09:10:00,night,4.42,0.74,4,383
W155,12-01-2026,536,7.4,5,10:10:00,afternoon,4.03,0.74,3,330
W155,13-01-2026,763,4.7,8,11:10:00,evening,4.33,0.8,4,331
W155,14-01-2026,562,5.5,7,12:10:00,night,4.32,0.74,4,355
W155,16-01-2026,775,6.4,12,13:10:00,evening,4.42,0.81,2,414
W155,17-01-2026,920,6.4,14,14:10:00,afternoon,4.18,0.79,2,312
W155,19-01-2026,1195,5.6,15,15:10:00,morning,4.07,0.72,2,411
W155,20-01-2026,1055,4.7,15,16:10:00,evening,4.01,0.73,4,407
W155,21-01-2026,200,5.5,5,17:10:00,morning,4.05,0.83,3,388
W155,23-01-2026,942,3.1,14,18:10:00,evening,4.13,0.83,4,426
W155,24-01-2026,322,3.3,5,19:10:00,evening,4.13,0.71,2,383
W155,25-01-2026,1080,3.1,13,20:10:00,night,4.11,0.75,4,340
W155,27-01-2026,885,3.2,13,21:10:00,night,4.1,0.81,2,440
W155,29-01-2026,1363,3.2,18,22:10:00,night,4.13,0.75,4,319
W155,30-01-2026,944,4.2,13,23:10:00,afternoon,4.28,0.71,3,325
W155,31-01-2026,625,6.7,6,00:10:00,morning,4.31,0.7,4,302
W155,01-02-2026,1015,5,14,01:10:00,night,4.33,0.79,4,329
W155,02-02-2026,1275,4.2,16,02:10:00,night,4.49,0.71,3,306
W155,03-02-2026,399,6.8,6,03:10:00,afternoon,4.34,0.83,2,313
W155,05-02-2026,200,5.5,5,04:10:00,morning,4.16,0.78,4,424
W155,06-02-2026,573,7.8,10,05:10:00,morning,4.22,0.76,4,359
W155,07-02-2026,616,4.6,7,06:10:00,afternoon,4.28,0.71,2,308
W155,08-02-2026,573,4.9,9,07:10:00,night,4.46,0.74,2,377
W155,09-02-2026,1581,6.2,20,08:10:00,night,4.06,0.8,2,407
W155,10-02-2026,551,7.4,6,09:10:00,night,4.36,0.83,4,356
W155,11-02-2026,808,6.9,11,10:10:00,night,4.19,0.78,2,416
W155,12-02-2026,1120,5.2,15,11:10:00,night,4.31,0.85,2,306
W155,13-02-2026,1026,6.7,13,12:10:00,morning,4.08,0.71,3,414
W155,14-02-2026,682,5.8,10,13:10:00,afternoon,4.32,0.74,2,343
W155,15-02-2026,1171,3.7,16,14:10:00,night,4.06,0.72,3,426
W155,17-02-2026,359,6.8,6,15:10:00,night,4.2,0.78,4,389
W155,18-02-2026,995,7.9,16,16:10:00,afternoon,4.4,0.74,4,404
W155,19-02-2026,447,7.7,8,17:10:00,afternoon,4.16,0.77,4,329
W155,20-02-2026,952,4.9,12,18:10:00,evening,4.13,0.72,3,370
W155,21-02-2026,933,5,12,19:10:00,night,4.07,0.77,3,408
W155,22-02-2026,613,6.3,10,20:10:00,morning,4.47,0.72,3,406
W155,23-02-2026,200,5.5,5,21:10:00,night,4.44,0.85,3,311
W155,24-02-2026,1113,4.3,14,22:10:00,afternoon,4.05,0.79,4,308
W155,26-02-2026,548,3.1,7,23:10:00,night,4.42,0.78,3,315
W155,27-02-2026,1299,6.2,18,00:10:00,evening,4.15,0.77,3,305
W155,28-02-2026,875,4.9,10,01:10:00,night,4.37,0.73,4,395
W155,01-03-2026,200,4.1,5,02:10:00,afternoon,4.44,0.81,3,413
W156,12-01-2026,748,5.9,10,03:10:00,night,4.42,0.82,3,419
W156,13-01-2026,398,7.8,5,04:10:00,evening,4.09,0.8,4,356
W156,16-01-2026,1022,5.8,15,05:10:00,afternoon,4.43,0.83,4,324
W156,18-01-2026,972,7,13,06:10:00,morning,4.12,0.74,2,447
W156,20-01-2026,1265,4.5,19,07:10:00,night,4.28,0.83,2,410
W156,21-01-2026,763,4.5,12,08:10:00,morning,4.45,0.74,2,313
W156,22-01-2026,755,7.5,10,09:10:00,afternoon,4.03,0.79,4,378
W156,23-01-2026,490,4,5,10:10:00,afternoon,4.21,0.76,3,366
W156,24-01-2026,390,6.1,5,11:10:00,morning,4.24,0.74,4,425
W156,25-01-2026,1169,7,17,12:10:00,evening,4.21,0.84,4,376
W156,26-01-2026,758,7.2,8,13:10:00,morning,4.1,0.84,2,395
W156,27-01-2026,719,4.8,11,14:10:00,afternoon,4,0.82,3,405
W156,29-01-2026,1063,4.6,14,15:10:00,night,4.37,0.8,4,381
W156,30-01-2026,206,7.8,5,16:10:00,afternoon,4.26,0.78,4,361
W156,31-01-2026,979,6.8,15,17:10:00,evening,4.03,0.78,3,374
W156,02-02-2026,519,7.7,8,18:10:00,night,4.26,0.73,2,358
W156,03-02-2026,517,6.6,7,19:10:00,evening,4.45,0.79,4,404
W156,05-02-2026,900,4.4,10,20:10:00,night,4.25,0.84,3,301
W156,06-02-2026,1106,5.1,17,21:10:00,afternoon,4.16,0.82,3,409
W156,07-02-2026,750,5,10,22:10:00,morning,4.45,0.75,3,444
W156,08-02-2026,1255,3.4,15,23:10:00,afternoon,4.26,0.8,4,375
W156,09-02-2026,2076,6.2,28,00:10:00,morning,4.1,0.83,3,404
W156,10-02-2026,1392,4.6,18,01:10:00,night,4.2,0.71,3,360
W156,11-02-2026,553,7.3,9,02:10:00,evening,4.27,0.83,4,383
W156,12-02-2026,200,7.2,5,03:10:00,night,4.2,0.81,4,335
W156,13-02-2026,541,6,7,04:10:00,night,4.29,0.79,3,343
W156,14-02-2026,594,3.6,10,05:10:00,morning,4.1,0.78,4,336
W156,15-02-2026,638,6.9,7,06:10:00,morning,4.44,0.7,3,370
W156,16-02-2026,281,7.3,5,07:10:00,night,4.29,0.77,2,357
W156,17-02-2026,1125,5.7,17,08:10:00,night,4.48,0.79,3,397
W156,18-02-2026,594,3.5,8,09:10:00,evening,4.08,0.76,3,390
W156,19-02-2026,949,4.4,14,10:10:00,night,4.36,0.78,4,343
W156,20-02-2026,806,5.7,11,11:10:00,evening,4.05,0.85,2,420
W156,21-02-2026,809,3.5,11,12:10:00,night,4.05,0.75,2,317
W156,22-02-2026,883,4.3,10,13:10:00,afternoon,4.04,0.82,2,416
W156,23-02-2026,1703,5.2,22,14:10:00,morning,4.34,0.76,2,443
W156,25-02-2026,1941,3.8,29,15:10:00,afternoon,4.06,0.82,3,309
W156,26-02-2026,522,3,8,16:10:00,evening,4.14,0.84,4,434
W156,27-02-2026,1412,3.1,22,17:10:00,night,4.09,0.82,3,443
W156,28-02-2026,648,6.6,7,18:10:00,afternoon,4.24,0.77,2,428
W156,01-03-2026,976,6.3,12,19:10:00,evening,4.43,0.72,4,420
W157,10-01-2026,930,5,14,20:10:00,night,4.64,0.82,2,213
W157,11-01-2026,1295,5.7,18,21:10:00,night,4.64,0.83,2,299
W157,14-01-2026,449,7.6,6,22:10:00,night,4.35,0.86,2,285
W157,17-01-2026,1007,3.6,13,23:10:00,evening,4.65,0.83,2,210
W157,18-01-2026,884,7.1,14,00:10:00,night,4.57,0.81,1,270
W157,20-01-2026,900,7,13,01:10:00,evening,4.57,0.81,1,239
W157,22-01-2026,827,7.6,9,02:10:00,night,4.34,0.81,2,216
W157,24-01-2026,800,4.9,12,03:10:00,night,4.47,0.81,2,235
W157,25-01-2026,1030,7.7,12,04:10:00,night,4.66,0.85,2,278
W157,26-01-2026,637,6.6,9,05:10:00,evening,4.38,0.82,1,212
W157,27-01-2026,800,4.1,11,06:10:00,evening,4.69,0.88,1,284
W157,28-01-2026,869,5.9,13,07:10:00,afternoon,4.43,0.89,1,192
W157,29-01-2026,1160,7.7,14,08:10:00,night,4.42,0.81,1,290
W157,30-01-2026,1411,6,20,09:10:00,afternoon,4.34,0.87,1,254
W157,31-01-2026,733,6.8,9,10:10:00,evening,4.55,0.83,1,231
W157,01-02-2026,1198,5.7,15,11:10:00,afternoon,4.61,0.87,2,238
W157,04-02-2026,1066,6.2,14,12:10:00,afternoon,4.33,0.89,2,278
W157,05-02-2026,749,5.9,9,13:10:00,afternoon,4.34,0.83,2,282
W157,06-02-2026,1064,3,13,14:10:00,morning,4.36,0.85,1,244
W157,07-02-2026,890,5.6,12,15:10:00,morning,4.61,0.82,1,201
W157,10-02-2026,995,6.4,13,16:10:00,night,4.36,0.88,1,260
W157,12-02-2026,1196,6.5,16,17:10:00,evening,4.58,0.84,1,215
W157,13-02-2026,960,6.6,13,18:10:00,afternoon,4.69,0.88,2,252
W157,14-02-2026,821,4.7,9,19:10:00,evening,4.62,0.85,2,239
W157,15-02-2026,993,6.5,15,20:10:00,night,4.53,0.81,1,201
W157,17-02-2026,968,7.7,14,21:10:00,morning,4.43,0.9,2,195
W157,18-02-2026,1340,5.6,17,22:10:00,evening,4.66,0.88,1,226
W157,19-02-2026,643,4.7,8,23:10:00,evening,4.53,0.82,2,227
W157,20-02-2026,790,3.9,12,00:10:00,morning,4.55,0.83,1,234
W157,21-02-2026,1165,5.1,17,01:10:00,afternoon,4.45,0.85,2,190
W157,22-02-2026,515,3.7,8,02:10:00,evening,4.52,0.87,1,293
W157,23-02-2026,971,3.5,12,03:10:00,afternoon,4.6,0.82,2,198
W157,24-02-2026,685,5.1,8,04:10:00,evening,4.33,0.87,2,290
W157,25-02-2026,900,3.9,11,05:10:00,morning,4.48,0.83,2,259
W157,26-02-2026,1229,6.9,16,06:10:00,morning,4.43,0.84,2,235
W157,27-02-2026,1066,7.3,16,07:10:00,night,4.38,0.89,2,273
W157,28-02-2026,1194,6.9,18,08:10:00,afternoon,4.43,0.88,2,272
W158,08-01-2026,1146,6,15,09:10:00,evening,4.06,0.74,2,396
W158,09-01-2026,1552,4,23,10:10:00,afternoon,4.48,0.83,3,362
W158,10-01-2026,1414,5.6,18,11:10:00,morning,4.17,0.81,3,343
W158,12-01-2026,1500,7.1,19,12:10:00,afternoon,4.06,0.79,2,334
W158,13-01-2026,1099,7.7,16,13:10:00,night,4.47,0.83,4,312
W158,14-01-2026,776,3.7,13,14:10:00,night,4.3,0.77,3,431
W158,15-01-2026,200,3.6,5,15:10:00,night,4.49,0.84,3,415
W158,16-01-2026,1229,6.8,17,16:10:00,evening,4.18,0.8,2,376
W158,17-01-2026,987,6.4,12,17:10:00,night,4,0.72,4,300
W158,19-01-2026,1056,6.8,15,18:10:00,night,4.39,0.71,3,428
W158,20-01-2026,1216,5.3,16,19:10:00,morning,4.1,0.83,2,444
W158,21-01-2026,1647,3.2,23,20:10:00,morning,4.38,0.81,2,410
W158,23-01-2026,200,5.1,5,21:10:00,evening,4.34,0.8,3,319
W158,24-01-2026,891,4.6,12,22:10:00,night,4.14,0.77,3,387
W158,25-01-2026,1582,3.9,21,23:10:00,morning,4.35,0.72,4,319
W158,26-01-2026,403,6.9,5,00:10:00,night,4.23,0.84,3,303
W158,27-01-2026,1284,4.2,16,01:10:00,night,4.41,0.7,4,332
W158,29-01-2026,594,5.7,9,02:10:00,night,4.27,0.73,3,439
W158,30-01-2026,492,3.9,8,03:10:00,night,4.33,0.77,4,306
W158,01-02-2026,810,3.3,12,04:10:00,afternoon,4.14,0.71,3,400
W158,03-02-2026,1020,3.3,12,05:10:00,night,4.31,0.74,2,373
W158,05-02-2026,790,4.7,10,06:10:00,afternoon,4.24,0.82,4,369
W158,07-02-2026,751,3.2,11,07:10:00,morning,4.14,0.81,4,407
W158,08-02-2026,800,3.4,12,08:10:00,afternoon,4.2,0.73,3,389
W158,09-02-2026,534,5.8,5,09:10:00,morning,4,0.7,2,416
W158,10-02-2026,1546,4.3,24,10:10:00,afternoon,4.02,0.79,2,340
W158,11-02-2026,928,3.6,11,11:10:00,evening,4.17,0.85,4,400
W158,12-02-2026,280,5.2,5,12:10:00,evening,4.13,0.79,3,354
W158,13-02-2026,870,8,14,13:10:00,evening,4.1,0.74,2,394
W158,14-02-2026,680,7,9,14:10:00,night,4.1,0.73,2,402
W158,15-02-2026,321,7.1,5,15:10:00,evening,4.28,0.83,4,413
W158,16-02-2026,1269,3.1,16,16:10:00,afternoon,4.04,0.78,4,300
W158,17-02-2026,1507,5.3,20,17:10:00,evening,4.03,0.82,4,328
W158,18-02-2026,1319,3,17,18:10:00,evening,4.39,0.74,4,300
W158,19-02-2026,200,8,5,19:10:00,night,4.07,0.79,3,331
W158,20-02-2026,1165,3.2,15,20:10:00,afternoon,4.44,0.76,4,381
W158,21-02-2026,1165,7.7,16,21:10:00,evening,4.28,0.81,3,327
W158,23-02-2026,807,3.1,9,22:10:00,night,4.14,0.75,4,448
W158,24-02-2026,214,6.3,5,23:10:00,night,4.45,0.82,2,372
W158,26-02-2026,940,7.2,12,00:10:00,night,4.22,0.8,4,405
W158,27-02-2026,200,7.7,5,01:10:00,evening,4.17,0.71,2,369
W159,04-01-2026,1328,6.2,19,02:10:00,afternoon,4.84,0.91,1,130
W159,05-01-2026,1170,3.4,17,03:10:00,morning,4.63,0.94,0,123
W159,06-01-2026,908,3.2,13,04:10:00,night,4.89,0.92,0,114
W159,07-01-2026,1454,6.8,18,05:10:00,morning,4.94,0.92,0,161
W159,08-01-2026,871,6.2,11,06:10:00,evening,4.97,0.96,0,168
W159,09-01-2026,1049,4.9,14,07:10:00,morning,4.89,0.96,1,123
W159,10-01-2026,1121,3.4,16,08:10:00,morning,4.83,0.92,0,108
W159,12-01-2026,1448,3.2,20,09:10:00,night,4.62,0.95,0,167
W159,13-01-2026,1221,5.4,18,10:10:00,afternoon,4.7,0.96,0,100
W159,14-01-2026,1015,7.6,13,11:10:00,morning,4.78,0.9,0,170
W159,15-01-2026,1180,7,15,12:10:00,morning,4.75,0.92,0,133
W159,16-01-2026,969,3.6,11,13:10:00,night,4.83,0.94,0,175
W159,17-01-2026,926,6.4,14,14:10:00,afternoon,4.76,0.96,0,148
W159,18-01-2026,875,6.3,12,15:10:00,afternoon,4.99,0.96,0,155
W159,19-01-2026,1049,3.1,16,16:10:00,evening,4.87,0.95,1,134
W159,20-01-2026,1238,5,19,17:10:00,evening,4.8,0.96,1,136
W159,21-01-2026,1283,7,19,18:10:00,evening,4.96,0.98,1,130
W159,22-01-2026,1138,7.5,15,19:10:00,morning,4.63,0.97,0,158
W159,23-01-2026,1254,7.1,15,20:10:00,afternoon,4.91,0.93,0,104
W159,24-01-2026,888,7.9,11,21:10:00,morning,4.88,0.96,0,178
W159,25-01-2026,1196,4.6,17,22:10:00,morning,4.61,0.9,1,169
W159,27-01-2026,874,3.7,10,23:10:00,afternoon,4.62,0.97,1,172
W159,28-01-2026,1010,3.8,13,00:10:00,morning,4.66,0.9,0,124
W159,29-01-2026,1064,7.4,16,01:10:00,evening,4.75,0.91,0,143
W159,31-01-2026,892,5.5,14,02:10:00,afternoon,4.94,0.96,1,160
W159,01-02-2026,1033,7,13,03:10:00,afternoon,4.84,0.91,1,164
W159,02-02-2026,986,7.5,12,04:10:00,night,4.79,0.98,0,144
W159,04-02-2026,961,5.4,11,05:10:00,morning,4.95,0.93,0,109
W159,05-02-2026,1128,4.1,16,06:10:00,afternoon,4.6,0.96,0,119
W159,06-02-2026,1500,5.1,21,07:10:00,evening,4.69,0.93,0,162
W159,07-02-2026,1181,5.6,14,08:10:00,night,4.72,0.93,0,158
W159,09-02-2026,875,7.7,12,09:10:00,morning,4.77,0.97,1,172
W159,10-02-2026,1034,5.5,16,10:10:00,night,4.9,0.97,1,153
W159,11-02-2026,1233,7.9,17,11:10:00,afternoon,4.84,0.98,0,136
W159,12-02-2026,1068,3.7,16,12:10:00,night,4.74,0.91,0,143
W159,13-02-2026,1044,6.9,16,13:10:00,morning,4.87,0.94,0,100
W159,14-02-2026,895,3.4,12,14:10:00,night,4.93,0.98,1,145
W159,15-02-2026,1148,4.6,18,15:10:00,morning,4.62,0.97,0,106
W159,16-02-2026,942,7.6,15,16:10:00,afternoon,4.77,0.95,0,107
W159,18-02-2026,1148,4.4,14,17:10:00,morning,5,0.97,0,153
W159,19-02-2026,1352,6.6,19,18:10:00,night,4.76,0.92,0,135
W159,21-02-2026,1054,7.5,15,19:10:00,night,4.86,0.93,0,114
W159,22-02-2026,1116,4,16,20:10:00,afternoon,4.88,0.96,1,158
W159,24-02-2026,1096,5.3,13,21:10:00,night,4.99,0.93,1,135
W159,25-02-2026,1275,4.5,17,22:10:00,night,4.63,0.96,1,153
W159,01-03-2026,1170,6.9,17,23:10:00,night,4.92,0.91,0,147
W160,05-01-2026,1267,6,16,00:10:00,night,4.28,0.75,3,308
W160,06-01-2026,808,5.1,9,01:10:00,morning,4.16,0.84,4,310
W160,07-01-2026,1217,5.5,18,02:10:00,morning,4.07,0.79,2,350
W160,08-01-2026,724,3.1,10,03:10:00,morning,4.14,0.71,4,379
W160,09-01-2026,971,4.7,15,04:10:00,afternoon,4.12,0.72,3,399
W160,10-01-2026,1141,4.9,14,05:10:00,night,4.27,0.73,3,344
W160,11-01-2026,1307,5.5,19,06:10:00,night,4.48,0.7,2,434
W160,12-01-2026,629,6.3,7,07:10:00,night,4.15,0.74,2,371
W160,13-01-2026,548,5.6,7,08:10:00,night,4.34,0.74,4,341
W160,14-01-2026,200,4.9,5,09:10:00,afternoon,4.27,0.72,3,415
W160,16-01-2026,1133,5.2,16,10:10:00,afternoon,4.06,0.83,3,373
W160,17-01-2026,842,6,13,11:10:00,evening,4.43,0.83,4,334
W160,18-01-2026,973,6.7,12,12:10:00,morning,4.3,0.72,3,338
W160,19-01-2026,963,4.5,13,13:10:00,evening,4.22,0.82,2,316
W160,20-01-2026,858,3.7,11,14:10:00,afternoon,4.06,0.72,2,335
W160,21-01-2026,366,7.2,5,15:10:00,morning,4.1,0.82,4,426
W160,22-01-2026,1091,7.8,15,16:10:00,afternoon,4.34,0.8,2,328
W160,24-01-2026,670,5.9,8,17:10:00,evening,4.11,0.76,3,440
W160,25-01-2026,1627,3.1,21,18:10:00,morning,4.37,0.8,3,321
W160,27-01-2026,1024,7.4,14,19:10:00,night,4.38,0.82,2,303
W160,28-01-2026,1665,6.9,21,20:10:00,night,4.36,0.74,2,430
W160,29-01-2026,1022,4.9,14,21:10:00,morning,4.19,0.8,3,378
W160,30-01-2026,433,3.3,8,22:10:00,afternoon,4.35,0.73,2,403
W160,31-01-2026,928,6.1,12,23:10:00,afternoon,4.11,0.84,2,344
W160,02-02-2026,874,3.6,14,00:10:00,afternoon,4.21,0.75,4,355
W160,03-02-2026,856,7.9,11,01:10:00,morning,4.45,0.72,2,365
W160,04-02-2026,900,5.9,13,02:10:00,afternoon,4.26,0.82,3,437
W160,05-02-2026,1571,5.6,23,03:10:00,evening,4.21,0.78,3,334
W160,06-02-2026,916,6.3,12,04:10:00,afternoon,4.49,0.73,3,321
W160,07-02-2026,675,5,9,05:10:00,night,4.34,0.78,4,351
W160,08-02-2026,1152,5,18,06:10:00,evening,4.02,0.73,3,405
W160,09-02-2026,622,6.4,9,07:10:00,evening,4.35,0.81,2,448
W160,10-02-2026,1131,4.2,14,08:10:00,afternoon,4.02,0.79,2,354
W160,11-02-2026,490,4.1,8,09:10:00,evening,4.38,0.75,3,364
W160,12-02-2026,677,5.4,9,10:10:00,night,4.18,0.79,2,367
W160,13-02-2026,816,8,11,11:10:00,evening,4.46,0.77,3,424
W160,14-02-2026,310,5.1,5,12:10:00,morning,4.14,0.83,2,407
W160,15-02-2026,1848,5.6,27,13:10:00,morning,4.06,0.73,3,428
W160,16-02-2026,200,5.1,5,14:10:00,morning,4.33,0.8,4,418
W160,17-02-2026,579,3.9,7,15:10:00,night,4.06,0.84,3,360
W160,19-02-2026,1536,6.1,21,16:10:00,night,4.19,0.82,2,326
W160,20-02-2026,560,4.2,10,17:10:00,afternoon,4.14,0.7,2,383
W160,21-02-2026,1421,6.7,18,18:10:00,morning,4.18,0.71,3,323
W160,22-02-2026,693,7.7,11,19:10:00,afternoon,4.42,0.84,2,364
W160,23-02-2026,1097,5.7,17,20:10:00,morning,4.33,0.79,2,336
W160,24-02-2026,1177,3.2,15,21:10:00,evening,4.13,0.83,3,407
W160,25-02-2026,624,7.5,7,22:10:00,night,4.27,0.74,3,422
W160,26-02-2026,982,3.9,12,23:10:00,night,4.26,0.7,2,432
W160,27-02-2026,1405,4.7,18,00:10:00,night,4.17,0.74,2,358
W160,28-02-2026,583,7.1,7,01:10:00,morning,4.42,0.72,3,324
W160,01-03-2026,690,5,7,02:10:00,morning,4.06,0.79,4,307
W161,05-01-2026,896,7.4,14,03:10:00,afternoon,4.42,0.7,3,368
W161,06-01-2026,1322,6.6,18,04:10:00,night,4.28,0.7,3,412
W161,07-01-2026,1559,4.9,23,05:10:00,morning,4.15,0.79,3,437
W161,08-01-2026,971,3.5,13,06:10:00,afternoon,4.49,0.76,3,302
W161,09-01-2026,200,7,5,07:10:00,evening,4.45,0.81,3,317
W161,10-01-2026,349,6.5,5,08:10:00,afternoon,4.05,0.8,4,347
W161,11-01-2026,1022,6.4,15,09:10:00,night,4.06,0.84,3,398
W161,12-01-2026,591,5.7,9,10:10:00,night,4.23,0.83,3,369
W161,13-01-2026,607,5.5,6,11:10:00,night,4.07,0.83,2,415
W161,14-01-2026,627,7.1,8,12:10:00,night,4.1,0.83,3,307
W161,15-01-2026,1428,5.1,18,13:10:00,night,4.04,0.71,3,313
W161,16-01-2026,312,5.6,5,14:10:00,morning,4.01,0.8,2,392
W161,17-01-2026,200,4.9,5,15:10:00,evening,4.23,0.85,4,444
W161,18-01-2026,1555,6.3,20,16:10:00,afternoon,4.48,0.71,4,342
W161,19-01-2026,1718,4.7,25,17:10:00,evening,4.49,0.79,2,356
W161,20-01-2026,1812,5,25,18:10:00,morning,4.37,0.77,4,424
W161,22-01-2026,304,5,6,19:10:00,afternoon,4.11,0.78,2,449
W161,23-01-2026,951,7,11,20:10:00,night,4.26,0.76,3,370
W161,24-01-2026,500,5.8,9,21:10:00,morning,4.05,0.72,4,308
W161,25-01-2026,1451,3.5,21,22:10:00,night,4.41,0.8,3,379
W161,26-01-2026,1151,4,18,23:10:00,morning,4.14,0.81,2,431
W161,27-01-2026,640,5,9,00:10:00,evening,4.05,0.83,2,334
W161,29-01-2026,877,4.9,11,01:10:00,morning,4.03,0.8,3,353
W161,30-01-2026,1459,4.5,21,02:10:00,night,4.23,0.74,4,317
W161,31-01-2026,871,5.5,11,03:10:00,night,4.06,0.77,2,311
W161,02-02-2026,1271,3.6,18,04:10:00,night,4.14,0.85,3,375
W161,04-02-2026,1049,4,16,05:10:00,night,4.37,0.76,3,302
W161,05-02-2026,763,6.2,9,06:10:00,morning,4.49,0.77,3,415
W161,07-02-2026,1441,7.9,21,07:10:00,night,4.48,0.78,4,341
W161,08-02-2026,554,7.9,9,08:10:00,morning,4.23,0.72,3,399
W161,10-02-2026,358,6.4,5,09:10:00,morning,4.43,0.83,4,442
W161,11-02-2026,553,3.9,8,10:10:00,morning,4.08,0.72,2,369
W161,12-02-2026,1216,7.9,18,11:10:00,afternoon,4,0.79,4,353
W161,13-02-2026,967,7.8,13,12:10:00,afternoon,4.24,0.74,3,302
W161,14-02-2026,642,6.8,9,13:10:00,night,4.23,0.83,4,312
W161,15-02-2026,200,4.9,5,14:10:00,afternoon,4.18,0.84,3,357
W161,16-02-2026,1568,6,23,15:10:00,morning,4.13,0.73,3,425
W161,17-02-2026,511,4.2,8,16:10:00,evening,4.32,0.8,4,388
W161,18-02-2026,351,6.6,6,17:10:00,night,4,0.84,3,371
W161,20-02-2026,1106,7.4,15,18:10:00,afternoon,4.05,0.83,2,396
W161,22-02-2026,685,4.4,11,19:10:00,evening,4.17,0.77,2,387
W161,23-02-2026,1658,4.2,21,20:10:00,morning,4.01,0.81,4,357
W161,24-02-2026,715,6.4,11,21:10:00,morning,4.31,0.84,4,336
W161,25-02-2026,451,6.1,8,22:10:00,afternoon,4.08,0.74,4,428
W161,26-02-2026,928,6.4,12,23:10:00,morning,4.26,0.8,2,364
W161,27-02-2026,933,3.7,13,00:10:00,night,4.04,0.79,4,416
W161,28-02-2026,639,5.2,9,01:10:00,night,4.12,0.81,2,306
W161,01-03-2026,506,6.8,7,02:10:00,morning,4.13,0.75,3,430
W162,10-01-2026,1338,5.9,21,03:10:00,morning,4.3,0.9,2,205
W162,11-01-2026,932,4.8,13,04:10:00,night,4.41,0.86,1,235
W162,12-01-2026,1132,7.9,17,05:10:00,night,4.59,0.88,1,196
W162,13-01-2026,966,5.8,13,06:10:00,afternoon,4.52,0.84,2,261
W162,14-01-2026,753,7.1,12,07:10:00,night,4.65,0.86,2,190
W162,16-01-2026,750,6.3,12,08:10:00,night,4.51,0.88,2,281
W162,18-01-2026,1448,6.2,18,09:10:00,morning,4.62,0.88,1,197
W162,19-01-2026,789,4.4,13,10:10:00,night,4.58,0.87,1,293
W162,20-01-2026,1246,3.8,15,11:10:00,night,4.69,0.8,2,284
W162,22-01-2026,860,7.8,11,12:10:00,night,4.36,0.82,1,183
W162,23-01-2026,882,7.2,12,13:10:00,night,4.56,0.87,2,212
W162,24-01-2026,1152,6.7,16,14:10:00,night,4.55,0.89,2,284
W162,25-01-2026,1225,4.2,18,15:10:00,evening,4.43,0.82,1,228
W162,26-01-2026,865,5.2,14,16:10:00,night,4.52,0.81,1,235
W162,27-01-2026,953,4,12,17:10:00,morning,4.33,0.88,2,282
W162,28-01-2026,726,4.1,10,18:10:00,night,4.6,0.9,2,204
W162,29-01-2026,830,4.9,9,19:10:00,night,4.53,0.88,1,219
W162,30-01-2026,803,5,11,20:10:00,morning,4.31,0.87,1,293
W162,31-01-2026,1143,4.3,16,21:10:00,evening,4.4,0.88,1,204
W162,01-02-2026,446,6.2,7,22:10:00,morning,4.34,0.8,1,263
W162,02-02-2026,821,3.2,12,23:10:00,night,4.55,0.81,2,183
W162,03-02-2026,937,7.8,11,00:10:00,morning,4.37,0.84,2,234
W162,04-02-2026,827,6.4,13,01:10:00,evening,4.55,0.88,2,263
W162,06-02-2026,938,4.8,12,02:10:00,morning,4.62,0.89,1,204
W162,08-02-2026,1076,4,13,03:10:00,night,4.41,0.85,1,283
W162,09-02-2026,933,6.3,11,04:10:00,night,4.64,0.9,1,228
W162,10-02-2026,695,4.4,8,05:10:00,morning,4.59,0.87,1,291
W162,11-02-2026,809,3.5,11,06:10:00,night,4.54,0.81,1,279
W162,12-02-2026,793,3.8,10,07:10:00,evening,4.64,0.89,2,233
W162,13-02-2026,1176,5.1,17,08:10:00,afternoon,4.35,0.81,1,246
W162,14-02-2026,734,4.1,12,09:10:00,afternoon,4.42,0.86,2,270
W162,15-02-2026,1071,6.7,14,10:10:00,night,4.54,0.89,2,223
W162,16-02-2026,1065,4.2,13,11:10:00,morning,4.65,0.82,2,185
W162,17-02-2026,1231,3.6,16,12:10:00,night,4.38,0.87,2,279
W162,18-02-2026,544,3.4,5,13:10:00,afternoon,4.37,0.84,1,284
W162,20-02-2026,994,7.5,14,14:10:00,night,4.61,0.85,2,283
W162,21-02-2026,868,7.1,12,15:10:00,night,4.44,0.82,2,247
W162,23-02-2026,930,5,14,16:10:00,evening,4.4,0.81,1,241
W162,24-02-2026,573,7.8,7,17:10:00,afternoon,4.52,0.86,1,192
W162,26-02-2026,1323,6.9,16,18:10:00,night,4.54,0.85,2,257
W162,27-02-2026,766,3.2,10,19:10:00,night,4.43,0.89,1,220
W162,28-02-2026,503,5.5,5,20:10:00,evening,4.69,0.84,1,228
W162,01-03-2026,1300,7.3,17,21:10:00,evening,4.55,0.8,1,204
W163,01-01-2026,651,4.4,8,22:10:00,night,4.44,0.84,1,292
W163,02-01-2026,588,5.4,8,23:10:00,night,4.48,0.86,1,196
W163,03-01-2026,980,6.7,13,00:10:00,night,4.69,0.89,1,193
W163,04-01-2026,1018,4.3,16,01:10:00,night,4.58,0.89,2,184
W163,05-01-2026,942,7.2,12,02:10:00,evening,4.47,0.84,1,180
W163,06-01-2026,818,4.2,10,03:10:00,afternoon,4.58,0.85,2,220
W163,07-01-2026,763,7.1,11,04:10:00,afternoon,4.61,0.83,1,271
W163,09-01-2026,847,7,10,05:10:00,night,4.62,0.89,2,260
W163,10-01-2026,975,4,13,06:10:00,evening,4.62,0.84,2,224
W163,11-01-2026,1058,7,17,07:10:00,afternoon,4.38,0.84,2,193
W163,12-01-2026,600,4.8,6,08:10:00,morning,4.66,0.88,1,186
W163,13-01-2026,1015,7.3,13,09:10:00,morning,4.44,0.84,1,186
W163,14-01-2026,927,7.6,15,10:10:00,evening,4.69,0.82,2,241
W163,15-01-2026,1248,4.5,18,11:10:00,morning,4.42,0.81,2,263
W163,16-01-2026,1014,5.4,12,12:10:00,night,4.33,0.85,1,290
W163,17-01-2026,925,5,14,13:10:00,night,4.41,0.88,2,214
W163,18-01-2026,836,7.9,11,14:10:00,evening,4.54,0.86,1,275
W163,19-01-2026,820,3.6,9,15:10:00,night,4.63,0.87,1,226
W163,21-01-2026,869,7.2,11,16:10:00,afternoon,4.35,0.83,1,221
W163,22-01-2026,1132,6.3,14,17:10:00,morning,4.4,0.87,2,232
W163,23-01-2026,946,7.3,12,18:10:00,night,4.4,0.89,2,236
W163,24-01-2026,845,6.9,10,19:10:00,evening,4.65,0.87,2,208
W163,25-01-2026,689,5,11,20:10:00,evening,4.63,0.86,2,283
W163,27-01-2026,807,5.5,11,21:10:00,night,4.48,0.84,2,210
W163,28-01-2026,994,7.1,13,22:10:00,morning,4.32,0.82,2,180
W163,30-01-2026,768,4.7,10,23:10:00,night,4.33,0.86,1,192
W163,31-01-2026,740,3.3,8,00:10:00,morning,4.54,0.81,2,238
W163,01-02-2026,1030,5.9,13,01:10:00,night,4.47,0.83,2,252
W163,02-02-2026,474,3.1,5,02:10:00,night,4.32,0.85,2,203
W163,03-02-2026,1019,5.2,13,03:10:00,morning,4.44,0.85,2,299
W163,05-02-2026,1280,6.7,18,04:10:00,night,4.4,0.86,2,216
W163,06-02-2026,972,7.8,13,05:10:00,night,4.59,0.82,2,243
W163,07-02-2026,1135,6.1,14,06:10:00,afternoon,4.4,0.82,2,270
W163,08-02-2026,1020,7.4,13,07:10:00,night,4.53,0.89,1,263
W163,09-02-2026,1016,4.6,14,08:10:00,night,4.52,0.89,1,186
W163,10-02-2026,839,5.9,9,09:10:00,night,4.4,0.84,1,211
W163,11-02-2026,620,7.8,10,10:10:00,evening,4.62,0.84,2,298
W163,15-02-2026,1372,3.9,18,11:10:00,evening,4.37,0.86,1,233
W163,16-02-2026,811,3.8,12,12:10:00,afternoon,4.61,0.83,2,199
W163,17-02-2026,894,5.4,14,13:10:00,night,4.37,0.81,1,186
W163,18-02-2026,782,4.3,10,14:10:00,evening,4.58,0.81,2,200
W163,19-02-2026,547,5.6,5,15:10:00,afternoon,4.61,0.84,1,260
W163,20-02-2026,609,7.9,7,16:10:00,evening,4.59,0.87,2,211
W163,21-02-2026,1175,3.2,14,17:10:00,afternoon,4.33,0.8,2,184
W163,22-02-2026,1223,4.8,17,18:10:00,night,4.67,0.84,2,193
W163,23-02-2026,423,7.9,5,19:10:00,evening,4.59,0.81,2,283
W163,24-02-2026,554,3.5,8,20:10:00,afternoon,4.48,0.83,1,235
W163,25-02-2026,737,3.4,8,21:10:00,night,4.56,0.86,2,255
W163,26-02-2026,793,7.7,11,22:10:00,afternoon,4.51,0.86,2,261
W163,28-02-2026,1102,5.3,15,23:10:00,night,4.41,0.86,1,250
W163,01-03-2026,456,6.1,5,00:10:00,night,4.61,0.83,1,212
W164,05-01-2026,968,4.8,12,01:10:00,afternoon,4.19,0.8,2,326
W164,06-01-2026,200,8,5,02:10:00,morning,4.07,0.72,3,338
W164,07-01-2026,1515,4.7,19,03:10:00,morning,4.05,0.71,3,347
W164,08-01-2026,972,4.4,13,04:10:00,night,4.4,0.75,2,341
W164,09-01-2026,343,5.5,5,05:10:00,night,4.1,0.82,4,336
W164,10-01-2026,1093,3.6,15,06:10:00,morning,4.33,0.79,2,323
W164,11-01-2026,1113,6.8,16,07:10:00,evening,4.15,0.8,2,445
W164,12-01-2026,1354,7.1,18,08:10:00,night,4.41,0.8,4,391
W164,13-01-2026,1254,7.4,15,09:10:00,afternoon,4.12,0.75,3,333
W164,14-01-2026,529,7.5,7,10:10:00,afternoon,4.21,0.75,2,382
W164,15-01-2026,1079,3.6,17,11:10:00,morning,4.34,0.85,4,317
W164,16-01-2026,461,7.1,7,12:10:00,night,4.09,0.71,4,331
W164,17-01-2026,856,6.7,13,13:10:00,afternoon,4.35,0.84,4,404
W164,19-01-2026,970,5.5,13,14:10:00,afternoon,4.09,0.81,2,424
W164,20-01-2026,699,4.8,9,15:10:00,night,4.44,0.82,4,317
W164,21-01-2026,770,5.2,9,16:10:00,night,4.41,0.85,3,388
W164,22-01-2026,1462,5.5,22,17:10:00,evening,4.4,0.7,2,344
W164,23-01-2026,1347,7,20,18:10:00,afternoon,4.33,0.77,4,446
W164,24-01-2026,408,3.1,6,19:10:00,morning,4.39,0.83,3,353
W164,25-01-2026,658,3.4,9,20:10:00,night,4.23,0.76,4,373
W164,26-01-2026,484,3.1,6,21:10:00,evening,4.2,0.76,3,376
W164,27-01-2026,727,7,8,22:10:00,morning,4.26,0.71,4,304
W164,28-01-2026,496,5.8,7,23:10:00,morning,4.26,0.74,2,332
W164,29-01-2026,436,6.7,5,00:10:00,afternoon,4.18,0.84,4,394
W164,02-02-2026,1038,7.2,12,01:10:00,evening,4.07,0.84,4,340
W164,03-02-2026,684,3.8,7,02:10:00,afternoon,4.07,0.76,4,422
W164,05-02-2026,1486,5.8,21,03:10:00,evening,4.27,0.79,3,363
W164,07-02-2026,1523,5.6,19,04:10:00,morning,4.37,0.83,4,387
W164,08-02-2026,200,4,5,05:10:00,afternoon,4.11,0.82,2,418
W164,09-02-2026,200,3.8,5,06:10:00,night,4.38,0.78,3,424
W164,11-02-2026,870,7.8,13,07:10:00,morning,4.23,0.7,4,359
W164,12-02-2026,395,4.6,6,08:10:00,night,4.07,0.77,3,410
W164,13-02-2026,229,4.7,5,09:10:00,morning,4.2,0.83,2,394
W164,14-02-2026,340,5,5,10:10:00,afternoon,4.11,0.77,2,351
W164,15-02-2026,1307,7.5,18,11:10:00,afternoon,4.1,0.75,2,399
W164,16-02-2026,1772,4.8,23,12:10:00,evening,4.16,0.83,3,320
W164,17-02-2026,909,6.6,12,13:10:00,night,4.39,0.84,3,369
W164,18-02-2026,838,8,12,14:10:00,evening,4.04,0.7,4,427
W164,19-02-2026,1397,5.5,19,15:10:00,evening,4.01,0.75,3,323
W164,21-02-2026,1185,4.4,16,16:10:00,morning,4.07,0.8,3,384
W164,22-02-2026,863,7.7,14,17:10:00,night,4.15,0.78,4,360
W164,23-02-2026,585,4.3,7,18:10:00,evening,4.26,0.82,4,336
W164,24-02-2026,1132,6.2,16,19:10:00,evening,4.29,0.75,2,368
W164,26-02-2026,715,6.6,9,20:10:00,afternoon,4.27,0.84,4,382
W164,27-02-2026,828,6.1,11,21:10:00,night,4.29,0.8,2,316
W164,01-03-2026,764,7.1,10,22:10:00,morning,4.05,0.83,4,366
W165,08-01-2026,1086,7.2,15,23:10:00,evening,4.24,0.7,3,339
W165,12-01-2026,575,5.1,9,00:10:00,night,4.15,0.71,2,342
W165,13-01-2026,767,5.7,11,01:10:00,morning,4,0.83,3,375
W165,14-01-2026,200,4.4,5,02:10:00,morning,4.16,0.85,3,440
W165,15-01-2026,374,6.1,7,03:10:00,afternoon,4.34,0.73,4,324
W165,17-01-2026,1722,4.8,23,04:10:00,afternoon,4.03,0.76,3,397
W165,18-01-2026,781,6.3,10,05:10:00,night,4.21,0.77,3,421
W165,19-01-2026,1022,3.8,16,06:10:00,afternoon,4.3,0.71,2,349
W165,20-01-2026,579,5.5,9,07:10:00,evening,4.29,0.81,4,405
W165,21-01-2026,1000,4.6,13,08:10:00,night,4.34,0.82,3,357
W165,22-01-2026,918,3.2,11,09:10:00,afternoon,4.01,0.71,3,371
W165,24-01-2026,882,5,11,10:10:00,morning,4.11,0.85,4,377
W165,25-01-2026,886,7.7,14,11:10:00,evening,4.38,0.77,3,329
W165,26-01-2026,539,7.3,7,12:10:00,evening,4.13,0.77,2,410
W165,28-01-2026,624,7.2,10,13:10:00,morning,4.34,0.79,3,374
W165,29-01-2026,818,3.2,10,14:10:00,night,4.29,0.72,3,309
W165,02-02-2026,933,7.4,13,15:10:00,night,4.07,0.8,3,442
W165,03-02-2026,517,5.2,6,16:10:00,afternoon,4.27,0.73,4,369
W165,04-02-2026,200,3.1,5,17:10:00,morning,4.49,0.78,4,342
W165,05-02-2026,995,7,14,18:10:00,evening,4.16,0.83,4,422
W165,06-02-2026,960,3.4,15,19:10:00,evening,4.24,0.78,3,338
W165,07-02-2026,1010,3.5,14,20:10:00,evening,4.33,0.76,2,337
W165,08-02-2026,1261,5,16,21:10:00,morning,4.18,0.7,4,316
W165,10-02-2026,831,5.3,9,22:10:00,evening,4.04,0.8,4,336
W165,12-02-2026,200,4.2,5,23:10:00,night,4.35,0.83,4,389
W165,13-02-2026,951,4.7,11,00:10:00,evening,4.13,0.81,2,394
W165,14-02-2026,1139,4.9,17,01:10:00,afternoon,4.49,0.78,2,368
W165,15-02-2026,200,7.2,5,02:10:00,evening,4.1,0.76,4,360
W165,16-02-2026,484,5.9,5,03:10:00,morning,4.21,0.74,3,305
W165,17-02-2026,829,3.5,11,04:10:00,night,4.35,0.82,3,360
W165,20-02-2026,699,4.4,8,05:10:00,morning,4.09,0.74,3,381
W165,21-02-2026,200,4.9,5,06:10:00,evening,4.01,0.8,3,326
W165,22-02-2026,1157,6,18,07:10:00,morning,4.39,0.82,2,442
W165,23-02-2026,205,7.9,5,08:10:00,night,4.13,0.79,4,381
W165,24-02-2026,1052,4.5,17,09:10:00,night,4.37,0.84,4,301
W165,26-02-2026,884,6.9,12,10:10:00,night,4.39,0.75,2,343
W165,01-03-2026,200,6.8,5,11:10:00,morning,4.01,0.74,4,420
W166,05-01-2026,965,7.9,13,12:10:00,evening,4.91,0.91,0,154
W166,06-01-2026,1307,6.2,17,13:10:00,morning,4.95,0.93,0,100
W166,07-01-2026,1223,4.9,16,14:10:00,night,5,0.96,0,115
W166,08-01-2026,1036,7,16,15:10:00,night,4.72,0.92,1,129
W166,10-01-2026,1097,7.7,13,16:10:00,morning,4.68,0.93,1,103
W166,11-01-2026,1149,4.3,17,17:10:00,evening,4.69,0.95,1,131
W166,12-01-2026,972,4,14,18:10:00,night,4.64,0.97,1,148
W166,13-01-2026,1183,6.2,16,19:10:00,morning,4.73,0.96,1,153
W166,15-01-2026,980,4.2,16,20:10:00,night,4.76,0.94,1,172
W166,16-01-2026,921,6.3,11,21:10:00,night,4.77,0.91,1,117
W166,18-01-2026,882,7.3,14,22:10:00,afternoon,4.87,0.98,0,155
W166,19-01-2026,1423,5.5,19,23:10:00,evening,4.91,0.98,1,100
W166,20-01-2026,1093,4.2,17,00:10:00,afternoon,4.65,0.91,0,140
W166,21-01-2026,954,4.1,13,01:10:00,morning,4.67,0.94,1,161
W166,22-01-2026,915,4.6,13,02:10:00,evening,4.98,0.95,1,161
W166,24-01-2026,1117,3.4,16,03:10:00,night,4.62,0.98,1,119
W166,26-01-2026,1291,4.8,19,04:10:00,afternoon,4.69,0.92,1,148
W166,27-01-2026,1294,5.8,20,05:10:00,morning,4.89,0.96,1,104
W166,28-01-2026,1076,5,13,06:10:00,night,4.72,0.97,0,126
W166,29-01-2026,975,3.5,14,07:10:00,night,4.67,0.92,0,143
W166,30-01-2026,1078,6.5,16,08:10:00,morning,4.89,0.94,0,174
W166,31-01-2026,999,4.2,12,09:10:00,night,4.99,0.91,1,112
W166,01-02-2026,977,5.5,14,10:10:00,night,4.71,0.96,0,136
W166,02-02-2026,1384,7.3,20,11:10:00,evening,4.68,0.94,0,100
W166,06-02-2026,1289,7.1,17,12:10:00,night,4.61,0.96,0,104
W166,07-02-2026,1082,4,16,13:10:00,night,4.62,0.96,1,110
W166,08-02-2026,749,6.2,11,14:10:00,morning,4.94,0.93,0,143
W166,09-02-2026,1068,6.7,15,15:10:00,night,4.98,0.92,1,120
W166,10-02-2026,1030,3.1,15,16:10:00,night,4.65,0.95,0,168
W166,11-02-2026,1209,5.9,19,17:10:00,morning,4.75,0.91,1,165
W166,12-02-2026,959,6.6,15,18:10:00,evening,4.8,0.97,1,140
W166,13-02-2026,1386,5.8,21,19:10:00,afternoon,4.95,0.92,0,175
W166,14-02-2026,1048,6.6,12,20:10:00,evening,4.61,0.94,1,137
W166,17-02-2026,772,3.5,11,21:10:00,afternoon,4.87,0.97,1,122
W166,18-02-2026,1224,4,16,22:10:00,evening,5,0.91,1,178
W166,19-02-2026,1158,7.5,17,23:10:00,morning,4.91,0.91,0,129
W166,20-02-2026,973,4.8,15,00:10:00,night,4.97,0.91,0,121
W166,24-02-2026,1335,4.2,18,01:10:00,afternoon,4.86,0.96,1,141
W166,25-02-2026,965,7.5,12,02:10:00,afternoon,4.87,0.97,1,179
W166,26-02-2026,1155,3.7,14,03:10:00,morning,4.71,0.93,0,113
W166,27-02-2026,1318,3,16,04:10:00,night,4.89,0.96,0,147
W166,01-03-2026,1087,3.5,17,05:10:00,morning,4.74,0.93,0,150
W167,08-01-2026,1251,7.9,15,06:10:00,night,4.37,0.87,2,190
W167,09-01-2026,773,5.8,9,07:10:00,evening,4.65,0.83,2,210
W167,10-01-2026,995,3.2,12,08:10:00,evening,4.59,0.81,1,270
W167,11-01-2026,911,7.3,12,09:10:00,afternoon,4.41,0.83,1,286
W167,12-01-2026,864,6.8,13,10:10:00,morning,4.46,0.88,2,195
W167,13-01-2026,1186,5.2,15,11:10:00,afternoon,4.43,0.9,1,283
W167,15-01-2026,1014,7.2,15,12:10:00,afternoon,4.46,0.85,1,299
W167,16-01-2026,686,4.7,8,13:10:00,night,4.67,0.89,1,236
W167,17-01-2026,1152,4.6,14,14:10:00,morning,4.36,0.84,2,208
W167,18-01-2026,786,3.8,13,15:10:00,night,4.39,0.87,1,295
W167,19-01-2026,602,5.1,7,16:10:00,afternoon,4.48,0.87,1,269
W167,21-01-2026,875,6.4,13,17:10:00,morning,4.63,0.89,2,211
W167,22-01-2026,998,4.9,16,18:10:00,night,4.47,0.89,1,276
W167,24-01-2026,823,3.9,13,19:10:00,night,4.63,0.85,2,258
W167,25-01-2026,695,3.1,11,20:10:00,evening,4.36,0.84,1,197
W167,26-01-2026,1096,7.4,16,21:10:00,night,4.57,0.86,2,181
W167,27-01-2026,866,3.6,13,22:10:00,afternoon,4.5,0.8,2,284
W167,28-01-2026,672,3,8,23:10:00,morning,4.6,0.84,2,252
W167,29-01-2026,547,5.8,8,00:10:00,afternoon,4.7,0.88,1,233
W167,30-01-2026,1371,7.5,18,01:10:00,evening,4.3,0.88,2,250
W167,02-02-2026,1110,7.7,14,02:10:00,afternoon,4.49,0.86,2,264
W167,03-02-2026,901,3.2,11,03:10:00,afternoon,4.37,0.89,1,194
W167,06-02-2026,1104,5.1,16,04:10:00,night,4.37,0.83,1,198
W167,07-02-2026,569,6.2,6,05:10:00,evening,4.66,0.82,1,264
W167,08-02-2026,886,6,11,06:10:00,night,4.66,0.83,2,197
W167,09-02-2026,997,3.9,12,07:10:00,morning,4.55,0.87,2,279
W167,10-02-2026,978,5.1,13,08:10:00,morning,4.51,0.85,2,234
W167,11-02-2026,1268,3.9,19,09:10:00,night,4.67,0.83,2,279
W167,12-02-2026,1420,6.3,22,10:10:00,evening,4.38,0.82,1,276
W167,14-02-2026,895,7,10,11:10:00,afternoon,4.54,0.86,2,220
W167,15-02-2026,995,7.3,14,12:10:00,afternoon,4.55,0.89,1,229
W167,17-02-2026,669,7.9,10,13:10:00,evening,4.55,0.83,2,182
W167,18-02-2026,1175,5.5,16,14:10:00,evening,4.37,0.86,1,235
W167,19-02-2026,822,6.2,11,15:10:00,night,4.49,0.85,1,284
W167,20-02-2026,926,7.2,12,16:10:00,night,4.39,0.87,2,282
W167,21-02-2026,1187,6.4,14,17:10:00,morning,4.65,0.82,2,292
W167,22-02-2026,1173,5.4,14,18:10:00,night,4.61,0.86,2,296
W167,23-02-2026,1156,7,18,19:10:00,evening,4.55,0.89,1,246
W167,24-02-2026,723,5.7,10,20:10:00,evening,4.44,0.85,2,208
W167,25-02-2026,1035,5.9,14,21:10:00,morning,4.4,0.85,2,273
W167,27-02-2026,1081,4.3,16,22:10:00,morning,4.57,0.84,1,271
W167,28-02-2026,1519,7.7,22,23:10:00,morning,4.48,0.83,1,189
W167,01-03-2026,805,6.2,13,00:10:00,night,4.69,0.85,1,200
W168,09-01-2026,452,5.6,5,01:10:00,afternoon,4.14,0.83,3,436
W168,10-01-2026,200,3.1,5,02:10:00,morning,4.13,0.7,3,381
W168,11-01-2026,1598,6.4,22,03:10:00,morning,4.18,0.8,2,333
W168,12-01-2026,824,3.9,10,04:10:00,night,4.27,0.79,4,332
W168,13-01-2026,853,5.4,12,05:10:00,evening,4,0.75,2,319
W168,14-01-2026,951,5.3,13,06:10:00,night,4.49,0.78,4,335
W168,18-01-2026,1312,6.4,17,07:10:00,evening,4.25,0.82,4,370
W168,19-01-2026,641,6.3,10,08:10:00,afternoon,4.29,0.75,3,345
W168,20-01-2026,491,5,8,09:10:00,evening,4.17,0.73,2,331
W168,21-01-2026,971,4.1,15,10:10:00,afternoon,4.33,0.81,3,308
W168,25-01-2026,644,5.1,7,11:10:00,afternoon,4.05,0.78,4,394
W168,26-01-2026,654,4.9,11,12:10:00,afternoon,4.24,0.8,4,390
W168,27-01-2026,850,5.1,13,13:10:00,evening,4.12,0.77,2,433
W168,28-01-2026,671,6,10,14:10:00,night,4.28,0.78,3,424
W168,31-01-2026,218,4.2,5,15:10:00,night,4.23,0.71,3,384
W168,01-02-2026,1618,6.1,25,16:10:00,night,4.03,0.81,2,351
W168,02-02-2026,432,6.7,8,17:10:00,evening,4.16,0.77,2,385
W168,03-02-2026,901,3.8,14,18:10:00,night,4.05,0.79,3,444
W168,04-02-2026,865,5.2,11,19:10:00,night,4.01,0.82,2,363
W168,05-02-2026,1186,7.6,17,20:10:00,morning,4.29,0.8,4,419
W168,06-02-2026,707,7.2,8,21:10:00,morning,4.01,0.74,2,381
W168,07-02-2026,200,7.9,5,22:10:00,night,4.21,0.85,2,417
W168,08-02-2026,700,4.8,8,23:10:00,night,4.25,0.75,2,312
W168,09-02-2026,973,4.6,15,00:10:00,evening,4.31,0.71,4,400
W168,10-02-2026,200,3.5,5,01:10:00,morning,4.25,0.8,4,426
W168,11-02-2026,679,5.7,10,02:10:00,morning,4.08,0.82,3,409
W168,13-02-2026,418,5.1,6,03:10:00,afternoon,4.29,0.79,3,321
W168,14-02-2026,1437,7.9,20,04:10:00,night,4.24,0.8,3,404
W168,15-02-2026,458,3,5,05:10:00,afternoon,4.07,0.74,4,433
W168,16-02-2026,294,4.3,6,06:10:00,morning,4.29,0.82,2,311
W168,17-02-2026,459,7.8,5,07:10:00,morning,4.23,0.7,2,324
W168,18-02-2026,1012,3.3,14,08:10:00,night,4.02,0.79,2,363
W168,19-02-2026,751,6,10,09:10:00,morning,4.25,0.78,3,394
W168,20-02-2026,1116,3.1,13,10:10:00,night,4.18,0.82,2,347
W168,21-02-2026,200,6.6,5,11:10:00,morning,4.03,0.73,3,395
W168,22-02-2026,870,4,12,12:10:00,night,4.4,0.71,4,362
W168,23-02-2026,322,6.6,5,13:10:00,afternoon,4.16,0.79,3,390
W168,24-02-2026,539,5.1,8,14:10:00,afternoon,4.28,0.75,2,370
W168,25-02-2026,688,6.9,11,15:10:00,morning,4.14,0.82,4,383
W168,26-02-2026,767,3,8,16:10:00,morning,4.35,0.77,3,445
W168,27-02-2026,964,5.5,12,17:10:00,evening,4.11,0.72,4,339
W168,28-02-2026,807,6.3,9,18:10:00,morning,4.18,0.74,2,437
W168,01-03-2026,1092,6.3,16,19:10:00,evening,4.11,0.81,2,311
W169,03-01-2026,1050,3.2,17,20:10:00,morning,4.93,0.92,0,103
W169,04-01-2026,1195,3.2,17,21:10:00,night,4.75,0.92,1,128
W169,06-01-2026,1310,4.7,19,22:10:00,night,4.68,0.94,1,172
W169,07-01-2026,1031,7.9,12,23:10:00,morning,4.73,0.93,1,122
W169,08-01-2026,851,5,14,00:10:00,afternoon,4.93,0.94,0,164
W169,10-01-2026,1154,3.6,18,01:10:00,afternoon,4.93,0.98,0,158
W169,11-01-2026,915,4.4,12,02:10:00,afternoon,4.79,0.98,0,124
W169,12-01-2026,1210,7.3,19,03:10:00,morning,4.92,0.97,0,108
W169,13-01-2026,1087,4.8,16,04:10:00,night,4.81,0.98,0,160
W169,14-01-2026,1150,4.5,16,05:10:00,morning,4.63,0.92,1,159
W169,15-01-2026,1227,6.7,15,06:10:00,night,4.85,0.91,0,167
W169,18-01-2026,913,3.6,14,07:10:00,evening,4.94,0.94,0,102
W169,19-01-2026,1318,3.3,17,08:10:00,night,4.64,0.97,1,152
W169,20-01-2026,1309,5.1,20,09:10:00,afternoon,4.75,0.94,1,133
W169,21-01-2026,1152,4.6,18,10:10:00,night,4.8,0.94,0,154
W169,22-01-2026,1009,3.2,14,11:10:00,afternoon,4.96,0.92,0,174
W169,23-01-2026,1229,7.5,18,12:10:00,afternoon,4.64,0.91,1,176
W169,24-01-2026,1169,3,16,13:10:00,morning,4.67,0.93,1,133
W169,25-01-2026,1090,3.8,14,14:10:00,afternoon,4.77,0.92,1,156
W169,27-01-2026,1290,6.8,18,15:10:00,afternoon,4.67,0.95,1,128
W169,28-01-2026,1125,4.8,16,16:10:00,night,4.82,0.91,1,166
W169,29-01-2026,896,3.4,12,17:10:00,night,4.89,0.97,0,114
W169,30-01-2026,1086,3.9,15,18:10:00,night,4.78,0.95,0,163
W169,31-01-2026,1206,3.9,18,19:10:00,morning,4.76,0.93,1,135
W169,01-02-2026,1194,7.5,16,20:10:00,night,4.93,0.95,0,133
W169,02-02-2026,1086,4.3,17,21:10:00,morning,4.99,0.96,0,138
W169,03-02-2026,916,4.6,14,22:10:00,night,4.78,0.94,0,140
W169,04-02-2026,1267,6.1,17,23:10:00,morning,4.92,0.94,1,179
W169,05-02-2026,1115,3,16,00:10:00,night,4.76,0.96,1,178
W169,06-02-2026,1031,3.4,14,01:10:00,afternoon,4.97,0.96,1,101
W169,07-02-2026,1149,3.3,17,02:10:00,night,4.97,0.98,1,159
W169,08-02-2026,1020,6.8,12,03:10:00,morning,4.63,0.97,0,124
W169,11-02-2026,1168,4.2,18,04:10:00,evening,4.99,0.95,0,114
W169,12-02-2026,1097,5,13,05:10:00,afternoon,4.86,0.93,0,138
W169,13-02-2026,1225,5.8,15,06:10:00,night,4.82,0.94,0,127
W169,14-02-2026,1062,4.1,15,07:10:00,afternoon,4.82,0.91,1,124
W169,15-02-2026,879,6.8,12,08:10:00,morning,4.72,0.92,0,117
W169,16-02-2026,1286,3.6,17,09:10:00,morning,4.85,0.93,0,132
W169,17-02-2026,956,3.9,14,10:10:00,evening,4.94,0.96,1,117
W169,18-02-2026,1122,7.5,14,11:10:00,night,4.84,0.98,1,157
W169,20-02-2026,1408,4.2,20,12:10:00,morning,4.73,0.98,1,133
W169,22-02-2026,753,4.2,8,13:10:00,morning,4.77,0.92,0,107
W169,23-02-2026,1211,5.9,19,14:10:00,night,4.71,0.96,0,125
W169,25-02-2026,900,3.8,14,15:10:00,evening,4.77,0.91,1,141
W169,26-02-2026,1106,4.2,13,16:10:00,night,4.7,0.92,1,144
W169,27-02-2026,1111,6.2,15,17:10:00,morning,4.69,0.96,1,121
W169,28-02-2026,1009,3.9,15,18:10:00,night,4.81,0.92,0,164
W169,01-03-2026,1013,3.8,12,19:10:00,night,4.89,0.97,0,133
W170,07-01-2026,951,5.7,14,20:10:00,morning,4.66,0.93,0,138
W170,08-01-2026,885,3.6,14,21:10:00,night,4.99,0.93,0,137
W170,09-01-2026,1126,6.1,17,22:10:00,night,4.83,0.96,0,158
W170,10-01-2026,1217,6.9,18,23:10:00,afternoon,4.98,0.97,1,125
W170,11-01-2026,983,6,13,00:10:00,evening,4.86,0.93,1,151
W170,12-01-2026,1014,3,12,01:10:00,night,4.77,0.96,1,107
W170,13-01-2026,1520,3.6,23,02:10:00,evening,4.75,0.95,0,114
W170,14-01-2026,934,7.9,13,03:10:00,morning,4.78,0.92,1,125
W170,15-01-2026,1064,6.3,15,04:10:00,evening,4.93,0.91,0,157
W170,16-01-2026,1371,7.5,19,05:10:00,night,4.62,0.95,0,125
W170,17-01-2026,889,5.4,13,06:10:00,afternoon,4.89,0.95,1,112
W170,18-01-2026,1148,6,14,07:10:00,afternoon,4.82,0.91,0,128
W170,19-01-2026,991,5.7,16,08:10:00,morning,4.98,0.92,0,107
W170,20-01-2026,1115,6.6,17,09:10:00,afternoon,4.81,0.9,1,103
W170,21-01-2026,1128,7.5,17,10:10:00,night,4.84,0.92,0,102
W170,22-01-2026,996,5.7,16,11:10:00,morning,4.75,0.95,1,126
W170,23-01-2026,997,7.5,12,12:10:00,morning,4.81,0.95,1,155
W170,24-01-2026,1059,4.9,13,13:10:00,evening,4.86,0.9,1,118
W170,25-01-2026,933,4.4,14,14:10:00,night,4.8,0.95,1,155
W170,27-01-2026,1307,4.6,17,15:10:00,night,4.98,0.93,0,109
W170,28-01-2026,1054,3.4,16,16:10:00,morning,4.92,0.94,0,179
W170,30-01-2026,1285,7.6,16,17:10:00,night,4.97,0.91,0,134
W170,31-01-2026,1203,3.2,17,18:10:00,morning,4.79,0.96,1,177
W170,01-02-2026,1103,4.7,13,19:10:00,evening,4.87,0.94,1,104
W170,02-02-2026,1120,7.9,16,20:10:00,morning,4.75,0.93,0,168
W170,03-02-2026,825,5.1,12,21:10:00,night,4.72,0.96,1,132
W170,04-02-2026,1122,3.7,15,22:10:00,night,4.91,0.97,0,140
W170,06-02-2026,1268,7,19,23:10:00,night,4.8,0.95,1,104
W170,08-02-2026,1187,6.1,16,00:10:00,morning,4.97,0.94,0,169
W170,09-02-2026,1170,7.5,16,01:10:00,night,4.89,0.91,0,176
W170,10-02-2026,1112,4,17,02:10:00,night,4.77,0.9,0,116
W170,11-02-2026,1309,5.7,19,03:10:00,night,4.85,0.98,1,117
W170,12-02-2026,1114,3.7,17,04:10:00,night,4.74,0.93,1,144
W170,13-02-2026,973,4.5,11,05:10:00,afternoon,4.95,0.92,1,125
W170,15-02-2026,1169,5.1,18,06:10:00,evening,4.65,0.95,0,104
W170,17-02-2026,908,6.4,10,07:10:00,night,4.91,0.95,1,141
W170,19-02-2026,1108,7.9,14,08:10:00,night,4.97,0.96,1,147
W170,20-02-2026,1157,5.6,15,09:10:00,evening,4.85,0.98,1,134
W170,21-02-2026,1108,5.8,15,10:10:00,morning,4.88,0.95,0,103
W170,22-02-2026,1003,6.2,15,11:10:00,night,4.67,0.9,1,175
W170,23-02-2026,1377,6,17,12:10:00,night,4.89,0.92,1,153
W170,24-02-2026,1025,4.7,14,13:10:00,evening,4.87,0.94,1,109
W170,25-02-2026,1213,6.5,16,14:10:00,evening,4.89,0.91,0,139
W170,26-02-2026,801,6.8,11,15:10:00,morning,4.95,0.92,0,152
W170,28-02-2026,1133,3.5,15,16:10:00,morning,4.96,0.97,0,118
W171,08-01-2026,244,7.2,5,17:10:00,evening,4.3,0.74,3,311
W171,09-01-2026,536,7.8,5,18:10:00,morning,4.41,0.82,2,423
W171,10-01-2026,200,4.8,5,19:10:00,morning,4.45,0.78,3,390
W171,11-01-2026,687,4.8,11,20:10:00,morning,4.38,0.81,3,353
W171,12-01-2026,639,7.3,9,21:10:00,afternoon,4.38,0.77,4,312
W171,13-01-2026,200,4.8,5,22:10:00,morning,4.35,0.73,3,318
W171,14-01-2026,473,5.4,7,23:10:00,evening,4.01,0.82,3,317
W171,15-01-2026,960,5.8,12,00:10:00,evening,4.22,0.73,3,417
W171,16-01-2026,971,8,13,01:10:00,night,4.44,0.84,2,375
W171,17-01-2026,1023,5.6,15,02:10:00,night,4.19,0.76,3,401
W171,18-01-2026,480,4.9,5,03:10:00,evening,4.44,0.71,3,449
W171,19-01-2026,803,6,12,04:10:00,evening,4.35,0.72,2,404
W171,20-01-2026,1076,4.5,15,05:10:00,morning,4.44,0.76,3,326
W171,21-01-2026,650,5.7,8,06:10:00,morning,4,0.71,2,417
W171,22-01-2026,1542,7.3,23,07:10:00,evening,4.42,0.84,2,401
W171,23-01-2026,200,3.3,5,08:10:00,afternoon,4.08,0.82,4,425
W171,24-01-2026,1295,3.5,17,09:10:00,night,4.14,0.83,3,396
W171,25-01-2026,833,4.2,9,10:10:00,morning,4.36,0.75,2,322
W171,26-01-2026,920,7.5,15,11:10:00,night,4.05,0.78,2,389
W171,27-01-2026,407,6.8,7,12:10:00,afternoon,4.33,0.8,2,335
W171,29-01-2026,200,5.6,5,13:10:00,evening,4.33,0.76,3,448
W171,30-01-2026,618,7.1,8,14:10:00,night,4.18,0.85,3,444
W171,31-01-2026,1458,7.8,18,15:10:00,morning,4.06,0.8,4,383
W171,01-02-2026,657,7.9,8,16:10:00,night,4.03,0.84,2,400
W171,03-02-2026,1935,5.5,26,17:10:00,night,4.19,0.77,3,317
W171,04-02-2026,420,5.8,5,18:10:00,night,4.49,0.81,3,386
W171,06-02-2026,591,5.8,9,19:10:00,night,4.29,0.72,4,321
W171,09-02-2026,787,7.7,13,20:10:00,afternoon,4.49,0.75,4,360
W171,10-02-2026,790,5.9,12,21:10:00,night,4.21,0.8,2,302
W171,11-02-2026,706,5.4,10,22:10:00,evening,4.07,0.85,2,327
W171,13-02-2026,999,4.6,12,23:10:00,afternoon,4.36,0.74,3,363
W171,14-02-2026,461,5.9,5,00:10:00,night,4,0.7,2,425
W171,15-02-2026,627,6.7,9,01:10:00,evening,4.49,0.71,2,398
W171,16-02-2026,1068,5.6,13,02:10:00,afternoon,4.22,0.84,3,371
W171,17-02-2026,813,5.8,12,03:10:00,night,4.4,0.83,4,444
W171,19-02-2026,364,4.1,5,04:10:00,night,4.14,0.81,2,387
W171,20-02-2026,1002,4.9,14,05:10:00,evening,4.15,0.81,4,445
W171,21-02-2026,1134,5.5,16,06:10:00,afternoon,4.31,0.76,4,401
W171,22-02-2026,652,7.2,10,07:10:00,afternoon,4.02,0.76,4,325
W171,23-02-2026,1003,4.5,14,08:10:00,night,4.02,0.73,4,338
W171,24-02-2026,332,3.8,5,09:10:00,morning,4.48,0.77,3,420
W171,25-02-2026,328,6.8,6,10:10:00,evening,4.17,0.72,3,355
W171,26-02-2026,428,5.8,5,11:10:00,night,4,0.82,4,305
W171,28-02-2026,785,3.8,11,12:10:00,morning,4.17,0.7,3,385
W171,01-03-2026,538,5.1,7,13:10:00,morning,4.34,0.72,3,443
W172,05-01-2026,883,4,10,14:10:00,evening,4.47,0.88,2,291
W172,07-01-2026,1049,4.4,16,15:10:00,morning,4.33,0.84,2,270
W172,08-01-2026,1197,3.8,18,16:10:00,morning,4.43,0.81,1,227
W172,09-01-2026,817,7.2,11,17:10:00,morning,4.66,0.8,2,183
W172,10-01-2026,1239,5.2,17,18:10:00,afternoon,4.57,0.82,2,191
W172,11-01-2026,1655,5.8,21,19:10:00,afternoon,4.58,0.87,2,284
W172,13-01-2026,912,6,15,20:10:00,morning,4.41,0.81,2,259
W172,16-01-2026,707,5.2,9,21:10:00,morning,4.61,0.86,2,274
W172,17-01-2026,831,3.7,12,22:10:00,afternoon,4.51,0.89,2,228
W172,18-01-2026,1229,5.7,18,23:10:00,afternoon,4.5,0.87,1,236
W172,20-01-2026,886,6.1,10,00:10:00,night,4.42,0.83,1,285
W172,21-01-2026,1037,7.8,13,01:10:00,morning,4.45,0.89,2,212
W172,22-01-2026,1209,4.6,17,02:10:00,night,4.6,0.89,2,276
W172,23-01-2026,478,6.8,8,03:10:00,evening,4.43,0.89,1,222
W172,24-01-2026,427,5.5,6,04:10:00,morning,4.62,0.89,2,259
W172,25-01-2026,1018,5.5,14,05:10:00,afternoon,4.31,0.83,2,229
W172,26-01-2026,926,7.1,11,06:10:00,afternoon,4.45,0.86,2,206
W172,27-01-2026,912,3.2,13,07:10:00,morning,4.5,0.86,1,238
W172,28-01-2026,1047,3.1,13,08:10:00,afternoon,4.7,0.83,2,182
W172,29-01-2026,548,3.4,5,09:10:00,night,4.33,0.9,1,289
W172,31-01-2026,847,4.4,11,10:10:00,night,4.51,0.9,2,239
W172,01-02-2026,1160,4.1,15,11:10:00,evening,4.65,0.83,1,229
W172,02-02-2026,1118,5.7,14,12:10:00,morning,4.4,0.83,1,205
W172,03-02-2026,744,3.2,9,13:10:00,afternoon,4.56,0.89,1,259
W172,04-02-2026,1257,4.8,16,14:10:00,evening,4.52,0.89,2,253
W172,05-02-2026,929,6.8,11,15:10:00,night,4.68,0.9,2,238
W172,06-02-2026,1200,3.9,19,16:10:00,night,4.66,0.83,2,225
W172,07-02-2026,884,4.7,11,17:10:00,evening,4.66,0.8,2,283
W172,08-02-2026,1025,5.8,14,18:10:00,morning,4.56,0.88,1,227
W172,09-02-2026,948,5,12,19:10:00,night,4.44,0.89,1,213
W172,10-02-2026,1092,4.7,17,20:10:00,afternoon,4.41,0.84,2,240
W172,13-02-2026,1116,7.4,14,21:10:00,night,4.36,0.81,2,239
W172,14-02-2026,967,7.7,13,22:10:00,morning,4.48,0.85,1,291
W172,15-02-2026,679,4.7,11,23:10:00,afternoon,4.56,0.89,2,244
W172,16-02-2026,1225,5,15,00:10:00,evening,4.47,0.88,1,231
W172,17-02-2026,971,7.6,11,01:10:00,evening,4.57,0.87,1,266
W172,18-02-2026,920,6.1,11,02:10:00,night,4.43,0.83,2,274
W172,20-02-2026,891,7.8,11,03:10:00,afternoon,4.43,0.83,2,187
W172,22-02-2026,1006,5.6,14,04:10:00,evening,4.62,0.81,2,263
W172,23-02-2026,321,3.4,5,05:10:00,morning,4.47,0.86,2,191
W172,24-02-2026,1206,7.5,15,06:10:00,evening,4.35,0.85,2,260
W172,25-02-2026,891,3.3,11,07:10:00,morning,4.31,0.86,1,269
W172,26-02-2026,1299,4.5,20,08:10:00,evening,4.55,0.82,2,294
W172,01-03-2026,882,5.1,14,09:10:00,afternoon,4.56,0.83,2,252
W173,11-01-2026,1144,7.4,17,10:10:00,evening,4.71,0.93,0,122
W173,12-01-2026,1119,8,15,11:10:00,morning,4.95,0.93,0,154
W173,14-01-2026,1079,5.6,13,12:10:00,evening,5,0.93,0,141
W173,17-01-2026,967,6,14,13:10:00,evening,4.87,0.93,0,178
W173,18-01-2026,931,7.1,12,14:10:00,morning,4.8,0.94,0,116
W173,19-01-2026,1288,7.3,20,15:10:00,morning,4.73,0.94,0,128
W173,20-01-2026,1012,4.3,13,16:10:00,afternoon,4.89,0.95,0,145
W173,21-01-2026,850,7.2,14,17:10:00,night,4.74,0.97,0,177
W173,22-01-2026,734,4.2,10,18:10:00,evening,4.96,0.95,1,150
W173,23-01-2026,1188,6.6,18,19:10:00,night,4.81,0.92,1,134
W173,24-01-2026,1273,7.4,16,20:10:00,morning,4.99,0.92,0,128
W173,25-01-2026,922,4.9,11,21:10:00,night,4.7,0.92,1,105
W173,26-01-2026,1205,5.9,19,22:10:00,morning,4.89,0.97,1,104
W173,27-01-2026,990,4.9,15,23:10:00,evening,4.65,0.94,1,139
W173,29-01-2026,1148,7.6,16,00:10:00,night,4.73,0.94,1,108
W173,30-01-2026,997,3.4,14,01:10:00,night,4.99,0.91,0,156
W173,31-01-2026,1043,6.3,13,02:10:00,evening,4.78,0.98,0,174
W173,01-02-2026,882,5.9,13,03:10:00,morning,4.63,0.91,1,101
W173,02-02-2026,1280,4.8,17,04:10:00,morning,4.78,0.92,1,124
W173,03-02-2026,1063,7.9,13,05:10:00,afternoon,4.78,0.91,1,143
W173,04-02-2026,975,5.5,15,06:10:00,evening,4.95,0.97,0,169
W173,05-02-2026,1424,4.4,20,07:10:00,afternoon,4.98,0.93,0,132
W173,06-02-2026,993,7.6,15,08:10:00,morning,4.97,0.92,0,120
W173,08-02-2026,796,4.2,13,09:10:00,evening,4.81,0.91,1,158
W173,09-02-2026,1024,3.8,16,10:10:00,afternoon,4.99,0.9,1,170
W173,10-02-2026,1003,6.2,15,11:10:00,afternoon,4.99,0.93,0,123
W173,11-02-2026,990,7.1,13,12:10:00,morning,4.66,0.98,0,141
W173,12-02-2026,1327,4.5,19,13:10:00,afternoon,4.78,0.97,0,127
W173,14-02-2026,933,6.5,11,14:10:00,afternoon,4.75,0.94,1,160
W173,15-02-2026,1118,7.2,13,15:10:00,afternoon,4.8,0.97,1,157
W173,16-02-2026,1142,3.6,15,16:10:00,afternoon,4.73,0.97,0,156
W173,17-02-2026,1112,6.8,16,17:10:00,night,4.72,0.94,0,136
W173,19-02-2026,969,7.1,12,18:10:00,night,4.86,0.92,0,154
W173,20-02-2026,1260,4.2,18,19:10:00,afternoon,4.72,0.9,1,117
W173,21-02-2026,1079,3.9,13,20:10:00,morning,4.78,0.95,1,125
W173,22-02-2026,1231,5.1,19,21:10:00,night,4.73,0.92,1,124
W173,23-02-2026,996,4.2,15,22:10:00,night,4.9,0.92,1,172
W173,24-02-2026,1059,4.3,14,23:10:00,evening,4.78,0.91,1,101
W173,26-02-2026,1186,7.5,18,00:10:00,evening,4.79,0.98,0,110
W173,27-02-2026,877,6.2,11,01:10:00,afternoon,4.69,0.96,1,101
W173,28-02-2026,1101,7.7,15,02:10:00,morning,4.79,0.91,0,173
W173,01-03-2026,1004,5.8,14,03:10:00,afternoon,4.96,0.9,1,108
W174,07-01-2026,1082,3.4,17,04:10:00,night,4.52,0.83,1,226
W174,08-01-2026,877,4.9,13,05:10:00,night,4.68,0.81,1,205
W174,09-01-2026,700,7.2,12,06:10:00,evening,4.51,0.86,2,242
W174,10-01-2026,520,4.2,7,07:10:00,evening,4.68,0.82,1,197
W174,11-01-2026,1216,7.2,17,08:10:00,afternoon,4.54,0.9,2,246
W174,12-01-2026,970,5.5,12,09:10:00,afternoon,4.7,0.81,1,289
W174,13-01-2026,1157,6,17,10:10:00,evening,4.38,0.82,2,199
W174,14-01-2026,885,7.6,12,11:10:00,night,4.32,0.89,1,283
W174,15-01-2026,874,5.2,10,12:10:00,morning,4.54,0.87,2,186
W174,16-01-2026,747,4.1,8,13:10:00,afternoon,4.68,0.88,2,195
W174,17-01-2026,831,5.9,11,14:10:00,night,4.49,0.85,1,213
W174,18-01-2026,686,7.5,8,15:10:00,night,4.52,0.87,1,232
W174,19-01-2026,760,5.1,10,16:10:00,morning,4.64,0.84,1,212
W174,20-01-2026,734,7.1,11,17:10:00,evening,4.4,0.82,1,259
W174,21-01-2026,722,7.3,11,18:10:00,afternoon,4.47,0.88,1,275
W174,23-01-2026,860,7.9,12,19:10:00,evening,4.51,0.86,1,231
W174,24-01-2026,838,6,9,20:10:00,afternoon,4.43,0.86,1,269
W174,25-01-2026,822,7.4,13,21:10:00,night,4.33,0.89,2,183
W174,27-01-2026,1069,6.7,17,22:10:00,morning,4.32,0.89,1,277
W174,28-01-2026,1297,6,20,23:10:00,morning,4.66,0.88,2,244
W174,29-01-2026,1014,6.8,16,00:10:00,evening,4.48,0.83,2,296
W174,30-01-2026,762,7.7,9,01:10:00,night,4.65,0.84,2,210
W174,31-01-2026,552,5.5,6,02:10:00,morning,4.44,0.89,2,246
W174,01-02-2026,919,3.3,13,03:10:00,morning,4.55,0.8,2,229
W174,03-02-2026,1311,5.7,20,04:10:00,morning,4.62,0.81,1,263
W174,04-02-2026,891,5.5,11,05:10:00,afternoon,4.52,0.89,1,244
W174,05-02-2026,864,7.8,11,06:10:00,night,4.48,0.83,2,293
W174,07-02-2026,1185,7.4,16,07:10:00,evening,4.33,0.87,1,231
W174,08-02-2026,838,7.1,13,08:10:00,night,4.56,0.82,1,254
W174,10-02-2026,704,7.8,11,09:10:00,afternoon,4.34,0.81,1,222
W174,11-02-2026,1025,5.9,16,10:10:00,night,4.66,0.81,2,229
W174,12-02-2026,588,4.9,7,11:10:00,evening,4.68,0.85,2,267
W174,13-02-2026,1138,3.5,17,12:10:00,afternoon,4.67,0.9,1,200
W174,14-02-2026,1049,4.7,12,13:10:00,evening,4.42,0.8,2,281
W174,15-02-2026,510,7,9,14:10:00,night,4.69,0.85,1,208
W174,16-02-2026,749,4.9,9,15:10:00,evening,4.35,0.87,2,240
W174,19-02-2026,1039,5.4,13,16:10:00,afternoon,4.54,0.86,1,278
W174,20-02-2026,739,4.8,11,17:10:00,evening,4.32,0.81,2,255
W174,21-02-2026,520,4.7,9,18:10:00,night,4.57,0.86,1,289
W174,23-02-2026,1342,5,18,19:10:00,afternoon,4.47,0.88,2,230
W174,24-02-2026,1214,6.3,17,20:10:00,night,4.49,0.88,1,241
W174,26-02-2026,1039,6,15,21:10:00,evening,4.4,0.86,1,220
W174,27-02-2026,1068,3.6,17,22:10:00,morning,4.63,0.89,1,287
W174,28-02-2026,1165,4,15,23:10:00,evening,4.47,0.84,2,186
W174,01-03-2026,798,4.7,11,00:10:00,evening,4.46,0.83,1,246
W175,11-01-2026,232,5.3,5,01:10:00,morning,4.44,0.75,3,389
W175,12-01-2026,200,6.5,5,02:10:00,morning,4.48,0.8,4,325
W175,13-01-2026,1046,5.2,13,03:10:00,night,4.29,0.85,3,403
W175,14-01-2026,493,5.8,7,04:10:00,night,4.06,0.8,2,342
W175,15-01-2026,725,6.3,12,05:10:00,afternoon,4.13,0.7,2,421
W175,16-01-2026,1092,5.6,14,06:10:00,morning,4.26,0.73,2,326
W175,19-01-2026,209,3.6,5,07:10:00,morning,4.23,0.82,2,385
W175,20-01-2026,200,5.2,5,08:10:00,afternoon,4.38,0.79,4,337
W175,21-01-2026,1279,3.5,20,09:10:00,night,4.23,0.71,4,357
W175,22-01-2026,915,3.3,11,10:10:00,night,4.45,0.82,2,432
W175,23-01-2026,961,4.9,15,11:10:00,afternoon,4.37,0.8,3,343
W175,24-01-2026,200,3.1,5,12:10:00,afternoon,4.38,0.72,2,311
W175,25-01-2026,791,5.8,12,13:10:00,evening,4.38,0.76,4,433
W175,26-01-2026,725,3.4,8,14:10:00,afternoon,4.3,0.81,3,357
W175,27-01-2026,1392,5,20,15:10:00,morning,4.21,0.79,3,312
W175,28-01-2026,1604,6.5,23,16:10:00,afternoon,4.07,0.79,4,410
W175,29-01-2026,547,6.4,6,17:10:00,evening,4.04,0.81,4,300
W175,30-01-2026,924,6.4,15,18:10:00,afternoon,4.25,0.76,4,316
W175,31-01-2026,231,3.9,5,19:10:00,afternoon,4.01,0.71,4,391
W175,02-02-2026,1380,3.1,18,20:10:00,morning,4.5,0.84,4,347
W175,03-02-2026,816,3.3,9,21:10:00,morning,4.42,0.79,3,320
W175,04-02-2026,820,4.7,13,22:10:00,morning,4.43,0.83,3,407
W175,05-02-2026,826,5.5,13,23:10:00,morning,4.37,0.79,3,432
W175,06-02-2026,596,6.1,6,00:10:00,evening,4.02,0.82,4,449
W175,07-02-2026,1062,3,13,01:10:00,evening,4.24,0.75,3,418
W175,08-02-2026,1446,7.1,21,02:10:00,night,4.15,0.76,2,349
W175,10-02-2026,1156,4,16,03:10:00,night,4.45,0.75,2,336
W175,11-02-2026,607,6.6,9,04:10:00,morning,4.06,0.79,4,346
W175,12-02-2026,1060,6.4,16,05:10:00,evening,4.27,0.8,3,435
W175,13-02-2026,1429,4.7,22,06:10:00,evening,4.08,0.73,2,389
W175,15-02-2026,562,5.8,6,07:10:00,morning,4.33,0.82,2,437
W175,16-02-2026,1422,7.3,22,08:10:00,morning,4.27,0.74,2,401
W175,17-02-2026,761,6.1,8,09:10:00,night,4.12,0.79,2,427
W175,19-02-2026,799,6.6,13,10:10:00,evening,4.13,0.78,4,369
W175,21-02-2026,836,6.7,12,11:10:00,night,4.25,0.74,4,314
W175,22-02-2026,820,7.5,10,12:10:00,morning,4.38,0.77,2,441
W175,23-02-2026,589,6.1,7,13:10:00,night,4.23,0.8,3,365
W175,25-02-2026,200,4.4,5,14:10:00,evening,4.04,0.76,4,340
W175,26-02-2026,375,7.6,7,15:10:00,morning,4.13,0.73,3,362
W175,27-02-2026,583,4.1,6,16:10:00,evening,4.22,0.74,4,380
W175,28-02-2026,731,7.5,10,17:10:00,evening,4.29,0.8,2,393
W175,01-03-2026,1391,7.1,21,18:10:00,morning,4.1,0.73,4,367
W176,09-01-2026,986,5.6,16,19:10:00,night,4.66,0.91,0,156
W176,10-01-2026,1222,3.6,16,20:10:00,evening,4.99,0.91,0,101
W176,14-01-2026,1058,4,17,21:10:00,night,4.81,0.93,1,114
W176,15-01-2026,1187,4.4,15,22:10:00,afternoon,4.71,0.92,1,134
W176,17-01-2026,1157,3.5,15,23:10:00,morning,4.92,0.98,1,113
W176,19-01-2026,935,6.7,11,00:10:00,evening,4.73,0.91,1,175
W176,20-01-2026,1054,5.9,15,01:10:00,night,4.74,0.96,0,177
W176,22-01-2026,1260,6.9,20,02:10:00,night,4.66,0.96,0,168
W176,23-01-2026,1093,3.8,16,03:10:00,morning,4.91,0.96,0,127
W176,24-01-2026,1167,4.6,17,04:10:00,afternoon,4.89,0.96,1,139
W176,25-01-2026,1282,4.7,16,05:10:00,morning,4.7,0.97,1,104
W176,26-01-2026,1252,5.5,18,06:10:00,evening,4.63,0.93,0,146
W176,27-01-2026,1188,7.6,15,07:10:00,afternoon,4.75,0.97,1,130
W176,28-01-2026,1144,7.4,15,08:10:00,evening,4.92,0.95,0,125
W176,29-01-2026,1318,8,20,09:10:00,afternoon,4.62,0.98,0,107
W176,30-01-2026,1171,6.9,16,10:10:00,morning,4.97,0.97,0,167
W176,31-01-2026,1035,4.8,16,11:10:00,afternoon,4.67,0.98,1,122
W176,01-02-2026,892,6.2,12,12:10:00,evening,4.62,0.97,1,144
W176,02-02-2026,1035,7.1,16,13:10:00,night,4.72,0.98,1,140
W176,03-02-2026,1154,4.2,16,14:10:00,afternoon,4.87,0.95,0,159
W176,04-02-2026,1071,7.6,14,15:10:00,night,4.78,0.97,1,142
W176,05-02-2026,1069,3.1,17,16:10:00,afternoon,4.86,0.95,0,169
W176,06-02-2026,1111,3.3,13,17:10:00,night,4.63,0.91,0,113
W176,07-02-2026,1059,7.2,14,18:10:00,evening,4.64,0.9,1,157
W176,09-02-2026,782,7.6,12,19:10:00,evening,4.78,0.91,1,125
W176,11-02-2026,1061,5.8,16,20:10:00,evening,4.86,0.98,1,104
W176,12-02-2026,1226,6.6,19,21:10:00,night,4.87,0.93,1,161
W176,13-02-2026,1174,5.7,18,22:10:00,afternoon,4.81,0.97,0,158
W176,14-02-2026,1026,6.2,12,23:10:00,morning,4.9,0.93,1,139
W176,15-02-2026,1004,5.6,13,00:10:00,night,4.92,0.94,0,127
W176,16-02-2026,1145,7.7,18,01:10:00,morning,4.71,0.96,0,133
W176,17-02-2026,1118,5.8,16,02:10:00,afternoon,4.93,0.9,1,135
W176,19-02-2026,981,5.2,13,03:10:00,night,4.84,0.9,1,179
W176,22-02-2026,1257,4.4,16,04:10:00,morning,4.78,0.93,0,149
W176,23-02-2026,1181,4.7,16,05:10:00,afternoon,4.91,0.92,1,126
W176,24-02-2026,1123,4.7,17,06:10:00,morning,4.9,0.95,0,140
W176,25-02-2026,1082,4.3,15,07:10:00,evening,4.96,0.94,1,129
W176,27-02-2026,1218,3.2,16,08:10:00,morning,4.62,0.95,0,171
W176,01-03-2026,1078,6.4,16,09:10:00,afternoon,4.9,0.95,0,132
W177,04-01-2026,200,3.5,5,10:10:00,evening,4.49,0.7,3,319
W177,05-01-2026,549,7.8,5,11:10:00,evening,4.07,0.72,3,384
W177,06-01-2026,545,7.7,9,12:10:00,afternoon,4.42,0.75,2,301
W177,07-01-2026,1327,6.9,17,13:10:00,evening,4.34,0.8,3,383
W177,08-01-2026,1110,7.7,14,14:10:00,morning,4.48,0.78,4,324
W177,10-01-2026,828,4.3,9,15:10:00,morning,4.32,0.8,2,429
W177,12-01-2026,1028,6.2,13,16:10:00,morning,4.43,0.81,2,307
W177,13-01-2026,293,7.9,5,17:10:00,night,4.32,0.74,3,419
W177,14-01-2026,964,6.1,14,18:10:00,night,4.15,0.75,2,366
W177,15-01-2026,316,6.5,5,19:10:00,night,4.22,0.83,3,328
W177,16-01-2026,903,6.6,12,20:10:00,night,4.35,0.82,4,379
W177,17-01-2026,1151,6,16,21:10:00,afternoon,4.31,0.76,2,383
W177,19-01-2026,1421,3.1,20,22:10:00,evening,4.21,0.77,3,427
W177,20-01-2026,508,4.8,9,23:10:00,night,4.13,0.79,3,383
W177,21-01-2026,1119,6.8,14,00:10:00,evening,4.3,0.77,4,323
W177,22-01-2026,824,5.7,11,01:10:00,night,4.49,0.79,4,314
W177,23-01-2026,779,7.3,9,02:10:00,afternoon,4.03,0.8,4,302
W177,24-01-2026,1160,7.3,14,03:10:00,morning,4.45,0.72,4,336
W177,26-01-2026,697,4.4,7,04:10:00,evening,4.38,0.76,3,362
W177,27-01-2026,653,7.6,7,05:10:00,afternoon,4.45,0.75,4,394
W177,28-01-2026,549,6,9,06:10:00,afternoon,4.32,0.77,2,406
W177,29-01-2026,1661,4,21,07:10:00,evening,4.18,0.75,3,349
W177,30-01-2026,859,6,11,08:10:00,afternoon,4.3,0.79,3,335
W177,31-01-2026,200,7.5,5,09:10:00,afternoon,4.34,0.75,4,396
W177,01-02-2026,562,6.9,8,10:10:00,night,4.46,0.79,3,382
W177,02-02-2026,842,6.1,10,11:10:00,morning,4.29,0.82,2,321
W177,03-02-2026,746,6.4,12,12:10:00,afternoon,4.44,0.71,2,434
W177,04-02-2026,200,3.2,5,13:10:00,afternoon,4.26,0.77,3,318
W177,05-02-2026,1180,7.6,17,14:10:00,night,4.3,0.79,4,409
W177,06-02-2026,612,6.4,10,15:10:00,afternoon,4.5,0.78,2,378
W177,07-02-2026,1563,7.6,22,16:10:00,night,4.49,0.76,4,384
W177,08-02-2026,1337,4.3,21,17:10:00,night,4.1,0.81,3,317
W177,09-02-2026,332,5.8,5,18:10:00,night,4.26,0.75,3,374
W177,10-02-2026,1381,3.6,21,19:10:00,night,4.01,0.76,2,300
W177,12-02-2026,929,3,14,20:10:00,night,4.43,0.71,4,362
W177,13-02-2026,409,5.7,5,21:10:00,afternoon,4.04,0.75,4,431
W177,14-02-2026,573,5,10,22:10:00,afternoon,4.24,0.83,2,427
W177,15-02-2026,880,7.9,14,23:10:00,afternoon,4.33,0.71,2,443
W177,17-02-2026,1528,5.3,21,00:10:00,night,4.28,0.74,4,435
W177,18-02-2026,516,7.7,6,01:10:00,morning,4.21,0.74,2,326
W177,20-02-2026,1250,3.7,17,02:10:00,afternoon,4.24,0.78,2,427
W177,21-02-2026,301,3.2,5,03:10:00,morning,4.31,0.85,2,377
W177,24-02-2026,1089,5.3,14,04:10:00,evening,4.13,0.72,2,414
W177,26-02-2026,1353,4.7,18,05:10:00,night,4.04,0.77,4,447
W177,01-03-2026,200,7.6,5,06:10:00,night,4.24,0.73,2,311
W178,02-01-2026,666,5.9,9,07:10:00,night,4.35,0.78,3,429
W178,03-01-2026,200,5.1,5,08:10:00,night,4.43,0.7,3,331
W178,04-01-2026,834,4.1,13,09:10:00,morning,4.33,0.76,2,321
W178,05-01-2026,756,3.9,12,10:10:00,night,4.31,0.83,3,404
W178,06-01-2026,602,5.2,10,11:10:00,night,4.48,0.79,3,424
W178,08-01-2026,461,3.3,5,12:10:00,evening,4.42,0.77,3,375
W178,09-01-2026,629,3.9,10,13:10:00,night,4.41,0.73,2,346
W178,10-01-2026,915,7.4,13,14:10:00,morning,4.45,0.7,4,404
W178,11-01-2026,489,4.4,5,15:10:00,afternoon,4.3,0.83,2,392
W178,12-01-2026,691,5.9,8,16:10:00,morning,4.04,0.72,3,386
W178,14-01-2026,1289,4.9,16,17:10:00,morning,4.43,0.7,3,431
W178,16-01-2026,617,7,7,18:10:00,morning,4,0.81,2,372
W178,17-01-2026,1748,4.2,23,19:10:00,night,4.12,0.78,3,395
W178,18-01-2026,200,3.3,5,20:10:00,morning,4.16,0.81,2,315
W178,19-01-2026,980,3.6,16,21:10:00,morning,4.29,0.84,3,376
W178,22-01-2026,484,6.1,5,22:10:00,evening,4.02,0.85,4,413
W178,24-01-2026,1038,4.2,15,23:10:00,afternoon,4.27,0.74,2,389
W178,25-01-2026,551,6.8,6,00:10:00,morning,4.28,0.75,3,428
W178,26-01-2026,522,7.7,6,01:10:00,morning,4.27,0.71,2,347
W178,29-01-2026,1070,7.3,13,02:10:00,evening,4.36,0.82,4,449
W178,30-01-2026,1116,7.9,13,03:10:00,afternoon,4.37,0.7,3,347
W178,31-01-2026,1469,7.6,22,04:10:00,morning,4.43,0.78,3,316
W178,01-02-2026,691,5.8,9,05:10:00,morning,4,0.81,4,432
W178,02-02-2026,860,7.7,11,06:10:00,afternoon,4.33,0.72,2,369
W178,03-02-2026,524,6.2,6,07:10:00,afternoon,4.15,0.72,3,336
W178,04-02-2026,553,3.7,5,08:10:00,night,4.44,0.73,3,385
W178,05-02-2026,523,4.4,6,09:10:00,night,4.1,0.71,3,438
W178,07-02-2026,1029,3.7,14,10:10:00,night,4.4,0.75,3,318
W178,08-02-2026,1309,6.2,18,11:10:00,morning,4.21,0.83,3,406
W178,09-02-2026,1093,5.4,13,12:10:00,evening,4.26,0.84,3,378
W178,10-02-2026,313,5.4,6,13:10:00,afternoon,4.34,0.83,2,305
W178,11-02-2026,700,3.6,12,14:10:00,night,4.28,0.72,3,442
W178,12-02-2026,1614,3.3,25,15:10:00,morning,4.38,0.76,3,405
W178,13-02-2026,844,7.6,11,16:10:00,morning,4.17,0.81,2,332
W178,14-02-2026,1141,7,15,17:10:00,evening,4.41,0.72,2,439
W178,15-02-2026,1666,4.2,25,18:10:00,morning,4.3,0.72,3,404
W178,17-02-2026,1168,7.8,15,19:10:00,night,4.14,0.78,4,331
W178,18-02-2026,662,7,9,20:10:00,night,4.23,0.79,2,425
W178,19-02-2026,367,5,5,21:10:00,morning,4.23,0.82,4,311
W178,20-02-2026,1145,6.2,14,22:10:00,evening,4.49,0.75,2,323
W178,21-02-2026,882,3.2,13,23:10:00,night,4.08,0.85,3,313
W178,23-02-2026,514,4,9,00:10:00,night,4.39,0.72,2,356
W178,24-02-2026,800,5.5,10,01:10:00,afternoon,4.39,0.82,3,417
W178,25-02-2026,1076,4.3,15,02:10:00,afternoon,4.1,0.71,4,372
W178,27-02-2026,262,6.2,5,03:10:00,afternoon,4.2,0.75,2,424
W178,28-02-2026,1200,5.4,18,04:10:00,night,4.21,0.83,3,445
W178,01-03-2026,1083,6.9,13,05:10:00,evening,4.11,0.77,2,313
W179,04-01-2026,993,5.8,15,06:10:00,morning,4.9,0.97,0,153
W179,06-01-2026,1326,4.3,16,07:10:00,afternoon,4.93,0.96,0,169
W179,07-01-2026,1281,6.4,17,08:10:00,night,4.72,0.92,1,161
W179,08-01-2026,1135,4.9,18,09:10:00,morning,4.65,0.97,1,102
W179,09-01-2026,1236,6.4,17,10:10:00,afternoon,4.72,0.93,1,133
W179,15-01-2026,991,7.6,13,11:10:00,night,4.62,0.98,1,155
W179,16-01-2026,1228,4.6,16,12:10:00,night,4.74,0.98,0,146
W179,17-01-2026,1358,5.4,20,13:10:00,night,4.89,0.93,1,146
W179,18-01-2026,1154,5.5,14,14:10:00,evening,4.81,0.96,0,129
W179,19-01-2026,1108,4.3,15,15:10:00,evening,4.91,0.98,0,159
W179,22-01-2026,1043,4.4,13,16:10:00,night,4.68,0.94,1,105
W179,23-01-2026,1184,6.7,15,17:10:00,afternoon,4.72,0.94,1,122
W179,24-01-2026,912,3.8,14,18:10:00,evening,4.64,0.95,1,111
W179,25-01-2026,1126,6.4,17,19:10:00,evening,4.99,0.9,0,132
W179,27-01-2026,879,3.1,11,20:10:00,afternoon,4.86,0.92,1,154
W179,31-01-2026,1027,4.5,14,21:10:00,morning,5,0.94,1,147
W179,01-02-2026,618,3.4,8,22:10:00,afternoon,4.69,0.95,1,155
W179,03-02-2026,1047,3.7,14,23:10:00,afternoon,4.72,0.96,0,164
W179,04-02-2026,1039,4.8,16,00:10:00,evening,4.89,0.98,1,146
W179,05-02-2026,1018,3.6,12,01:10:00,night,4.76,0.95,1,151
W179,06-02-2026,1306,5.8,20,02:10:00,evening,4.75,0.93,1,126
W179,07-02-2026,1140,4.6,15,03:10:00,night,4.8,0.94,0,112
W179,08-02-2026,1410,6,18,04:10:00,evening,4.94,0.9,0,172
W179,11-02-2026,1167,3.5,17,05:10:00,night,4.87,0.93,0,171
W179,13-02-2026,1361,7,19,06:10:00,evening,4.77,0.93,1,122
W179,14-02-2026,983,3.8,16,07:10:00,morning,4.97,0.95,1,154
W179,15-02-2026,1098,5.9,16,08:10:00,night,4.74,0.92,0,175
W179,16-02-2026,1082,5.1,17,09:10:00,morning,4.81,0.92,1,108
W179,17-02-2026,1070,3.6,17,10:10:00,evening,4.83,0.92,1,178
W179,18-02-2026,1043,4.7,13,11:10:00,night,4.75,0.91,1,169
W179,19-02-2026,1111,5.9,16,12:10:00,morning,4.86,0.93,0,146
W179,20-02-2026,1091,7.1,17,13:10:00,afternoon,4.94,0.9,1,117
W179,21-02-2026,807,3.8,9,14:10:00,evening,4.73,0.92,1,174
W179,22-02-2026,1032,3.1,12,15:10:00,evening,4.87,0.98,0,161
W179,24-02-2026,969,7.8,12,16:10:00,evening,4.95,0.95,1,177
W179,25-02-2026,1027,5.4,13,17:10:00,night,4.83,0.94,1,113
W179,26-02-2026,1126,5,15,18:10:00,morning,4.64,0.95,1,159
W179,27-02-2026,1295,6.2,18,19:10:00,morning,4.73,0.92,1,129
W179,28-02-2026,947,4.7,14,20:10:00,afternoon,4.97,0.94,0,136
W180,08-01-2026,1187,3.8,18,21:10:00,night,4.51,0.89,2,287
W180,09-01-2026,716,4.9,12,22:10:00,night,4.49,0.84,1,196
W180,10-01-2026,664,5.7,9,23:10:00,night,4.53,0.84,1,277
W180,11-01-2026,730,3.2,10,00:10:00,morning,4.43,0.88,2,278
W180,12-01-2026,766,5.1,10,01:10:00,evening,4.54,0.8,2,230
W180,13-01-2026,916,5.4,11,02:10:00,morning,4.31,0.85,1,289
W180,15-01-2026,605,3.7,9,03:10:00,evening,4.39,0.83,1,199
W180,16-01-2026,966,6.2,11,04:10:00,afternoon,4.55,0.86,2,188
W180,17-01-2026,1192,3.2,18,05:10:00,afternoon,4.64,0.89,2,229
W180,18-01-2026,1038,6.9,13,06:10:00,night,4.62,0.83,2,214
W180,19-01-2026,683,6.6,8,07:10:00,afternoon,4.46,0.83,1,280
W180,20-01-2026,677,4,8,08:10:00,evening,4.34,0.88,1,299
W180,21-01-2026,907,5.2,11,09:10:00,night,4.56,0.8,2,271
W180,22-01-2026,774,5.9,9,10:10:00,morning,4.56,0.86,2,206
W180,23-01-2026,918,5.5,15,11:10:00,morning,4.44,0.89,1,212
W180,24-01-2026,944,3.9,15,12:10:00,night,4.51,0.88,2,292
W180,25-01-2026,1328,4.7,16,13:10:00,afternoon,4.48,0.85,2,221
W180,27-01-2026,1309,3.6,20,14:10:00,night,4.5,0.84,1,202
W180,28-01-2026,675,7.6,7,15:10:00,evening,4.34,0.88,1,231
W180,29-01-2026,843,5.7,10,16:10:00,morning,4.58,0.86,1,181
W180,01-02-2026,981,7,12,17:10:00,evening,4.64,0.83,2,203
W180,02-02-2026,1166,7.2,15,18:10:00,night,4.57,0.87,1,296
W180,03-02-2026,683,6.6,11,19:10:00,morning,4.31,0.86,1,246
W180,05-02-2026,850,7.4,11,20:10:00,afternoon,4.41,0.82,2,214
W180,06-02-2026,1598,4.8,21,21:10:00,morning,4.39,0.86,1,229
W180,08-02-2026,935,7.8,15,22:10:00,afternoon,4.45,0.85,1,226
W180,09-02-2026,730,4.1,10,23:10:00,afternoon,4.34,0.86,2,240
W180,10-02-2026,798,4.3,12,00:10:00,morning,4.66,0.8,1,290
W180,11-02-2026,386,3.3,7,01:10:00,night,4.69,0.87,2,187
W180,12-02-2026,933,3.5,13,02:10:00,night,4.39,0.82,1,202
W180,13-02-2026,816,7.9,11,03:10:00,morning,4.48,0.87,2,219
W180,14-02-2026,838,3.6,11,04:10:00,night,4.54,0.83,1,229
W180,15-02-2026,1085,5.7,13,05:10:00,night,4.47,0.83,2,218
W180,16-02-2026,665,5.4,10,06:10:00,evening,4.68,0.89,1,280
W180,18-02-2026,880,6.8,13,07:10:00,morning,4.55,0.86,2,247
W180,19-02-2026,887,3.1,12,08:10:00,night,4.32,0.85,2,285
W180,20-02-2026,574,7.8,8,09:10:00,afternoon,4.65,0.89,1,182
W180,21-02-2026,1295,3.3,19,10:10:00,night,4.63,0.82,2,181
W180,22-02-2026,511,6.4,9,11:10:00,night,4.67,0.87,1,295
W180,23-02-2026,694,7.4,8,12:10:00,night,4.49,0.84,1,294
W180,25-02-2026,866,8,10,13:10:00,night,4.69,0.89,1,280
W180,26-02-2026,708,7.2,11,14:10:00,night,4.68,0.89,1,199
W180,01-03-2026,1144,3.2,17,15:10:00,afternoon,4.67,0.89,2,180
W181,12-01-2026,1281,5.4,16,16:10:00,morning,4.6,0.94,1,144
W181,13-01-2026,1013,6.8,15,17:10:00,afternoon,4.89,0.9,0,123
W181,14-01-2026,1094,5.6,13,18:10:00,afternoon,4.62,0.98,0,141
W181,15-01-2026,1141,4.2,14,19:10:00,morning,4.9,0.94,0,121
W181,16-01-2026,995,5.3,14,20:10:00,night,4.95,0.94,1,112
W181,17-01-2026,1042,7.4,12,21:10:00,afternoon,4.65,0.93,0,160
W181,18-01-2026,1230,4.9,17,22:10:00,evening,4.95,0.91,1,108
W181,19-01-2026,984,3.1,12,23:10:00,morning,4.64,0.94,1,122
W181,21-01-2026,1018,5.5,13,00:10:00,night,4.83,0.96,0,128
W181,22-01-2026,1145,3.2,16,01:10:00,afternoon,4.77,0.98,1,151
W181,23-01-2026,1070,5.1,13,02:10:00,morning,4.91,0.97,0,156
W181,24-01-2026,1229,4.7,18,03:10:00,morning,4.61,0.91,1,122
W181,25-01-2026,1139,5.2,15,04:10:00,night,4.75,0.96,1,112
W181,26-01-2026,1258,5.3,18,05:10:00,evening,4.93,0.97,1,144
W181,29-01-2026,966,6.4,14,06:10:00,night,4.8,0.91,0,107
W181,30-01-2026,1005,6.7,15,07:10:00,evening,4.65,0.9,1,114
W181,31-01-2026,1130,4.2,18,08:10:00,evening,4.81,0.96,0,139
W181,01-02-2026,1229,3.1,16,09:10:00,afternoon,4.81,0.96,0,162
W181,02-02-2026,1100,5.9,16,10:10:00,afternoon,4.75,0.92,1,108
W181,04-02-2026,1249,5.9,17,11:10:00,night,4.83,0.94,1,115
W181,05-02-2026,1092,7.6,14,12:10:00,night,4.68,0.92,1,169
W181,06-02-2026,898,7.7,11,13:10:00,morning,4.8,0.91,0,137
W181,07-02-2026,953,5.4,13,14:10:00,evening,4.64,0.94,1,136
W181,08-02-2026,1057,5,16,15:10:00,night,4.76,0.95,1,113
W181,10-02-2026,1087,5.1,15,16:10:00,morning,4.72,0.91,1,110
W181,11-02-2026,1133,3.4,17,17:10:00,afternoon,4.95,0.95,0,149
W181,12-02-2026,1293,7.9,18,18:10:00,morning,4.88,0.91,1,145
W181,13-02-2026,1195,6.1,16,19:10:00,morning,4.63,0.95,1,154
W181,15-02-2026,1259,3.8,18,20:10:00,night,4.71,0.98,1,163
W181,17-02-2026,1181,3.5,15,21:10:00,morning,4.87,0.94,1,135
W181,19-02-2026,1215,5.9,16,22:10:00,morning,4.73,0.92,0,136
W181,20-02-2026,1085,4.8,16,23:10:00,night,4.71,0.92,0,148
W181,21-02-2026,1251,5.2,16,00:10:00,night,4.7,0.95,1,149
W181,22-02-2026,903,3.2,10,01:10:00,evening,4.84,0.94,0,165
W181,23-02-2026,1238,7.6,19,02:10:00,morning,4.7,0.94,1,100
W181,24-02-2026,1032,8,12,03:10:00,afternoon,4.84,0.96,0,161
W181,25-02-2026,1084,7.6,17,04:10:00,evening,4.67,0.93,0,160
W181,26-02-2026,1086,4.8,13,05:10:00,morning,4.8,0.95,0,179
W181,28-02-2026,1047,6.3,14,06:10:00,night,4.79,0.96,0,146
W181,01-03-2026,1036,6.7,15,07:10:00,afternoon,4.65,0.9,1,157
W182,02-01-2026,223,7.1,5,08:10:00,morning,4.49,0.81,2,315
W182,04-01-2026,756,6.5,12,09:10:00,morning,4.08,0.85,2,348
W182,05-01-2026,1210,6.1,16,10:10:00,evening,4.32,0.82,2,351
W182,06-01-2026,200,3.8,5,11:10:00,afternoon,4.26,0.8,2,369
W182,07-01-2026,582,7.3,7,12:10:00,evening,4.18,0.73,2,415
W182,08-01-2026,296,6.5,5,13:10:00,morning,4.29,0.7,4,406
W182,10-01-2026,402,7.1,6,14:10:00,night,4.22,0.85,4,384
W182,11-01-2026,873,3.2,13,15:10:00,morning,4.13,0.83,3,362
W182,12-01-2026,437,3.8,5,16:10:00,morning,4.27,0.85,4,377
W182,13-01-2026,1377,5.6,18,17:10:00,night,4.35,0.72,3,336
W182,15-01-2026,672,7.3,7,18:10:00,afternoon,4.48,0.81,2,335
W182,16-01-2026,1137,4,14,19:10:00,evening,4.2,0.77,2,363
W182,17-01-2026,1110,5.4,13,20:10:00,morning,4.3,0.79,3,360
W182,18-01-2026,1567,7.8,20,21:10:00,morning,4.09,0.84,2,392
W182,19-01-2026,1009,6.1,15,22:10:00,night,4.27,0.76,2,358
W182,20-01-2026,1153,4.7,17,23:10:00,morning,4.43,0.82,4,393
W182,21-01-2026,425,6.4,6,00:10:00,morning,4.31,0.71,3,304
W182,22-01-2026,1080,5.1,15,01:10:00,evening,4.1,0.76,3,315
W182,23-01-2026,479,5.3,8,02:10:00,night,4.24,0.81,4,399
W182,25-01-2026,654,6.8,7,03:10:00,night,4.02,0.84,4,384
W182,28-01-2026,1258,4,19,04:10:00,night,4.16,0.83,4,350
W182,29-01-2026,1411,4.8,20,05:10:00,morning,4.31,0.73,2,361
W182,01-02-2026,701,6.1,8,06:10:00,night,4.24,0.79,3,407
W182,03-02-2026,925,5.3,15,07:10:00,night,4.4,0.8,4,353
W182,04-02-2026,1481,7.7,22,08:10:00,evening,4.23,0.8,4,400
W182,05-02-2026,200,6.2,5,09:10:00,night,4.47,0.74,2,316
W182,06-02-2026,1257,6.3,18,10:10:00,night,4.29,0.83,2,391
W182,07-02-2026,430,3.9,8,11:10:00,morning,4.17,0.85,4,422
W182,08-02-2026,995,5,14,12:10:00,night,4.19,0.7,4,318
W182,09-02-2026,965,8,11,13:10:00,morning,4.15,0.78,3,414
W182,10-02-2026,1173,3.1,14,14:10:00,evening,4.36,0.71,3,327
W182,11-02-2026,473,5.2,5,15:10:00,night,4.03,0.85,4,441
W182,12-02-2026,1137,6.2,18,16:10:00,night,4.23,0.77,2,410
W182,13-02-2026,200,7.8,5,17:10:00,evening,4.02,0.81,3,444
W182,14-02-2026,520,4.8,8,18:10:00,night,4.31,0.77,3,403
W182,15-02-2026,405,3.5,5,19:10:00,night,4.41,0.75,4,330
W182,16-02-2026,1301,3.2,18,20:10:00,afternoon,4.14,0.76,3,301
W182,17-02-2026,1504,5.5,19,21:10:00,night,4.18,0.7,2,365
W182,19-02-2026,1060,4,17,22:10:00,night,4.02,0.84,4,323
W182,20-02-2026,347,3.5,5,23:10:00,night,4.33,0.72,3,441
W182,21-02-2026,200,7.8,5,00:10:00,evening,4.21,0.84,2,357
W182,22-02-2026,973,5.4,14,01:10:00,afternoon,4.1,0.73,4,339
W182,23-02-2026,791,7,12,02:10:00,afternoon,4.45,0.7,4,442
W182,25-02-2026,1201,4,18,03:10:00,morning,4.33,0.8,4,375
W182,26-02-2026,550,7.3,9,04:10:00,night,4.01,0.82,4,404
W182,27-02-2026,216,5,5,05:10:00,night,4.11,0.74,4,301
W182,28-02-2026,471,7.9,5,06:10:00,morning,4.33,0.74,3,388
W182,01-03-2026,848,4.7,14,07:10:00,morning,4.4,0.8,3,391
W183,08-01-2026,1019,4.9,12,08:10:00,morning,4.94,0.95,0,139
W183,09-01-2026,1059,4.4,13,09:10:00,night,4.72,0.96,1,115
W183,11-01-2026,1406,6.4,19,10:10:00,afternoon,4.8,0.93,0,150
W183,12-01-2026,919,7,13,11:10:00,evening,4.74,0.91,1,114
W183,13-01-2026,1142,5.2,16,12:10:00,night,4.85,0.97,0,122
W183,16-01-2026,1144,7.8,15,13:10:00,evening,4.61,0.91,1,113
W183,17-01-2026,1210,7.6,18,14:10:00,evening,4.88,0.94,0,115
W183,19-01-2026,1222,7.9,19,15:10:00,night,4.89,0.93,0,144
W183,20-01-2026,1136,7.2,14,16:10:00,evening,4.73,0.96,0,151
W183,22-01-2026,1070,4.2,13,17:10:00,evening,4.85,0.92,0,171
W183,23-01-2026,932,4.3,15,18:10:00,night,4.7,0.91,0,121
W183,24-01-2026,1048,5.3,14,19:10:00,night,4.92,0.9,0,103
W183,25-01-2026,941,6.1,15,20:10:00,night,4.98,0.98,1,136
W183,26-01-2026,1004,6.4,16,21:10:00,evening,4.95,0.94,0,163
W183,27-01-2026,810,4.6,10,22:10:00,evening,4.61,0.9,0,157
W183,29-01-2026,1128,5.7,15,23:10:00,afternoon,4.62,0.92,1,154
W183,30-01-2026,1157,4.9,15,00:10:00,night,4.92,0.95,0,143
W183,31-01-2026,1044,3.2,16,01:10:00,morning,4.92,0.96,0,132
W183,01-02-2026,1135,4.7,17,02:10:00,evening,4.71,0.93,0,113
W183,02-02-2026,1253,7.3,18,03:10:00,afternoon,4.83,0.94,0,111
W183,03-02-2026,999,3.1,13,04:10:00,afternoon,4.99,0.92,1,166
W183,04-02-2026,1123,7.2,16,05:10:00,afternoon,4.66,0.95,0,103
W183,05-02-2026,951,7.8,14,06:10:00,evening,4.65,0.95,0,135
W183,06-02-2026,886,3.3,13,07:10:00,afternoon,4.76,0.93,0,147
W183,07-02-2026,938,6.6,15,08:10:00,night,4.97,0.95,0,114
W183,08-02-2026,1150,3.3,16,09:10:00,night,4.72,0.98,0,142
W183,09-02-2026,1366,3.4,20,10:10:00,morning,4.94,0.9,0,101
W183,10-02-2026,960,5.4,15,11:10:00,morning,4.84,0.96,1,112
W183,11-02-2026,954,6.3,14,12:10:00,night,4.98,0.9,1,119
W183,12-02-2026,1141,6.8,15,13:10:00,afternoon,4.64,0.9,1,133
W183,13-02-2026,1116,4.7,13,14:10:00,afternoon,4.88,0.97,1,167
W183,14-02-2026,1023,4.7,14,15:10:00,evening,4.75,0.9,1,172
W183,15-02-2026,1001,3.3,12,16:10:00,evening,4.67,0.92,1,176
W183,16-02-2026,1003,5.5,12,17:10:00,morning,4.79,0.93,1,164
W183,18-02-2026,1210,4.1,18,18:10:00,night,4.98,0.92,1,121
W183,19-02-2026,1051,5.7,14,19:10:00,night,4.88,0.94,0,121
W183,20-02-2026,1122,5.8,14,20:10:00,morning,4.84,0.98,1,176
W183,21-02-2026,1339,7.7,18,21:10:00,morning,4.7,0.94,1,125
W183,22-02-2026,1135,3.7,14,22:10:00,afternoon,4.9,0.94,1,155
W183,23-02-2026,1250,4.3,17,23:10:00,evening,4.95,0.9,0,137
W183,24-02-2026,1023,7.1,12,00:10:00,afternoon,4.68,0.94,0,131
W183,25-02-2026,1015,3.6,12,01:10:00,night,4.78,0.96,0,147
W183,27-02-2026,1391,5.9,20,02:10:00,afternoon,4.74,0.95,0,107
W183,01-03-2026,1189,7.1,18,03:10:00,night,4.94,0.95,1,149
W184,01-01-2026,784,5.4,10,04:10:00,night,4.49,0.82,1,295
W184,02-01-2026,787,5.3,10,05:10:00,morning,4.47,0.82,2,185
W184,03-01-2026,801,6.8,11,06:10:00,night,4.46,0.85,2,196
W184,04-01-2026,641,3.1,11,07:10:00,night,4.49,0.84,1,189
W184,05-01-2026,968,4,15,08:10:00,morning,4.35,0.81,2,278
W184,06-01-2026,1095,7.1,14,09:10:00,morning,4.37,0.83,2,217
W184,07-01-2026,764,5.2,11,10:10:00,evening,4.44,0.84,1,287
W184,09-01-2026,616,4.3,8,11:10:00,evening,4.53,0.85,2,274
W184,10-01-2026,643,8,11,12:10:00,morning,4.34,0.9,2,297
W184,11-01-2026,1098,4.1,17,13:10:00,night,4.49,0.84,2,236
W184,13-01-2026,776,5.6,10,14:10:00,night,4.56,0.86,1,204
W184,14-01-2026,1414,5.1,21,15:10:00,night,4.32,0.82,2,299
W184,15-01-2026,842,7.9,11,16:10:00,night,4.43,0.83,2,254
W184,17-01-2026,655,4.4,9,17:10:00,night,4.3,0.85,1,297
W184,18-01-2026,765,3.7,12,18:10:00,afternoon,4.47,0.83,2,278
W184,19-01-2026,536,7.7,7,19:10:00,afternoon,4.66,0.84,1,193
W184,21-01-2026,777,3.9,11,20:10:00,afternoon,4.47,0.85,1,293
W184,22-01-2026,939,7,11,21:10:00,morning,4.36,0.81,2,292
W184,24-01-2026,846,6.5,11,22:10:00,afternoon,4.49,0.85,2,246
W184,25-01-2026,960,4.5,12,23:10:00,afternoon,4.45,0.81,2,239
W184,26-01-2026,631,3.2,10,00:10:00,night,4.55,0.87,1,280
W184,27-01-2026,1198,7.2,15,01:10:00,afternoon,4.69,0.84,1,273
W184,28-01-2026,797,5,11,02:10:00,afternoon,4.54,0.84,2,262
W184,29-01-2026,1351,7.2,21,03:10:00,afternoon,4.43,0.86,1,187
W184,30-01-2026,788,7.4,13,04:10:00,night,4.68,0.87,2,253
W184,31-01-2026,278,3.6,5,05:10:00,night,4.63,0.87,1,205
W184,01-02-2026,329,7.5,5,06:10:00,evening,4.59,0.88,2,246
W184,02-02-2026,1009,3.2,12,07:10:00,evening,4.45,0.86,1,242
W184,03-02-2026,719,3.9,8,08:10:00,afternoon,4.33,0.81,1,268
W184,04-02-2026,1221,5,15,09:10:00,night,4.41,0.8,1,265
W184,05-02-2026,852,3.9,13,10:10:00,night,4.58,0.86,1,293
W184,07-02-2026,1449,7.9,20,11:10:00,afternoon,4.37,0.84,1,212
W184,08-02-2026,877,3.2,14,12:10:00,night,4.59,0.87,1,216
W184,09-02-2026,1137,5.2,14,13:10:00,morning,4.69,0.88,2,293
W184,11-02-2026,1226,7.9,17,14:10:00,night,4.6,0.8,2,242
W184,12-02-2026,982,6.1,13,15:10:00,morning,4.49,0.83,2,240
W184,13-02-2026,849,7,14,16:10:00,night,4.65,0.82,1,210
W184,14-02-2026,923,4.8,14,17:10:00,afternoon,4.56,0.83,2,203
W184,16-02-2026,496,4.4,6,18:10:00,night,4.33,0.89,2,269
W184,17-02-2026,1073,5.2,15,19:10:00,night,4.67,0.81,1,213
W184,18-02-2026,490,7.5,6,20:10:00,morning,4.31,0.8,1,223
W184,20-02-2026,706,3.8,9,21:10:00,morning,4.65,0.89,2,201
W184,21-02-2026,857,7.4,11,22:10:00,evening,4.34,0.89,1,249
W184,22-02-2026,658,5.9,9,23:10:00,morning,4.66,0.85,1,279
W184,23-02-2026,1043,3.5,13,00:10:00,afternoon,4.4,0.86,1,186
W184,26-02-2026,475,3,6,01:10:00,evening,4.69,0.84,2,243
W184,27-02-2026,933,7.4,15,02:10:00,night,4.4,0.82,1,254
W184,01-03-2026,689,7.1,7,03:10:00,morning,4.58,0.88,2,215
W185,07-01-2026,966,7.5,11,04:10:00,night,4.3,0.75,4,385
W185,08-01-2026,1238,4.6,19,05:10:00,night,4.47,0.73,4,309
W185,09-01-2026,1517,5.6,20,06:10:00,morning,4.25,0.8,2,427
W185,11-01-2026,578,3.6,7,07:10:00,night,4.24,0.85,3,304
W185,13-01-2026,1291,6.4,18,08:10:00,morning,4.04,0.74,4,403
W185,14-01-2026,910,4.9,12,09:10:00,night,4.29,0.79,2,326
W185,16-01-2026,940,6,12,10:10:00,morning,4.02,0.79,4,373
W185,17-01-2026,966,3.7,11,11:10:00,night,4.41,0.71,3,322
W185,18-01-2026,447,5.7,8,12:10:00,morning,4.47,0.82,3,352
W185,19-01-2026,833,5.6,10,13:10:00,night,4.09,0.71,4,352
W185,20-01-2026,430,3.6,5,14:10:00,morning,4.44,0.77,2,315
W185,23-01-2026,333,6.5,5,15:10:00,morning,4.01,0.8,4,414
W185,24-01-2026,871,3.6,10,16:10:00,afternoon,4.48,0.74,2,444
W185,25-01-2026,449,6.4,5,17:10:00,afternoon,4.15,0.7,2,359
W185,26-01-2026,618,3.6,7,18:10:00,afternoon,4.22,0.8,3,445
W185,27-01-2026,243,5.3,5,19:10:00,evening,4.18,0.73,2,350
W185,28-01-2026,220,7.4,5,20:10:00,morning,4.28,0.75,3,448
W185,29-01-2026,1023,4.8,13,21:10:00,evening,4.41,0.78,3,343
W185,30-01-2026,800,7.1,12,22:10:00,afternoon,4.29,0.74,4,415
W185,31-01-2026,440,6.5,5,23:10:00,night,4.1,0.8,3,421
W185,01-02-2026,418,6.7,5,00:10:00,afternoon,4.13,0.78,4,361
W185,02-02-2026,901,5.4,14,01:10:00,morning,4.36,0.83,4,378
W185,03-02-2026,1214,3.5,15,02:10:00,evening,4.1,0.74,2,400
W185,04-02-2026,640,3.5,8,03:10:00,morning,4.33,0.76,2,362
W185,05-02-2026,1657,4.6,21,04:10:00,evening,4.47,0.82,3,302
W185,06-02-2026,1222,7.9,17,05:10:00,morning,4.33,0.76,4,361
W185,07-02-2026,497,5.1,5,06:10:00,afternoon,4.08,0.77,2,404
W185,08-02-2026,200,4.5,5,07:10:00,evening,4.06,0.8,3,333
W185,09-02-2026,1441,7.1,21,08:10:00,night,4.18,0.78,3,344
W185,10-02-2026,781,3.6,11,09:10:00,evening,4.06,0.79,4,325
W185,11-02-2026,1239,5.4,18,10:10:00,evening,4.3,0.71,2,439
W185,12-02-2026,397,5.2,5,11:10:00,afternoon,4.18,0.82,2,442
W185,13-02-2026,1111,5.6,14,12:10:00,afternoon,4.28,0.81,2,390
W185,14-02-2026,1560,6.7,22,13:10:00,afternoon,4.23,0.8,2,339
W185,15-02-2026,790,7.1,12,14:10:00,morning,4.31,0.79,3,400
W185,16-02-2026,200,3.8,5,15:10:00,night,4.47,0.8,2,441
W185,17-02-2026,1080,7.1,13,16:10:00,evening,4.35,0.78,3,345
W185,18-02-2026,1168,5.3,14,17:10:00,night,4.39,0.71,2,395
W185,19-02-2026,892,3.1,12,18:10:00,night,4.06,0.83,3,449
W185,20-02-2026,1301,3.8,19,19:10:00,morning,4.28,0.81,4,441
W185,21-02-2026,768,5.8,12,20:10:00,night,4.03,0.8,4,385
W185,24-02-2026,385,6.8,6,21:10:00,evening,4.32,0.79,2,360
W185,25-02-2026,946,6,12,22:10:00,morning,4.41,0.71,3,405
W185,26-02-2026,736,6.2,9,23:10:00,morning,4.38,0.85,3,312
W185,27-02-2026,1228,6.4,17,00:10:00,afternoon,4.06,0.76,3,369
W185,28-02-2026,1286,7.8,16,01:10:00,morning,4.33,0.83,3,306
W185,01-03-2026,1697,5.7,26,02:10:00,night,4.03,0.73,4,404
W186,05-01-2026,1223,7.4,18,03:10:00,morning,4.43,0.87,1,296
W186,07-01-2026,955,5.4,13,04:10:00,night,4.47,0.82,2,291
W186,08-01-2026,1085,3.5,16,05:10:00,evening,4.32,0.83,2,257
W186,09-01-2026,654,7.8,9,06:10:00,evening,4.38,0.89,1,260
W186,10-01-2026,549,3.5,8,07:10:00,afternoon,4.68,0.82,2,271
W186,11-01-2026,1460,6.5,20,08:10:00,morning,4.52,0.86,1,235
W186,12-01-2026,588,4.7,7,09:10:00,morning,4.64,0.87,2,263
W186,13-01-2026,642,6,9,10:10:00,afternoon,4.56,0.84,1,254
W186,14-01-2026,710,3.5,11,11:10:00,morning,4.44,0.89,1,297
W186,15-01-2026,831,6.7,13,12:10:00,evening,4.68,0.86,1,211
W186,17-01-2026,781,3.3,10,13:10:00,night,4.39,0.84,2,279
W186,18-01-2026,927,7.4,14,14:10:00,evening,4.31,0.83,2,204
W186,19-01-2026,1070,6.2,13,15:10:00,night,4.4,0.85,1,205
W186,20-01-2026,1289,6.1,20,16:10:00,night,4.34,0.86,2,215
W186,21-01-2026,1005,7.9,12,17:10:00,morning,4.6,0.82,2,287
W186,22-01-2026,680,7.3,7,18:10:00,morning,4.41,0.9,1,282
W186,23-01-2026,1091,7.4,16,19:10:00,afternoon,4.47,0.82,1,253
W186,24-01-2026,479,4.5,7,20:10:00,night,4.32,0.87,1,251
W186,25-01-2026,613,7.3,6,21:10:00,morning,4.41,0.85,1,278
W186,26-01-2026,794,4.5,11,22:10:00,night,4.56,0.87,1,269
W186,28-01-2026,737,5.5,12,23:10:00,evening,4.66,0.81,1,299
W186,30-01-2026,1028,3,12,00:10:00,afternoon,4.55,0.87,1,201
W186,31-01-2026,266,6.9,5,01:10:00,night,4.67,0.84,1,285
W186,01-02-2026,1034,7.5,16,02:10:00,afternoon,4.48,0.82,1,200
W186,02-02-2026,985,4.7,16,03:10:00,morning,4.34,0.83,2,222
W186,03-02-2026,703,4.7,9,04:10:00,morning,4.43,0.88,1,254
W186,04-02-2026,424,5,5,05:10:00,night,4.64,0.84,1,255
W186,05-02-2026,775,7,10,06:10:00,night,4.39,0.83,1,284
W186,06-02-2026,1223,6.2,19,07:10:00,night,4.66,0.86,2,299
W186,07-02-2026,937,3.1,15,08:10:00,afternoon,4.39,0.9,1,257
W186,09-02-2026,909,3.8,13,09:10:00,morning,4.3,0.83,2,233
W186,10-02-2026,1203,7.6,16,10:10:00,afternoon,4.32,0.89,1,224
W186,11-02-2026,1340,7.9,17,11:10:00,afternoon,4.56,0.82,2,277
W186,13-02-2026,1447,5.6,19,12:10:00,night,4.54,0.9,1,221
W186,14-02-2026,1229,4.9,16,13:10:00,evening,4.52,0.85,1,218
W186,15-02-2026,1200,3.8,17,14:10:00,night,4.45,0.83,1,180
W186,16-02-2026,799,4.8,12,15:10:00,afternoon,4.31,0.87,1,237
W186,17-02-2026,837,6.9,12,16:10:00,night,4.48,0.88,1,295
W186,18-02-2026,972,5.8,13,17:10:00,evening,4.33,0.83,2,227
W186,19-02-2026,484,4.8,7,18:10:00,night,4.49,0.83,1,286
W186,20-02-2026,785,4.4,12,19:10:00,afternoon,4.39,0.85,2,253
W186,21-02-2026,840,3.8,13,20:10:00,night,4.32,0.83,2,181
W186,22-02-2026,1006,3,14,21:10:00,afternoon,4.42,0.84,1,263
W186,23-02-2026,518,5.5,8,22:10:00,morning,4.38,0.83,2,253
W186,24-02-2026,1241,7.6,17,23:10:00,evening,4.54,0.87,1,222
W186,25-02-2026,993,7.5,15,00:10:00,evening,4.58,0.81,2,217
W186,26-02-2026,923,3.9,11,01:10:00,night,4.42,0.9,1,262
W186,27-02-2026,1056,4.3,13,02:10:00,afternoon,4.34,0.85,1,299
W186,28-02-2026,572,5.7,8,03:10:00,night,4.69,0.88,1,253
W186,01-03-2026,528,3.9,8,04:10:00,evening,4.52,0.88,1,191
W187,04-01-2026,1256,3.4,17,05:10:00,afternoon,4.87,0.93,1,166
W187,05-01-2026,972,3.3,14,06:10:00,morning,4.69,0.97,1,114
W187,06-01-2026,883,3.1,12,07:10:00,morning,4.79,0.9,0,133
W187,07-01-2026,1253,4.1,16,08:10:00,morning,4.7,0.91,1,144
W187,09-01-2026,1330,4.3,17,09:10:00,morning,4.72,0.96,1,117
W187,13-01-2026,1016,7.7,16,10:10:00,afternoon,4.87,0.93,0,116
W187,14-01-2026,1404,6,18,11:10:00,night,4.79,0.92,0,124
W187,15-01-2026,1155,3.5,15,12:10:00,night,4.93,0.97,1,175
W187,17-01-2026,887,7.6,11,13:10:00,night,4.97,0.95,1,160
W187,18-01-2026,988,4.8,12,14:10:00,evening,4.79,0.97,0,162
W187,19-01-2026,890,8,12,15:10:00,afternoon,4.73,0.92,0,101
W187,20-01-2026,970,3.9,15,16:10:00,afternoon,4.96,0.93,1,162
W187,21-01-2026,1201,5.1,16,17:10:00,morning,4.69,0.93,0,118
W187,22-01-2026,1245,4,18,18:10:00,night,4.69,0.95,0,108
W187,23-01-2026,1151,3,17,19:10:00,afternoon,4.91,0.94,0,112
W187,25-01-2026,1135,8,17,20:10:00,night,4.74,0.93,0,165
W187,27-01-2026,1072,6.5,16,21:10:00,night,4.84,0.91,1,148
W187,28-01-2026,1051,7.5,14,22:10:00,morning,4.75,0.96,1,144
W187,29-01-2026,1139,6.1,16,23:10:00,morning,4.8,0.92,1,140
W187,30-01-2026,1338,4.1,19,00:10:00,morning,4.79,0.97,0,157
W187,31-01-2026,936,4.4,14,01:10:00,night,4.98,0.93,0,110
W187,01-02-2026,1107,6.8,17,02:10:00,night,4.76,0.9,1,126
W187,03-02-2026,807,5.9,9,03:10:00,evening,4.92,0.92,1,137
W187,04-02-2026,933,5.1,14,04:10:00,morning,4.97,0.97,1,103
W187,05-02-2026,1125,3.1,17,05:10:00,evening,4.89,0.93,0,146
W187,06-02-2026,1041,7.4,16,06:10:00,morning,4.7,0.93,1,122
W187,07-02-2026,1108,6.7,14,07:10:00,morning,4.84,0.97,1,176
W187,08-02-2026,806,4.6,9,08:10:00,evening,4.81,0.93,1,102
W187,09-02-2026,981,4.8,13,09:10:00,morning,4.99,0.9,0,147
W187,10-02-2026,1284,3.3,20,10:10:00,evening,4.81,0.91,0,158
W187,11-02-2026,825,4.2,11,11:10:00,night,4.69,0.98,1,172
W187,12-02-2026,1062,5.4,15,12:10:00,evening,4.81,0.98,1,136
W187,13-02-2026,1141,6,16,13:10:00,morning,4.98,0.96,1,145
W187,14-02-2026,1124,6.5,17,14:10:00,morning,4.8,0.95,0,111
W187,15-02-2026,1171,7.3,14,15:10:00,night,4.61,0.98,0,111
W187,16-02-2026,1051,7.9,16,16:10:00,evening,4.92,0.91,0,155
W187,17-02-2026,1235,5.9,17,17:10:00,evening,4.75,0.97,0,179
W187,19-02-2026,1208,3.9,15,18:10:00,night,4.97,0.9,0,159
W187,20-02-2026,838,4.5,12,19:10:00,evening,4.79,0.93,1,129
W187,22-02-2026,986,5.9,14,20:10:00,night,4.64,0.96,0,117
W187,25-02-2026,1157,4.3,14,21:10:00,afternoon,4.95,0.94,0,153
W187,27-02-2026,1029,6.8,14,22:10:00,morning,4.99,0.91,1,118
W187,28-02-2026,1409,4,22,23:10:00,evening,4.78,0.94,0,126
W187,01-03-2026,1331,3.2,17,00:10:00,evening,4.96,0.95,1,122
W188,09-01-2026,586,7.5,6,01:10:00,afternoon,4.42,0.86,2,215
W188,11-01-2026,1164,4.2,14,02:10:00,morning,4.42,0.81,1,274
W188,12-01-2026,745,3.9,12,03:10:00,night,4.59,0.89,2,198
W188,13-01-2026,964,6.8,13,04:10:00,night,4.39,0.8,1,267
W188,14-01-2026,1049,3.5,15,05:10:00,morning,4.52,0.84,1,207
W188,17-01-2026,684,3.4,7,06:10:00,afternoon,4.67,0.83,1,210
W188,19-01-2026,847,6.2,13,07:10:00,evening,4.6,0.86,1,189
W188,20-01-2026,1081,5.9,15,08:10:00,night,4.42,0.82,1,204
W188,21-01-2026,1085,4.6,14,09:10:00,night,4.33,0.81,2,181
W188,22-01-2026,846,5.6,14,10:10:00,night,4.44,0.9,1,266
W188,23-01-2026,1133,6.6,17,11:10:00,night,4.5,0.85,1,227
W188,24-01-2026,881,3.5,10,12:10:00,morning,4.62,0.85,2,191
W188,27-01-2026,1043,7.4,15,13:10:00,morning,4.47,0.81,2,290
W188,28-01-2026,1098,6.4,15,14:10:00,night,4.47,0.8,2,277
W188,29-01-2026,1186,4.8,18,15:10:00,morning,4.6,0.84,2,267
W188,30-01-2026,1447,5.1,18,16:10:00,night,4.53,0.83,1,263
W188,31-01-2026,613,3.6,8,17:10:00,afternoon,4.66,0.81,1,215
W188,01-02-2026,286,5.4,5,18:10:00,evening,4.56,0.84,1,236
W188,02-02-2026,1064,7,15,19:10:00,evening,4.47,0.81,1,209
W188,03-02-2026,1027,7.9,16,20:10:00,evening,4.49,0.89,2,292
W188,04-02-2026,829,5.5,12,21:10:00,afternoon,4.4,0.8,1,202
W188,05-02-2026,837,6.8,10,22:10:00,morning,4.31,0.83,2,294
W188,06-02-2026,854,5,13,23:10:00,afternoon,4.46,0.81,1,189
W188,07-02-2026,1043,4.2,15,00:10:00,afternoon,4.48,0.82,2,266
W188,08-02-2026,908,3.1,14,01:10:00,night,4.5,0.88,2,272
W188,09-02-2026,924,4.8,11,02:10:00,afternoon,4.61,0.85,1,182
W188,10-02-2026,581,4.9,7,03:10:00,afternoon,4.64,0.89,1,221
W188,11-02-2026,1032,6,15,04:10:00,night,4.59,0.85,1,232
W188,13-02-2026,667,7.4,10,05:10:00,evening,4.38,0.81,1,272
W188,14-02-2026,985,4.5,13,06:10:00,morning,4.58,0.87,1,252
W188,15-02-2026,654,6,8,07:10:00,afternoon,4.55,0.9,2,214
W188,16-02-2026,1321,7.4,17,08:10:00,morning,4.42,0.87,2,292
W188,17-02-2026,1412,6,21,09:10:00,morning,4.47,0.85,2,272
W188,18-02-2026,820,6.2,13,10:10:00,night,4.36,0.81,1,262
W188,19-02-2026,801,7.7,10,11:10:00,afternoon,4.56,0.9,1,218
W188,20-02-2026,1115,6.4,13,12:10:00,night,4.49,0.88,2,296
W188,21-02-2026,513,5.3,8,13:10:00,morning,4.62,0.82,2,182
W188,22-02-2026,990,5.7,14,14:10:00,night,4.63,0.82,2,293
W188,25-02-2026,983,6.5,15,15:10:00,morning,4.55,0.84,2,192
W188,26-02-2026,909,6.3,12,16:10:00,night,4.37,0.88,1,227
W188,27-02-2026,739,5,9,17:10:00,night,4.48,0.85,2,181
W188,28-02-2026,853,3.8,14,18:10:00,morning,4.4,0.83,2,214
W188,01-03-2026,1053,3.3,14,19:10:00,evening,4.35,0.88,1,251
W189,08-01-2026,1829,6.3,25,20:10:00,night,4.06,0.81,3,372
W189,09-01-2026,599,6.5,9,21:10:00,afternoon,4.36,0.74,3,381
W189,10-01-2026,480,7.3,8,22:10:00,morning,4.24,0.78,2,400
W189,11-01-2026,200,6.8,5,23:10:00,night,4.4,0.79,3,352
W189,13-01-2026,572,4.7,10,00:10:00,evening,4.43,0.77,3,316
W189,14-01-2026,713,7.5,8,01:10:00,evening,4.36,0.74,3,365
W189,15-01-2026,481,5.3,5,02:10:00,night,4.15,0.81,4,324
W189,17-01-2026,548,6.3,7,03:10:00,night,4.31,0.83,3,449
W189,18-01-2026,979,6.9,13,04:10:00,morning,4.14,0.73,4,382
W189,19-01-2026,1109,7.4,16,05:10:00,afternoon,4.42,0.79,3,342
W189,20-01-2026,200,5.5,5,06:10:00,night,4.12,0.76,3,447
W189,22-01-2026,575,4.4,9,07:10:00,night,4.18,0.72,2,414
W189,23-01-2026,1028,3.4,15,08:10:00,night,4.41,0.85,3,389
W189,24-01-2026,763,4,11,09:10:00,night,4.28,0.77,2,319
W189,25-01-2026,940,6.7,12,10:10:00,evening,4.17,0.75,4,329
W189,26-01-2026,809,7.6,13,11:10:00,afternoon,4.45,0.77,4,416
W189,27-01-2026,273,5.9,5,12:10:00,evening,4.48,0.71,2,345
W189,29-01-2026,656,4.6,8,13:10:00,night,4.46,0.81,2,421
W189,30-01-2026,1051,3.5,15,14:10:00,night,4.38,0.75,4,429
W189,31-01-2026,1304,7.6,20,15:10:00,night,4.27,0.81,4,372
W189,01-02-2026,726,4.5,11,16:10:00,night,4.19,0.8,2,351
W189,03-02-2026,596,5,10,17:10:00,evening,4.41,0.8,4,366
W189,04-02-2026,846,6.5,10,18:10:00,night,4.46,0.81,3,346
W189,05-02-2026,893,4.5,10,19:10:00,morning,4.17,0.74,3,359
W189,06-02-2026,814,5.8,9,20:10:00,evening,4.29,0.84,4,430
W189,07-02-2026,692,5.6,7,21:10:00,evening,4.27,0.85,4,441
W189,08-02-2026,550,3.8,5,22:10:00,evening,4.2,0.78,2,414
W189,10-02-2026,654,7.1,8,23:10:00,afternoon,4.49,0.76,3,447
W189,11-02-2026,1095,6.9,17,00:10:00,evening,4.02,0.79,3,331
W189,12-02-2026,1502,4.1,19,01:10:00,morning,4.49,0.84,4,449
W189,13-02-2026,682,6.9,11,02:10:00,evening,4.27,0.78,3,396
W189,14-02-2026,1259,7.2,18,03:10:00,evening,4.4,0.76,2,405
W189,16-02-2026,626,5.4,6,04:10:00,evening,4.33,0.74,2,427
W189,18-02-2026,1100,5.4,13,05:10:00,afternoon,4.08,0.78,2,320
W189,19-02-2026,831,4.4,11,06:10:00,night,4.27,0.78,4,370
W189,20-02-2026,1095,7.2,15,07:10:00,evening,4.48,0.8,3,378
W189,21-02-2026,779,3.8,12,08:10:00,morning,4.32,0.84,2,435
W189,23-02-2026,1324,3.9,17,09:10:00,morning,4.16,0.83,2,307
W189,25-02-2026,542,6.9,5,10:10:00,afternoon,4.2,0.81,4,319
W189,26-02-2026,651,8,10,11:10:00,night,4.44,0.7,3,331
W189,28-02-2026,1483,5.8,23,12:10:00,night,4.37,0.77,3,396
W190,05-01-2026,884,3,14,13:10:00,night,4.41,0.84,2,313
W190,06-01-2026,1904,4.6,26,14:10:00,morning,4.1,0.78,3,403
W190,07-01-2026,1291,7.4,19,15:10:00,afternoon,4.05,0.82,4,370
W190,09-01-2026,564,3.8,8,16:10:00,afternoon,4.13,0.8,4,309
W190,10-01-2026,1173,6.5,16,17:10:00,evening,4.08,0.7,2,432
W190,11-01-2026,886,7.5,11,18:10:00,afternoon,4.43,0.81,2,437
W190,14-01-2026,1539,7.1,23,19:10:00,morning,4.15,0.8,2,410
W190,15-01-2026,200,5.3,5,20:10:00,evening,4.07,0.7,2,418
W190,16-01-2026,582,7.4,9,21:10:00,night,4.35,0.82,3,373
W190,17-01-2026,1143,5.2,14,22:10:00,evening,4.09,0.75,2,353
W190,18-01-2026,1003,6.5,14,23:10:00,afternoon,4.08,0.75,3,435
W190,19-01-2026,390,4.9,5,00:10:00,night,4.46,0.71,2,346
W190,20-01-2026,374,7.1,7,01:10:00,night,4.37,0.8,4,359
W190,21-01-2026,1251,6,19,02:10:00,morning,4.06,0.78,4,365
W190,22-01-2026,564,3.8,9,03:10:00,morning,4.28,0.71,2,305
W190,23-01-2026,1039,6.2,15,04:10:00,morning,4.27,0.7,3,425
W190,24-01-2026,524,4.7,6,05:10:00,afternoon,4.44,0.83,2,303
W190,25-01-2026,999,6.7,15,06:10:00,afternoon,4.42,0.81,4,444
W190,28-01-2026,665,7.4,9,07:10:00,morning,4.48,0.75,3,400
W190,29-01-2026,1485,5,23,08:10:00,night,4.31,0.74,4,423
W190,30-01-2026,289,5.3,5,09:10:00,evening,4.26,0.71,4,404
W190,03-02-2026,451,7.2,7,10:10:00,night,4.17,0.84,3,370
W190,04-02-2026,406,4.7,6,11:10:00,night,4.48,0.83,3,388
W190,05-02-2026,378,3.3,7,12:10:00,afternoon,4.05,0.77,3,411
W190,06-02-2026,463,4,8,13:10:00,night,4.04,0.83,2,391
W190,08-02-2026,1053,7.3,17,14:10:00,night,4.4,0.81,3,407
W190,09-02-2026,1071,6.8,14,15:10:00,afternoon,4.35,0.7,4,313
W190,10-02-2026,1367,3.1,21,16:10:00,night,4.14,0.78,4,431
W190,12-02-2026,986,3,15,17:10:00,night,4.08,0.79,4,420
W190,13-02-2026,900,6.3,14,18:10:00,morning,4.46,0.83,3,355
W190,14-02-2026,1211,4.6,19,19:10:00,morning,4.06,0.8,2,432
W190,15-02-2026,1451,7.9,20,20:10:00,morning,4.05,0.77,2,375
W190,16-02-2026,524,4.2,5,21:10:00,morning,4.41,0.73,3,315
W190,17-02-2026,975,6.3,13,22:10:00,afternoon,4.34,0.8,4,328
W190,18-02-2026,1100,6.7,17,23:10:00,afternoon,4.22,0.83,4,428
W190,19-02-2026,1137,6,16,00:10:00,morning,4.06,0.75,3,314
W190,20-02-2026,200,4.7,5,01:10:00,morning,4.01,0.77,2,357
W190,22-02-2026,1325,5.3,16,02:10:00,evening,4.25,0.72,4,438
W190,23-02-2026,836,3.5,13,03:10:00,morning,4.17,0.83,2,354
W190,24-02-2026,805,4.5,13,04:10:00,night,4.27,0.77,2,437
W190,25-02-2026,720,3.9,9,05:10:00,morning,4.18,0.81,3,385
W190,26-02-2026,200,6.3,5,06:10:00,morning,4.3,0.73,2,421
W190,27-02-2026,361,4.7,5,07:10:00,afternoon,4.13,0.77,2,320
W191,03-01-2026,1034,7.5,14,08:10:00,night,4.69,0.96,1,176
W191,05-01-2026,1136,7.5,17,09:10:00,evening,4.79,0.96,0,174
W191,06-01-2026,1276,5.9,20,10:10:00,evening,4.82,0.98,0,163
W191,07-01-2026,1127,3.9,18,11:10:00,afternoon,4.78,0.98,1,132
W191,08-01-2026,1024,4.2,14,12:10:00,afternoon,4.74,0.94,1,174
W191,09-01-2026,1181,7.7,16,13:10:00,evening,4.65,0.97,0,154
W191,10-01-2026,1139,7.9,14,14:10:00,morning,4.75,0.9,0,142
W191,12-01-2026,1155,6.8,15,15:10:00,night,4.65,0.94,1,162
W191,14-01-2026,1100,4.5,17,16:10:00,night,4.82,0.92,1,125
W191,16-01-2026,947,5.1,15,17:10:00,morning,4.77,0.94,0,118
W191,18-01-2026,1149,6.9,16,18:10:00,morning,4.85,0.94,1,121
W191,19-01-2026,1307,5,20,19:10:00,night,4.73,0.94,0,145
W191,21-01-2026,973,6.8,14,20:10:00,afternoon,4.84,0.94,1,172
W191,22-01-2026,1162,4.4,15,21:10:00,night,4.87,0.91,1,110
W191,24-01-2026,1220,3.3,18,22:10:00,morning,4.89,0.97,0,118
W191,26-01-2026,1006,7.6,16,23:10:00,afternoon,4.78,0.97,0,151
W191,27-01-2026,1235,4.7,18,00:10:00,evening,4.92,0.97,0,123
W191,28-01-2026,1061,6.5,15,01:10:00,afternoon,4.79,0.94,1,168
W191,29-01-2026,1129,3.7,16,02:10:00,afternoon,4.76,0.98,0,160
W191,30-01-2026,1018,6.4,12,03:10:00,evening,4.64,0.95,0,151
W191,31-01-2026,813,3.2,12,04:10:00,morning,4.66,0.93,0,126
W191,02-02-2026,1225,4.2,16,05:10:00,night,4.79,0.9,1,117
W191,03-02-2026,806,4.8,12,06:10:00,afternoon,4.87,0.95,1,106
W191,04-02-2026,1167,3.2,18,07:10:00,night,4.79,0.98,1,174
W191,05-02-2026,1340,7.8,18,08:10:00,afternoon,4.83,0.95,0,164
W191,06-02-2026,908,4.4,13,09:10:00,night,4.87,0.98,0,156
W191,08-02-2026,1218,6,15,10:10:00,morning,4.61,0.97,0,156
W191,09-02-2026,1192,7.8,18,11:10:00,morning,4.61,0.93,0,148
W191,10-02-2026,1023,7,14,12:10:00,afternoon,4.8,0.96,1,133
W191,11-02-2026,880,5,14,13:10:00,night,4.85,0.95,1,133
W191,14-02-2026,830,5.3,11,14:10:00,night,4.85,0.94,1,135
W191,15-02-2026,1217,4.6,17,15:10:00,night,4.62,0.97,0,132
W191,16-02-2026,1162,7.4,16,16:10:00,afternoon,4.94,0.97,0,132
W191,17-02-2026,869,4.5,13,17:10:00,night,4.91,0.98,0,109
W191,18-02-2026,1185,3,17,18:10:00,night,4.94,0.97,1,119
W191,20-02-2026,1189,4.2,16,19:10:00,afternoon,4.83,0.94,0,113
W191,21-02-2026,1284,3.3,17,20:10:00,afternoon,4.8,0.9,0,127
W191,23-02-2026,984,7.4,14,21:10:00,night,4.8,0.95,1,161
W191,24-02-2026,990,4.2,12,22:10:00,evening,4.96,0.97,1,151
W191,26-02-2026,1084,8,17,23:10:00,night,4.7,0.97,0,109
W191,27-02-2026,1175,4.9,18,00:10:00,night,4.7,0.93,1,144
W191,28-02-2026,987,6.3,15,01:10:00,evening,4.87,0.97,1,118
W192,09-01-2026,1086,3.8,15,02:10:00,morning,4.76,0.92,1,177
W192,10-01-2026,1261,6.6,17,03:10:00,night,4.93,0.92,0,132
W192,11-01-2026,1324,4.5,20,04:10:00,afternoon,4.98,0.93,0,105
W192,13-01-2026,1005,7.8,15,05:10:00,afternoon,4.77,0.91,1,139
W192,15-01-2026,1004,3.4,16,06:10:00,evening,4.64,0.94,1,149
W192,16-01-2026,1013,4.3,12,07:10:00,night,4.89,0.9,1,162
W192,17-01-2026,1012,5.8,14,08:10:00,afternoon,4.7,0.96,0,129
W192,18-01-2026,1049,7.1,12,09:10:00,afternoon,4.63,0.95,0,113
W192,20-01-2026,910,4.1,14,10:10:00,morning,4.98,0.96,1,135
W192,21-01-2026,695,6,10,11:10:00,night,4.63,0.91,0,136
W192,22-01-2026,1075,6.2,16,12:10:00,morning,4.81,0.95,0,105
W192,23-01-2026,1115,5.2,13,13:10:00,afternoon,4.79,0.97,1,133
W192,24-01-2026,1433,7.2,20,14:10:00,night,4.89,0.9,0,123
W192,25-01-2026,1305,7.2,16,15:10:00,evening,4.93,0.94,0,142
W192,27-01-2026,916,6.7,13,16:10:00,night,4.61,0.95,1,174
W192,28-01-2026,1133,4.1,15,17:10:00,night,4.97,0.94,0,133
W192,29-01-2026,1013,5.7,13,18:10:00,afternoon,4.96,0.92,1,126
W192,30-01-2026,1054,7.6,13,19:10:00,night,4.79,0.95,1,114
W192,31-01-2026,901,7.4,13,20:10:00,morning,4.81,0.97,0,175
W192,01-02-2026,1213,7.7,16,21:10:00,night,4.81,0.95,0,126
W192,02-02-2026,1124,7,15,22:10:00,evening,4.82,0.92,0,166
W192,03-02-2026,1279,4.9,18,23:10:00,night,4.67,0.97,1,168
W192,04-02-2026,1144,8,14,00:10:00,night,4.9,0.98,1,148
W192,05-02-2026,1432,5.9,20,01:10:00,afternoon,4.76,0.93,0,167
W192,06-02-2026,1114,4.5,15,02:10:00,morning,4.61,0.9,1,150
W192,07-02-2026,958,7.8,11,03:10:00,morning,4.85,0.92,1,136
W192,08-02-2026,879,3.1,11,04:10:00,night,4.89,0.95,1,172
W192,09-02-2026,1334,3.8,19,05:10:00,night,4.8,0.91,1,116
W192,11-02-2026,1163,3.6,18,06:10:00,afternoon,4.87,0.94,1,142
W192,12-02-2026,1048,5.3,14,07:10:00,night,4.78,0.93,1,112
W192,13-02-2026,1059,6.3,16,08:10:00,evening,5,0.9,0,156
W192,14-02-2026,1141,3.1,14,09:10:00,night,4.84,0.95,1,128
W192,15-02-2026,1166,6.5,14,10:10:00,morning,4.84,0.93,1,174
W192,16-02-2026,1099,4.3,13,11:10:00,evening,4.92,0.92,1,144
W192,17-02-2026,1035,7,13,12:10:00,morning,4.86,0.91,0,156
W192,18-02-2026,1075,4.9,13,13:10:00,night,4.94,0.91,0,117
W192,19-02-2026,914,4.8,14,14:10:00,afternoon,4.91,0.97,1,109
W192,20-02-2026,1094,5,16,15:10:00,morning,4.61,0.92,0,118
W192,23-02-2026,1248,4.6,17,16:10:00,night,4.86,0.96,1,149
W192,24-02-2026,1198,6.3,19,17:10:00,morning,4.99,0.92,0,177
W192,25-02-2026,1169,3.2,14,18:10:00,afternoon,4.94,0.98,1,130
W192,26-02-2026,1024,5.9,14,19:10:00,night,4.85,0.94,1,111
W192,27-02-2026,1160,6.8,17,20:10:00,night,4.72,0.93,1,130
W192,28-02-2026,1292,3.1,16,21:10:00,evening,4.99,0.93,0,144
W192,01-03-2026,906,4.4,12,22:10:00,afternoon,5,0.91,1,116
W193,07-01-2026,1418,5.5,22,23:10:00,morning,4.37,0.74,2,445
W193,08-01-2026,200,6,5,00:10:00,evening,4.12,0.82,3,386
W193,09-01-2026,412,7.6,5,01:10:00,night,4.48,0.75,3,301
W193,10-01-2026,949,4.5,14,02:10:00,evening,4.26,0.75,4,415
W193,11-01-2026,1301,4.1,19,03:10:00,evening,4.36,0.74,3,389
W193,13-01-2026,200,5.1,5,04:10:00,morning,4.47,0.72,3,380
W193,14-01-2026,683,3.9,7,05:10:00,morning,4.04,0.74,3,382
W193,16-01-2026,339,3.7,5,06:10:00,night,4.44,0.7,2,441
W193,17-01-2026,598,7.5,7,07:10:00,afternoon,4.38,0.76,3,429
W193,18-01-2026,1212,6.1,18,08:10:00,night,4.23,0.78,3,315
W193,19-01-2026,518,6.9,7,09:10:00,night,4.31,0.82,4,422
W193,22-01-2026,479,7.2,8,10:10:00,evening,4.02,0.75,3,343
W193,23-01-2026,756,3.8,8,11:10:00,evening,4.42,0.72,3,320
W193,24-01-2026,975,3.3,14,12:10:00,evening,4.49,0.76,4,376
W193,25-01-2026,890,5.8,13,13:10:00,morning,4.37,0.77,2,317
W193,27-01-2026,220,4.7,5,14:10:00,night,4.45,0.74,4,401
W193,28-01-2026,990,7.5,12,15:10:00,night,4.48,0.83,4,345
W193,29-01-2026,1111,3.2,14,16:10:00,afternoon,4.44,0.83,2,333
W193,30-01-2026,231,7.9,5,17:10:00,afternoon,4.06,0.84,4,376
W193,01-02-2026,626,5.4,10,18:10:00,evening,4.16,0.77,3,312
W193,03-02-2026,1009,4.7,14,19:10:00,afternoon,4.46,0.75,2,404
W193,04-02-2026,1382,3.5,19,20:10:00,evening,4.11,0.74,2,410
W193,05-02-2026,1338,4.1,17,21:10:00,night,4.27,0.81,2,315
W193,06-02-2026,359,5,5,22:10:00,afternoon,4.23,0.77,4,379
W193,07-02-2026,428,7.2,5,23:10:00,evening,4.37,0.74,2,401
W193,08-02-2026,748,3.3,10,00:10:00,evening,4.07,0.79,3,375
W193,09-02-2026,875,7.8,10,01:10:00,night,4.17,0.77,4,427
W193,10-02-2026,1224,4,16,02:10:00,evening,4.21,0.82,4,401
W193,11-02-2026,1055,6.3,17,03:10:00,night,4.34,0.77,4,325
W193,14-02-2026,1754,5.8,26,04:10:00,evening,4.46,0.72,4,307
W193,15-02-2026,1018,5.2,13,05:10:00,night,4.18,0.73,3,419
W193,17-02-2026,998,5.6,16,06:10:00,evening,4.07,0.77,2,362
W193,20-02-2026,394,8,5,07:10:00,afternoon,4.28,0.78,2,442
W193,21-02-2026,1052,3,15,08:10:00,night,4.05,0.79,3,412
W193,22-02-2026,594,7.4,8,09:10:00,evening,4.41,0.75,4,352
W193,23-02-2026,1164,4,18,10:10:00,afternoon,4.21,0.84,4,360
W193,24-02-2026,1337,3.1,19,11:10:00,morning,4.4,0.76,3,373
W193,28-02-2026,1675,3.9,22,12:10:00,night,4.29,0.72,4,387
W194,01-01-2026,1124,6.8,17,13:10:00,afternoon,4.46,0.83,1,257
W194,04-01-2026,847,4.2,11,14:10:00,night,4.51,0.89,1,263
W194,05-01-2026,833,3.3,13,15:10:00,evening,4.35,0.85,2,181
W194,06-01-2026,1450,7.9,21,16:10:00,morning,4.36,0.87,1,222
W194,07-01-2026,889,4.8,10,17:10:00,night,4.49,0.85,1,194
W194,09-01-2026,431,5.5,6,18:10:00,evening,4.38,0.87,2,286
W194,13-01-2026,660,3.6,10,19:10:00,morning,4.59,0.84,2,287
W194,14-01-2026,597,3.1,9,20:10:00,morning,4.61,0.87,1,241
W194,16-01-2026,737,4.1,12,21:10:00,afternoon,4.34,0.85,2,278
W194,17-01-2026,730,3.4,12,22:10:00,night,4.44,0.87,2,258
W194,18-01-2026,757,3.8,10,23:10:00,night,4.32,0.86,2,298
W194,19-01-2026,403,6,7,00:10:00,morning,4.52,0.83,1,236
W194,20-01-2026,880,6.9,13,01:10:00,morning,4.47,0.89,2,244
W194,21-01-2026,1110,6,15,02:10:00,morning,4.66,0.8,2,273
W194,22-01-2026,849,3.6,14,03:10:00,night,4.45,0.82,1,276
W194,23-01-2026,1165,7.3,16,04:10:00,afternoon,4.62,0.8,2,253
W194,24-01-2026,579,3.1,8,05:10:00,night,4.48,0.89,1,237
W194,26-01-2026,535,6.5,8,06:10:00,evening,4.63,0.85,1,286
W194,27-01-2026,757,4.3,8,07:10:00,night,4.42,0.88,2,185
W194,28-01-2026,722,5.1,9,08:10:00,evening,4.57,0.88,2,222
W194,29-01-2026,1010,6.5,16,09:10:00,morning,4.59,0.84,1,276
W194,30-01-2026,793,5.2,11,10:10:00,afternoon,4.67,0.85,1,262
W194,31-01-2026,1134,4.5,15,11:10:00,night,4.54,0.85,1,295
W194,01-02-2026,798,5.4,13,12:10:00,night,4.5,0.89,2,223
W194,02-02-2026,608,3.6,9,13:10:00,night,4.36,0.84,2,223
W194,05-02-2026,878,5.9,10,14:10:00,night,4.61,0.87,1,238
W194,06-02-2026,1181,3,14,15:10:00,afternoon,4.33,0.85,1,190
W194,07-02-2026,1251,7.8,18,16:10:00,night,4.46,0.88,2,202
W194,08-02-2026,670,3.9,11,17:10:00,evening,4.69,0.83,2,200
W194,09-02-2026,1151,6.7,18,18:10:00,night,4.56,0.86,2,206
W194,10-02-2026,786,6.6,13,19:10:00,evening,4.53,0.84,2,187
W194,11-02-2026,1304,7.3,20,20:10:00,evening,4.56,0.88,1,189
W194,12-02-2026,1520,5.7,21,21:10:00,evening,4.53,0.83,2,248
W194,13-02-2026,878,3.8,13,22:10:00,morning,4.5,0.8,2,294
W194,15-02-2026,1060,6.1,13,23:10:00,morning,4.39,0.89,2,192
W194,16-02-2026,790,3.9,10,00:10:00,morning,4.7,0.81,1,272
W194,17-02-2026,1147,3.6,15,01:10:00,morning,4.34,0.89,1,284
W194,18-02-2026,805,6.1,12,02:10:00,morning,4.35,0.89,2,210
W194,19-02-2026,1013,3.5,13,03:10:00,afternoon,4.68,0.83,2,291
W194,20-02-2026,1332,7.9,21,04:10:00,night,4.37,0.85,2,279
W194,21-02-2026,448,7,5,05:10:00,evening,4.6,0.85,1,263
W194,22-02-2026,803,5.6,10,06:10:00,afternoon,4.35,0.86,2,263
W194,23-02-2026,559,7.7,9,07:10:00,afternoon,4.36,0.81,1,263
W194,24-02-2026,1327,3.2,19,08:10:00,night,4.67,0.85,2,258
W194,25-02-2026,1399,4.4,19,09:10:00,night,4.67,0.83,2,188
W194,26-02-2026,666,5.6,7,10:10:00,afternoon,4.48,0.81,1,200
W194,28-02-2026,1126,3.6,14,11:10:00,morning,4.47,0.9,1,193
W194,01-03-2026,465,4.6,7,12:10:00,night,4.65,0.88,2,204
W195,03-01-2026,1098,5.2,16,13:10:00,evening,4.94,0.95,1,103
W195,04-01-2026,955,3.3,13,14:10:00,afternoon,4.64,0.97,1,160
W195,05-01-2026,897,6.4,11,15:10:00,afternoon,4.98,0.91,1,129
W195,07-01-2026,1233,7.4,17,16:10:00,night,4.89,0.92,1,161
W195,08-01-2026,925,7.8,13,17:10:00,evening,4.79,0.95,0,116
W195,09-01-2026,1153,3.7,18,18:10:00,afternoon,4.96,0.9,1,113
W195,10-01-2026,1102,4.6,13,19:10:00,morning,4.82,0.95,1,117
W195,11-01-2026,1016,5.4,16,20:10:00,evening,4.93,0.95,0,109
W195,14-01-2026,1075,6.5,14,21:10:00,afternoon,4.65,0.98,1,172
W195,15-01-2026,1223,7.3,17,22:10:00,afternoon,4.71,0.9,0,150
W195,16-01-2026,988,7.1,13,23:10:00,morning,4.75,0.92,0,128
W195,17-01-2026,1124,6.7,14,00:10:00,evening,4.78,0.98,0,112
W195,18-01-2026,1155,4.6,15,01:10:00,night,4.62,0.94,1,119
W195,19-01-2026,856,3.9,14,02:10:00,morning,4.99,0.91,1,148
W195,20-01-2026,1111,7.2,13,03:10:00,afternoon,4.67,0.93,0,147
W195,21-01-2026,923,6,13,04:10:00,evening,4.78,0.95,0,107
W195,23-01-2026,1262,6.7,16,05:10:00,night,4.96,0.97,1,104
W195,27-01-2026,1175,6,14,06:10:00,evening,4.73,0.97,1,106
W195,28-01-2026,1103,5.8,17,07:10:00,night,4.79,0.94,1,114
W195,29-01-2026,986,6,16,08:10:00,night,4.78,0.96,1,102
W195,31-01-2026,1021,4.5,16,09:10:00,afternoon,4.96,0.94,1,146
W195,01-02-2026,1437,6.7,22,10:10:00,morning,4.61,0.9,0,141
W195,02-02-2026,1393,3.1,18,11:10:00,night,4.92,0.9,1,164
W195,03-02-2026,937,4.2,12,12:10:00,night,4.61,0.95,0,156
W195,05-02-2026,829,6.1,9,13:10:00,evening,4.63,0.94,0,166
W195,06-02-2026,832,3.9,9,14:10:00,evening,4.92,0.91,1,130
W195,07-02-2026,1093,5.5,15,15:10:00,afternoon,4.91,0.91,0,130
W195,08-02-2026,942,5.9,14,16:10:00,night,4.63,0.97,0,150
W195,09-02-2026,1063,3.9,16,17:10:00,evening,4.65,0.95,1,126
W195,11-02-2026,1143,7.8,15,18:10:00,night,4.94,0.96,1,156
W195,12-02-2026,942,3.6,12,19:10:00,morning,4.76,0.97,0,173
W195,15-02-2026,1061,4.1,14,20:10:00,night,4.64,0.94,0,152
W195,16-02-2026,1169,5.2,15,21:10:00,afternoon,4.84,0.91,1,138
W195,18-02-2026,1337,5.6,18,22:10:00,morning,4.73,0.95,0,107
W195,19-02-2026,1210,4.3,19,23:10:00,night,4.64,0.91,1,155
W195,20-02-2026,1191,6.6,18,00:10:00,night,4.73,0.98,1,159
W195,21-02-2026,1137,5.4,18,01:10:00,afternoon,4.88,0.95,1,121
W195,22-02-2026,1058,3,15,02:10:00,afternoon,4.97,0.98,0,172
W195,23-02-2026,927,6.2,12,03:10:00,night,4.97,0.94,0,142
W195,24-02-2026,1119,7.8,13,04:10:00,night,4.96,0.98,0,113
W195,25-02-2026,1158,6.6,14,05:10:00,night,4.77,0.9,0,142
W195,26-02-2026,1295,6.9,20,06:10:00,night,4.83,0.92,1,100
W195,27-02-2026,1043,7.6,15,07:10:00,afternoon,4.71,0.92,0,149
W195,28-02-2026,1083,5.1,14,08:10:00,afternoon,4.92,0.96,0,131
W195,01-03-2026,1061,7.8,14,09:10:00,morning,4.61,0.98,0,116
W196,06-01-2026,1064,5.8,13,10:10:00,morning,4.2,0.71,4,407
W196,08-01-2026,1131,7.3,14,11:10:00,afternoon,4.12,0.76,3,394
W196,09-01-2026,902,3.3,13,12:10:00,evening,4.42,0.83,3,385
W196,10-01-2026,884,6.3,10,13:10:00,night,4.17,0.82,2,408
W196,11-01-2026,1188,4.3,14,14:10:00,morning,4.11,0.72,2,445
W196,12-01-2026,697,7.5,8,15:10:00,morning,4.4,0.79,4,426
W196,13-01-2026,1489,3.6,22,16:10:00,night,4.22,0.74,2,312
W196,14-01-2026,692,4.3,11,17:10:00,night,4.19,0.7,4,356
W196,15-01-2026,490,4.7,9,18:10:00,evening,4.05,0.75,3,337
W196,17-01-2026,952,3.8,14,19:10:00,evening,4.08,0.71,2,302
W196,18-01-2026,1237,7.4,19,20:10:00,night,4.26,0.74,3,342
W196,19-01-2026,856,3.2,13,21:10:00,night,4.5,0.78,2,420
W196,21-01-2026,473,5.2,6,22:10:00,morning,4.47,0.79,4,398
W196,22-01-2026,336,7.6,5,23:10:00,evening,4.17,0.79,4,374
W196,23-01-2026,200,4.5,5,00:10:00,night,4.06,0.76,3,391
W196,24-01-2026,1095,6.5,17,01:10:00,afternoon,4.49,0.83,4,429
W196,25-01-2026,1353,7.6,18,02:10:00,morning,4.4,0.71,3,309
W196,26-01-2026,553,6.5,5,03:10:00,night,4.04,0.84,4,426
W196,27-01-2026,398,5.2,5,04:10:00,afternoon,4.11,0.74,2,349
W196,28-01-2026,309,5.2,5,05:10:00,night,4.12,0.81,4,301
W196,29-01-2026,200,4.5,5,06:10:00,morning,4.14,0.85,3,339
W196,30-01-2026,933,5.8,11,07:10:00,afternoon,4.07,0.71,3,300
W196,31-01-2026,200,4.5,5,08:10:00,night,4.26,0.8,4,324
W196,01-02-2026,1117,4.1,15,09:10:00,evening,4.12,0.8,2,312
W196,03-02-2026,1550,5.1,21,10:10:00,morning,4.18,0.73,4,379
W196,04-02-2026,557,5.5,8,11:10:00,evening,4.07,0.84,3,441
W196,06-02-2026,277,5.8,5,12:10:00,evening,4.26,0.82,2,376
W196,08-02-2026,1471,6.7,20,13:10:00,night,4.2,0.74,4,401
W196,09-02-2026,725,6.2,9,14:10:00,afternoon,4.42,0.83,3,420
W196,10-02-2026,558,4.8,7,15:10:00,night,4.33,0.81,2,328
W196,12-02-2026,200,6.3,5,16:10:00,night,4.26,0.71,2,349
W196,13-02-2026,944,3.2,12,17:10:00,night,4.33,0.71,4,381
W196,14-02-2026,1468,4.1,21,18:10:00,evening,4.39,0.84,4,372
W196,15-02-2026,1232,3.7,19,19:10:00,afternoon,4.16,0.71,3,340
W196,16-02-2026,595,3.1,6,20:10:00,morning,4,0.8,3,437
W196,17-02-2026,1112,7.6,13,21:10:00,night,4.02,0.8,3,347
W196,18-02-2026,200,5.6,5,22:10:00,morning,4.35,0.84,4,368
W196,19-02-2026,1233,4.1,16,23:10:00,afternoon,4.39,0.7,2,394
W196,20-02-2026,809,7.5,13,00:10:00,night,4.36,0.85,4,325
W196,21-02-2026,200,5.3,5,01:10:00,evening,4.33,0.81,3,437
W196,22-02-2026,979,7.6,11,02:10:00,morning,4.3,0.83,2,381
W196,23-02-2026,959,6.4,14,03:10:00,evening,4.23,0.74,4,371
W196,24-02-2026,984,6,12,04:10:00,evening,4.29,0.8,2,386
W196,26-02-2026,1125,6.7,18,05:10:00,morning,4.14,0.73,3,424
W196,27-02-2026,893,3,11,06:10:00,night,4.26,0.84,2,418
W196,01-03-2026,1063,6.3,14,07:10:00,night,4.48,0.77,3,332
W197,04-01-2026,1066,4.1,17,08:10:00,morning,4.81,0.95,1,166
W197,05-01-2026,1066,4.6,15,09:10:00,night,4.9,0.95,1,124
W197,07-01-2026,1055,7.3,16,10:10:00,morning,4.94,0.96,0,179
W197,09-01-2026,1111,7.8,13,11:10:00,night,4.9,0.92,1,134
W197,12-01-2026,1393,7.6,17,12:10:00,night,4.84,0.91,0,172
W197,13-01-2026,1052,3.6,15,13:10:00,evening,4.93,0.94,1,175
W197,15-01-2026,992,3.5,12,14:10:00,night,4.88,0.97,1,175
W197,16-01-2026,1008,6.2,16,15:10:00,afternoon,4.99,0.97,1,150
W197,17-01-2026,1403,6.7,21,16:10:00,morning,4.98,0.91,1,152
W197,18-01-2026,1121,6.7,18,17:10:00,afternoon,4.7,0.94,1,116
W197,19-01-2026,751,3.2,12,18:10:00,night,4.97,0.93,1,113
W197,20-01-2026,1058,7.8,15,19:10:00,night,4.87,0.94,0,178
W197,22-01-2026,1214,7.4,19,20:10:00,night,4.8,0.9,1,142
W197,23-01-2026,1032,4.4,14,21:10:00,morning,4.86,0.9,0,114
W197,25-01-2026,965,6.2,11,22:10:00,evening,4.63,0.93,1,103
W197,26-01-2026,1005,7.4,13,23:10:00,night,4.83,0.95,0,152
W197,27-01-2026,1208,3.9,18,00:10:00,morning,4.91,0.95,1,164
W197,28-01-2026,1026,7.1,16,01:10:00,night,4.74,0.94,0,106
W197,29-01-2026,1140,7,17,02:10:00,night,4.96,0.91,0,147
W197,30-01-2026,1046,5.6,16,03:10:00,morning,4.9,0.93,1,130
W197,01-02-2026,1100,4,16,04:10:00,afternoon,4.71,0.96,1,120
W197,04-02-2026,1232,5.3,15,05:10:00,night,4.61,0.9,0,160
W197,06-02-2026,1460,5.3,22,06:10:00,night,4.96,0.92,0,117
W197,08-02-2026,1199,7.5,19,07:10:00,evening,4.65,0.98,0,118
W197,09-02-2026,639,5.2,11,08:10:00,night,4.93,0.94,1,165
W197,10-02-2026,1227,6.5,19,09:10:00,night,4.71,0.93,0,133
W197,11-02-2026,921,3.4,12,10:10:00,evening,4.97,0.94,1,116
W197,12-02-2026,975,7.8,15,11:10:00,night,4.98,0.92,1,159
W197,13-02-2026,1265,4.9,19,12:10:00,afternoon,4.78,0.94,0,119
W197,14-02-2026,1375,7.9,18,13:10:00,afternoon,4.89,0.97,1,115
W197,15-02-2026,1074,5.4,14,14:10:00,evening,4.66,0.96,1,124
W197,17-02-2026,1191,7.6,19,15:10:00,night,4.83,0.97,1,163
W197,18-02-2026,980,4.2,15,16:10:00,afternoon,4.99,0.91,0,133
W197,19-02-2026,1308,6.1,16,17:10:00,morning,4.63,0.94,0,136
W197,20-02-2026,1217,3.9,17,18:10:00,afternoon,4.65,0.91,0,177
W197,21-02-2026,1099,5.4,14,19:10:00,evening,4.62,0.96,1,135
W197,23-02-2026,992,6.1,13,20:10:00,evening,4.99,0.94,1,159
W197,25-02-2026,1100,5.5,13,21:10:00,afternoon,4.6,0.91,0,138
W197,26-02-2026,1277,6.8,19,22:10:00,night,4.93,0.95,1,131
W197,27-02-2026,1083,3.4,17,23:10:00,evening,4.74,0.93,0,136
W197,28-02-2026,981,5.2,12,00:10:00,evening,4.9,0.92,0,150
W197,01-03-2026,1074,5,17,01:10:00,morning,4.77,0.92,1,139
W198,09-01-2026,1286,4.5,16,02:10:00,evening,4.62,0.91,1,158
W198,10-01-2026,1363,4.2,17,03:10:00,morning,4.94,0.94,0,141
W198,13-01-2026,959,6.7,12,04:10:00,afternoon,4.87,0.98,0,175
W198,14-01-2026,1340,4.2,21,05:10:00,morning,4.95,0.91,0,104
W198,16-01-2026,1372,5.6,21,06:10:00,evening,4.8,0.91,1,105
W198,17-01-2026,1222,5.4,15,07:10:00,afternoon,4.83,0.93,1,146
W198,18-01-2026,949,5,15,08:10:00,night,4.99,0.93,1,158
W198,19-01-2026,1134,7.7,18,09:10:00,night,4.99,0.93,1,134
W198,20-01-2026,1139,4.8,16,10:10:00,night,4.67,0.94,1,166
W198,21-01-2026,1132,5.6,17,11:10:00,night,4.86,0.92,1,132
W198,22-01-2026,968,6.2,14,12:10:00,afternoon,4.99,0.94,0,122
W198,23-01-2026,1126,6.9,14,13:10:00,afternoon,4.72,0.98,0,104
W198,24-01-2026,1035,7.8,15,14:10:00,night,4.77,0.95,0,176
W198,25-01-2026,1092,7.2,17,15:10:00,morning,4.64,0.95,1,144
W198,27-01-2026,1465,4.7,22,16:10:00,evening,4.75,0.92,0,119
W198,28-01-2026,1201,4.9,18,17:10:00,afternoon,4.9,0.94,1,170
W198,29-01-2026,857,4.2,14,18:10:00,afternoon,4.96,0.95,0,152
W198,01-02-2026,1012,5.6,14,19:10:00,afternoon,4.76,0.93,0,151
W198,02-02-2026,1307,5.2,19,20:10:00,night,4.76,0.94,1,101
W198,03-02-2026,1141,3.2,14,21:10:00,afternoon,4.99,0.97,0,155
W198,04-02-2026,1241,5.8,15,22:10:00,night,4.92,0.93,1,153
W198,05-02-2026,1035,3.7,16,23:10:00,night,4.86,0.92,1,131
W198,06-02-2026,1079,7.3,14,00:10:00,night,4.86,0.9,0,169
W198,08-02-2026,1062,7.7,15,01:10:00,morning,4.72,0.91,1,108
W198,09-02-2026,1283,3.3,20,02:10:00,morning,4.76,0.94,0,133
W198,10-02-2026,1129,4.8,16,03:10:00,night,4.99,0.92,0,171
W198,11-02-2026,1063,7.8,16,04:10:00,night,4.68,0.93,0,126
W198,12-02-2026,1022,6.9,15,05:10:00,afternoon,4.84,0.91,1,174
W198,13-02-2026,1209,5.3,16,06:10:00,morning,4.63,0.93,1,171
W198,14-02-2026,1019,6.8,14,07:10:00,evening,4.88,0.94,1,170
W198,15-02-2026,950,7.8,11,08:10:00,evening,4.86,0.93,0,126
W198,16-02-2026,1155,4.4,18,09:10:00,afternoon,4.62,0.9,1,154
W198,17-02-2026,1198,6.3,15,10:10:00,afternoon,4.75,0.94,1,121
W198,18-02-2026,1276,4,19,11:10:00,night,4.71,0.91,0,157
W198,19-02-2026,929,4.5,15,12:10:00,night,4.93,0.95,1,143
W198,20-02-2026,1367,7.9,19,13:10:00,morning,4.78,0.93,0,132
W198,21-02-2026,920,7.1,12,14:10:00,evening,4.98,0.96,1,152
W198,22-02-2026,1286,3.5,19,15:10:00,morning,4.7,0.94,0,101
W198,23-02-2026,937,3.7,12,16:10:00,night,4.79,0.91,1,117
W198,24-02-2026,1110,3.3,13,17:10:00,night,4.61,0.95,0,140
W198,25-02-2026,1162,6,14,18:10:00,evening,4.79,0.92,1,165
W198,27-02-2026,1070,5.1,15,19:10:00,night,4.98,0.93,0,115
W198,28-02-2026,1168,7.4,14,20:10:00,afternoon,4.9,0.93,0,171
W198,01-03-2026,1053,4.1,17,21:10:00,night,4.63,0.93,0,116
W199,06-01-2026,841,5.1,10,22:10:00,morning,4.44,0.81,2,329
W199,08-01-2026,1091,4,17,23:10:00,afternoon,4.45,0.77,3,326
W199,09-01-2026,521,3.2,8,00:10:00,morning,4.45,0.74,2,324
W199,10-01-2026,986,7.8,16,01:10:00,night,4.19,0.73,3,310
W199,11-01-2026,704,7.7,11,02:10:00,evening,4.35,0.8,2,442
W199,12-01-2026,1062,4.8,15,03:10:00,morning,4.3,0.73,3,382
W199,15-01-2026,702,3.7,11,04:10:00,morning,4.46,0.81,2,369
W199,16-01-2026,811,3.4,11,05:10:00,night,4.18,0.75,4,311
W199,17-01-2026,1183,5.9,17,06:10:00,evening,4.28,0.79,2,430
W199,18-01-2026,703,5.6,9,07:10:00,night,4,0.75,4,346
W199,20-01-2026,628,3.8,9,08:10:00,night,4.27,0.77,4,417
W199,21-01-2026,556,5.6,6,09:10:00,afternoon,4.4,0.76,4,429
W199,22-01-2026,834,7.4,13,10:10:00,morning,4.16,0.83,3,333
W199,24-01-2026,696,5.7,7,11:10:00,afternoon,4.44,0.8,4,359
W199,25-01-2026,489,5.3,5,12:10:00,morning,4.27,0.73,3,412
W199,26-01-2026,963,3.7,14,13:10:00,afternoon,4.38,0.8,3,349
W199,27-01-2026,740,5.1,8,14:10:00,morning,4.13,0.78,3,369
W199,29-01-2026,245,8,5,15:10:00,afternoon,4.09,0.74,3,448
W199,31-01-2026,382,5.2,5,16:10:00,afternoon,4.2,0.76,2,409
W199,02-02-2026,866,3.1,12,17:10:00,night,4.46,0.83,4,384
W199,03-02-2026,434,5.1,7,18:10:00,night,4.28,0.73,4,311
W199,06-02-2026,245,5.2,5,19:10:00,afternoon,4.42,0.83,3,432
W199,07-02-2026,770,4.9,10,20:10:00,night,4.1,0.71,3,313
W199,08-02-2026,698,4.2,9,21:10:00,evening,4.26,0.75,3,306
W199,10-02-2026,200,4,5,22:10:00,night,4.18,0.74,4,340
W199,11-02-2026,1181,7.8,17,23:10:00,morning,4.31,0.82,2,407
W199,12-02-2026,644,6.7,9,00:10:00,night,4.41,0.75,4,381
W199,13-02-2026,715,7.1,8,01:10:00,morning,4.11,0.81,3,383
W199,15-02-2026,285,5.3,5,02:10:00,night,4.42,0.85,3,442
W199,18-02-2026,738,7.7,9,03:10:00,morning,4.26,0.85,2,343
W199,19-02-2026,1081,3.9,13,04:10:00,afternoon,4.02,0.76,3,396
W199,20-02-2026,200,4.3,5,05:10:00,morning,4.43,0.8,3,364
W199,21-02-2026,706,7.2,8,06:10:00,afternoon,4.46,0.76,4,353
W199,22-02-2026,1312,4.5,20,07:10:00,afternoon,4.49,0.84,4,357
W199,23-02-2026,753,6.9,9,08:10:00,morning,4.46,0.72,4,301
W199,24-02-2026,281,7.5,6,09:10:00,morning,4.37,0.76,4,340
W199,25-02-2026,365,4.4,5,10:10:00,night,4.12,0.72,4,374
W199,26-02-2026,343,4.2,5,11:10:00,night,4.06,0.78,4,320
W199,27-02-2026,579,3.5,10,12:10:00,afternoon,4.19,0.72,2,433
W199,28-02-2026,955,3.9,13,13:10:00,afternoon,4.22,0.76,2,302
W200,08-01-2026,1093,6.9,14,14:10:00,afternoon,4.32,0.7,4,335
W200,10-01-2026,200,7.1,5,15:10:00,night,4.03,0.82,3,355
W200,11-01-2026,991,6.6,15,16:10:00,night,4.15,0.74,4,304
W200,12-01-2026,1086,4.5,14,17:10:00,morning,4.27,0.79,4,369
W200,13-01-2026,646,5.9,8,18:10:00,morning,4.13,0.78,4,442
W200,14-01-2026,1237,3.4,15,19:10:00,night,4.27,0.84,4,362
W200,15-01-2026,1413,5.3,18,20:10:00,afternoon,4.04,0.84,4,306
W200,16-01-2026,493,7,9,21:10:00,night,4.37,0.8,2,394
W200,20-01-2026,794,4.1,13,22:10:00,afternoon,4.4,0.8,3,412
W200,21-01-2026,1071,7.7,14,23:10:00,morning,4.06,0.71,3,419
W200,22-01-2026,568,6.6,6,00:10:00,night,4.05,0.74,3,391
W200,24-01-2026,982,4.6,12,01:10:00,night,4.37,0.75,3,407
W200,26-01-2026,872,3.9,13,02:10:00,night,4.13,0.73,2,361
W200,28-01-2026,1325,4.2,17,03:10:00,night,4.16,0.74,4,404
W200,29-01-2026,698,5,7,04:10:00,night,4.21,0.84,2,443
W200,30-01-2026,335,6.9,5,05:10:00,morning,4.23,0.71,2,442
W200,31-01-2026,1369,6.3,19,06:10:00,evening,4.33,0.78,2,403
W200,01-02-2026,715,8,9,07:10:00,night,4.12,0.73,3,349
W200,02-02-2026,1141,3,17,08:10:00,afternoon,4.17,0.79,4,355
W200,03-02-2026,1019,5.9,15,09:10:00,morning,4.17,0.7,2,324
W200,04-02-2026,1023,6.6,14,10:10:00,night,4.41,0.75,2,388
W200,05-02-2026,1126,6,15,11:10:00,night,4.01,0.77,4,402
W200,06-02-2026,629,7.9,8,12:10:00,night,4.41,0.8,4,376
W200,07-02-2026,1179,7.6,15,13:10:00,morning,4.11,0.74,3,412
W200,08-02-2026,217,5.2,5,14:10:00,night,4.29,0.79,3,421
W200,09-02-2026,1043,4.3,16,15:10:00,morning,4.2,0.82,4,343
W200,11-02-2026,398,7.8,6,16:10:00,night,4.22,0.79,3,339
W200,12-02-2026,450,7,5,17:10:00,afternoon,4.35,0.79,4,428
W200,13-02-2026,1072,3.3,13,18:10:00,afternoon,4.15,0.73,2,445
W200,15-02-2026,891,5.6,14,19:10:00,night,4.38,0.74,2,406
W200,16-02-2026,638,5.5,8,20:10:00,evening,4.38,0.78,2,392
W200,17-02-2026,1477,5.5,23,21:10:00,night,4.43,0.78,3,356
W200,18-02-2026,1123,3.1,17,22:10:00,afternoon,4.1,0.83,4,336
W200,19-02-2026,680,6.9,9,23:10:00,afternoon,4.37,0.82,3,395
W200,20-02-2026,1282,4.7,18,00:10:00,morning,4.4,0.81,3,352
W200,21-02-2026,671,7.8,8,01:10:00,afternoon,4.03,0.7,2,321
W200,22-02-2026,480,3.4,6,02:10:00,afternoon,4.1,0.81,3,324
W200,23-02-2026,914,4.1,15,03:10:00,evening,4.39,0.84,4,353
W200,24-02-2026,800,6.3,10,04:10:00,night,4.07,0.81,3,352
W200,25-02-2026,951,6.9,14,05:10:00,morning,4.42,0.82,3,413
W200,26-02-2026,379,4.6,5,06:10:00,evening,4.23,0.81,3,439
W200,27-02-2026,200,3,5,07:10:00,afternoon,4.16,0.73,2,313
W200,28-02-2026,489,3.7,5,08:10:00,afternoon,4.1,0.78,2,418
W201,03-01-2026,983,3,12,09:10:00,evening,4.23,0.78,3,395
W201,05-01-2026,1184,6.8,17,10:10:00,evening,4.04,0.7,4,385
W201,06-01-2026,830,6,9,11:10:00,evening,4.18,0.81,3,303
W201,07-01-2026,1070,6.3,16,12:10:00,night,4.4,0.71,3,333
W201,08-01-2026,1185,3.6,15,13:10:00,afternoon,4.1,0.79,2,376
W201,09-01-2026,200,5.1,5,14:10:00,afternoon,4.34,0.73,2,349
W201,10-01-2026,718,3.7,12,15:10:00,afternoon,4.02,0.71,4,344
W201,12-01-2026,1225,7.8,18,16:10:00,evening,4.38,0.72,4,326
W201,13-01-2026,1491,5.3,20,17:10:00,evening,4.3,0.82,4,402
W201,15-01-2026,756,4.8,11,18:10:00,night,4.2,0.81,2,338
W201,17-01-2026,1014,4.8,15,19:10:00,afternoon,4.11,0.77,2,332
W201,18-01-2026,1049,4.2,16,20:10:00,morning,4.36,0.79,4,345
W201,19-01-2026,510,7.4,7,21:10:00,morning,4.42,0.81,3,348
W201,20-01-2026,1449,7.8,21,22:10:00,afternoon,4.26,0.81,4,403
W201,21-01-2026,537,4.6,5,23:10:00,morning,4.11,0.83,3,353
W201,22-01-2026,1865,4.3,27,00:10:00,morning,4.11,0.71,4,437
W201,23-01-2026,1246,3.6,15,01:10:00,morning,4.5,0.71,4,362
W201,24-01-2026,1137,3,15,02:10:00,afternoon,4.46,0.81,2,446
W201,25-01-2026,200,5.7,5,03:10:00,afternoon,4.45,0.73,2,349
W201,26-01-2026,1465,3.4,22,04:10:00,evening,4.22,0.78,4,334
W201,27-01-2026,1071,3.7,17,05:10:00,evening,4,0.8,3,322
W201,28-01-2026,679,5.5,10,06:10:00,evening,4.06,0.81,4,440
W201,29-01-2026,394,6.6,5,07:10:00,morning,4.02,0.79,3,388
W201,30-01-2026,963,5.2,14,08:10:00,afternoon,4.33,0.8,3,380
W201,31-01-2026,200,7.9,5,09:10:00,night,4.12,0.78,2,343
W201,01-02-2026,842,4.3,10,10:10:00,afternoon,4.27,0.81,4,322
W201,02-02-2026,822,5.5,11,11:10:00,afternoon,4.48,0.81,4,375
W201,03-02-2026,739,5.8,9,12:10:00,afternoon,4.22,0.73,4,393
W201,04-02-2026,866,5.6,10,13:10:00,night,4.05,0.73,2,313
W201,05-02-2026,881,4.9,14,14:10:00,evening,4.13,0.76,4,316
W201,06-02-2026,930,6.7,15,15:10:00,evening,4.48,0.84,4,445
W201,08-02-2026,1169,7,15,16:10:00,morning,4.36,0.74,2,416
W201,09-02-2026,790,7.5,11,17:10:00,morning,4.16,0.8,2,372
W201,10-02-2026,687,7.2,10,18:10:00,night,4.11,0.79,3,359
W201,11-02-2026,492,6.5,8,19:10:00,morning,4.41,0.76,4,307
W201,12-02-2026,836,6.1,12,20:10:00,night,4.41,0.81,4,314
W201,13-02-2026,1309,6.5,20,21:10:00,afternoon,4.09,0.73,4,377
W201,14-02-2026,623,3.9,7,22:10:00,afternoon,4.29,0.8,2,353
W201,15-02-2026,695,3.2,11,23:10:00,morning,4.27,0.76,4,378
W201,16-02-2026,1032,6.3,14,00:10:00,evening,4.22,0.85,2,406
W201,18-02-2026,985,6.5,15,01:10:00,morning,4.38,0.75,2,315
W201,19-02-2026,1639,5.8,21,02:10:00,afternoon,4.07,0.75,3,300
W201,20-02-2026,598,3.5,9,03:10:00,afternoon,4.27,0.8,4,402
W201,21-02-2026,719,3.6,11,04:10:00,night,4.48,0.74,4,366
W201,22-02-2026,229,5.8,5,05:10:00,afternoon,4.44,0.81,4,330
W201,23-02-2026,529,3.3,7,06:10:00,evening,4.1,0.72,2,439
W201,26-02-2026,255,3.8,5,07:10:00,morning,4.12,0.85,4,376
W201,27-02-2026,1164,5.6,16,08:10:00,afternoon,4.45,0.84,2,449
W201,01-03-2026,990,7,13,09:10:00,morning,4.04,0.77,3,412
W202,05-01-2026,1091,5.3,17,10:10:00,morning,4.96,0.92,0,179
W202,06-01-2026,1089,3.2,16,11:10:00,evening,4.96,0.91,1,141
W202,07-01-2026,1146,6.4,18,12:10:00,night,4.64,0.93,1,178
W202,08-01-2026,1282,3.3,17,13:10:00,evening,4.69,0.93,0,128
W202,09-01-2026,1028,7.6,12,14:10:00,morning,4.65,0.94,0,126
W202,10-01-2026,1208,3.8,18,15:10:00,night,4.79,0.96,0,147
W202,12-01-2026,1033,5.1,14,16:10:00,evening,4.67,0.94,1,108
W202,13-01-2026,1245,3.7,18,17:10:00,night,4.86,0.96,0,135
W202,14-01-2026,977,5.8,13,18:10:00,morning,4.87,0.93,0,106
W202,15-01-2026,1196,4.2,15,19:10:00,afternoon,4.92,0.93,0,139
W202,17-01-2026,818,4,12,20:10:00,evening,4.73,0.95,0,128
W202,18-01-2026,995,6.6,13,21:10:00,afternoon,5,0.94,1,133
W202,19-01-2026,1098,3,15,22:10:00,night,4.68,0.9,0,141
W202,21-01-2026,1036,5.4,14,23:10:00,afternoon,4.95,0.94,1,159
W202,22-01-2026,1363,7.1,20,00:10:00,afternoon,4.69,0.98,1,161
W202,23-01-2026,1257,3.2,17,01:10:00,evening,4.77,0.93,1,103
W202,24-01-2026,1027,5.2,12,02:10:00,afternoon,4.68,0.93,1,140
W202,27-01-2026,1223,7.2,15,03:10:00,evening,4.81,0.95,0,124
W202,28-01-2026,1110,3.6,13,04:10:00,evening,4.65,0.93,0,123
W202,30-01-2026,1083,5.5,17,05:10:00,morning,4.63,0.93,1,172
W202,31-01-2026,1050,6.7,13,06:10:00,morning,4.95,0.95,1,176
W202,01-02-2026,940,3.7,12,07:10:00,night,4.72,0.95,1,173
W202,02-02-2026,1025,4.2,13,08:10:00,morning,4.62,0.98,0,172
W202,04-02-2026,1342,5.6,19,09:10:00,afternoon,4.92,0.93,0,112
W202,05-02-2026,909,5.7,10,10:10:00,evening,4.68,0.97,1,104
W202,06-02-2026,1447,6.8,18,11:10:00,afternoon,4.92,0.9,0,164
W202,07-02-2026,1100,5.3,16,12:10:00,night,4.9,0.94,0,172
W202,08-02-2026,1515,4.3,22,13:10:00,night,4.83,0.96,0,159
W202,09-02-2026,927,7.3,15,14:10:00,night,4.66,0.94,1,106
W202,10-02-2026,995,5.2,14,15:10:00,night,4.64,0.98,0,120
W202,11-02-2026,1325,7.2,17,16:10:00,morning,4.82,0.95,1,166
W202,12-02-2026,1108,7.9,14,17:10:00,night,4.79,0.93,0,140
W202,13-02-2026,1398,3.2,20,18:10:00,afternoon,4.72,0.97,0,174
W202,14-02-2026,1309,6.7,16,19:10:00,afternoon,4.82,0.91,1,134
W202,15-02-2026,1036,6.4,12,20:10:00,morning,4.79,0.95,0,111
W202,16-02-2026,868,3.6,14,21:10:00,morning,4.65,0.93,1,141
W202,17-02-2026,1308,5,19,22:10:00,night,4.69,0.93,1,133
W202,18-02-2026,1189,5.7,16,23:10:00,night,4.61,0.96,0,113
W202,19-02-2026,1190,5.9,15,00:10:00,afternoon,4.99,0.98,1,111
W202,22-02-2026,1016,4.3,15,01:10:00,afternoon,4.75,0.94,1,160
W202,23-02-2026,1155,5,17,02:10:00,afternoon,4.83,0.94,0,179
W202,24-02-2026,1085,7.1,15,03:10:00,morning,4.81,0.92,1,112
W202,25-02-2026,1044,6.5,14,04:10:00,morning,4.97,0.96,0,138
W202,28-02-2026,1159,5.2,16,05:10:00,evening,4.78,0.98,1,166
W202,01-03-2026,1082,7.4,14,06:10:00,afternoon,4.81,0.95,1,124
W203,05-01-2026,1090,7.4,14,07:10:00,night,4.83,0.92,1,167
W203,06-01-2026,1018,5.8,12,08:10:00,evening,4.68,0.93,1,155
W203,07-01-2026,1036,4.5,15,09:10:00,afternoon,4.66,0.97,1,166
W203,08-01-2026,956,4.6,13,10:10:00,night,4.68,0.92,0,108
W203,09-01-2026,1195,6.1,18,11:10:00,afternoon,4.76,0.98,0,172
W203,10-01-2026,925,4.4,11,12:10:00,morning,4.87,0.93,0,126
W203,11-01-2026,1217,3.7,17,13:10:00,night,4.61,0.92,0,153
W203,13-01-2026,985,5.8,12,14:10:00,morning,4.73,0.94,0,127
W203,14-01-2026,868,3.4,10,15:10:00,evening,4.73,0.98,1,165
W203,15-01-2026,1104,7.3,14,16:10:00,night,4.84,0.92,1,164
W203,16-01-2026,1351,5,21,17:10:00,evening,4.86,0.97,1,118
W203,17-01-2026,1405,6.6,18,18:10:00,night,4.88,0.95,0,126
W203,19-01-2026,1077,5.3,14,19:10:00,morning,4.79,0.95,0,105
W203,21-01-2026,1063,3.7,13,20:10:00,evening,4.61,0.94,1,130
W203,22-01-2026,1285,6,17,21:10:00,night,4.78,0.95,1,138
W203,23-01-2026,1062,5.4,14,22:10:00,evening,4.72,0.91,1,172
W203,24-01-2026,1177,7.4,18,23:10:00,night,4.63,0.97,1,172
W203,25-01-2026,907,7.3,11,00:10:00,night,4.66,0.92,1,135
W203,26-01-2026,1227,3.8,18,01:10:00,night,4.74,0.91,0,176
W203,27-01-2026,1520,3.6,23,02:10:00,morning,4.71,0.91,1,145
W203,29-01-2026,919,7.9,12,03:10:00,afternoon,4.99,0.98,0,101
W203,30-01-2026,1225,5.4,16,04:10:00,morning,4.83,0.96,1,164
W203,31-01-2026,1264,5,18,05:10:00,night,4.76,0.97,1,167
W203,01-02-2026,1228,5,18,06:10:00,evening,4.72,0.93,0,121
W203,02-02-2026,1153,6.2,16,07:10:00,morning,4.66,0.91,1,172
W203,03-02-2026,819,6.6,13,08:10:00,afternoon,4.78,0.93,0,164
W203,04-02-2026,937,6.5,12,09:10:00,night,4.82,0.97,1,106
W203,07-02-2026,1399,5.8,17,10:10:00,night,4.74,0.92,0,174
W203,08-02-2026,980,6.7,15,11:10:00,morning,4.81,0.93,0,164
W203,10-02-2026,1296,4.4,20,12:10:00,afternoon,4.81,0.97,1,151
W203,11-02-2026,1043,7.1,14,13:10:00,morning,4.88,0.92,0,144
W203,12-02-2026,1180,5.1,16,14:10:00,evening,4.91,0.96,1,107
W203,13-02-2026,1090,7.6,14,15:10:00,night,4.76,0.94,0,108
W203,14-02-2026,993,7.9,14,16:10:00,morning,4.67,0.93,0,113
W203,15-02-2026,971,3.1,14,17:10:00,night,4.9,0.96,0,162
W203,16-02-2026,957,7.4,15,18:10:00,night,4.64,0.93,1,129
W203,17-02-2026,808,3.9,12,19:10:00,afternoon,4.69,0.91,0,113
W203,18-02-2026,940,5.7,12,20:10:00,evening,4.67,0.98,0,156
W203,19-02-2026,912,6.5,15,21:10:00,night,4.92,0.96,0,126
W203,21-02-2026,1323,4.7,20,22:10:00,morning,4.68,0.92,0,161
W203,22-02-2026,1028,5.5,15,23:10:00,evening,4.83,0.94,0,173
W203,23-02-2026,853,6.7,11,00:10:00,afternoon,4.74,0.92,1,102
W203,24-02-2026,1211,4.8,16,01:10:00,evening,4.91,0.92,1,100
W203,27-02-2026,1199,4.4,15,02:10:00,afternoon,4.66,0.91,1,147
W203,28-02-2026,1212,3.5,18,03:10:00,morning,4.75,0.92,1,168
W203,01-03-2026,1240,4.9,17,04:10:00,evening,4.87,0.98,0,111
W204,08-01-2026,1183,5.9,16,05:10:00,morning,4.86,0.92,1,105
W204,09-01-2026,1206,6,16,06:10:00,afternoon,4.83,0.96,0,107
W204,10-01-2026,1096,4,16,07:10:00,night,4.95,0.97,0,129
W204,13-01-2026,1031,7.6,12,08:10:00,evening,4.91,0.96,0,156
W204,14-01-2026,729,6.6,9,09:10:00,night,4.77,0.92,0,123
W204,15-01-2026,1303,5.9,19,10:10:00,morning,5,0.92,0,133
W204,16-01-2026,1031,4.8,13,11:10:00,night,4.63,0.91,1,107
W204,17-01-2026,1046,4.3,16,12:10:00,morning,4.93,0.97,0,162
W204,18-01-2026,1190,7.2,15,13:10:00,night,4.62,0.97,1,118
W204,20-01-2026,1207,6,17,14:10:00,evening,4.87,0.94,1,175
W204,22-01-2026,1039,4.8,16,15:10:00,morning,4.83,0.94,0,150
W204,24-01-2026,1184,7.2,16,16:10:00,morning,4.87,0.91,1,133
W204,25-01-2026,1169,3.3,15,17:10:00,night,4.7,0.93,0,150
W204,26-01-2026,968,6.9,13,18:10:00,evening,4.71,0.96,0,162
W204,27-01-2026,857,4.9,10,19:10:00,morning,4.6,0.9,0,136
W204,28-01-2026,883,4.3,12,20:10:00,evening,4.9,0.91,0,134
W204,29-01-2026,1050,7.6,13,21:10:00,night,4.91,0.97,0,125
W204,30-01-2026,1135,3.6,16,22:10:00,evening,4.91,0.92,0,167
W204,31-01-2026,885,4.7,10,23:10:00,morning,4.89,0.95,0,110
W204,02-02-2026,965,3.9,11,00:10:00,afternoon,4.78,0.93,0,110
W204,03-02-2026,1048,3.2,14,01:10:00,morning,4.88,0.97,0,155
W204,04-02-2026,1230,6.1,15,02:10:00,morning,4.72,0.94,0,149
W204,05-02-2026,982,7,12,03:10:00,afternoon,4.8,0.96,0,125
W204,06-02-2026,1250,4.5,16,04:10:00,afternoon,4.72,0.96,0,140
W204,07-02-2026,1180,5,15,05:10:00,afternoon,4.67,0.92,0,132
W204,08-02-2026,1131,5.3,18,06:10:00,afternoon,4.96,0.95,0,112
W204,09-02-2026,1101,5.5,13,07:10:00,night,4.68,0.97,0,102
W204,10-02-2026,845,6.1,10,08:10:00,night,4.67,0.93,1,144
W204,11-02-2026,729,5.5,12,09:10:00,afternoon,4.74,0.96,1,144
W204,13-02-2026,1351,3.5,18,10:10:00,evening,4.67,0.95,0,174
W204,14-02-2026,1154,7.4,14,11:10:00,afternoon,4.99,0.95,0,178
W204,15-02-2026,1089,4.1,17,12:10:00,afternoon,4.74,0.96,0,103
W204,16-02-2026,1049,8,16,13:10:00,evening,4.68,0.92,0,156
W204,18-02-2026,810,3.3,11,14:10:00,evening,4.93,0.93,1,179
W204,20-02-2026,929,6.3,15,15:10:00,evening,4.64,0.94,1,155
W204,22-02-2026,1199,4.3,15,16:10:00,night,4.9,0.93,0,125
W204,23-02-2026,1076,7,16,17:10:00,night,4.62,0.95,0,175
W204,26-02-2026,974,4.8,15,18:10:00,morning,4.68,0.98,0,173
W204,27-02-2026,894,4.2,14,19:10:00,night,4.76,0.94,1,160
W204,01-03-2026,969,7.2,13,20:10:00,morning,4.78,0.96,1,104
W205,03-01-2026,1028,4.6,16,21:10:00,evening,4.52,0.86,2,266
W205,04-01-2026,1172,3.8,18,22:10:00,night,4.56,0.86,1,199
W205,05-01-2026,1352,6,19,23:10:00,afternoon,4.5,0.86,2,242
W205,06-01-2026,1019,5.5,14,00:10:00,evening,4.5,0.85,1,207
W205,07-01-2026,940,5.9,12,01:10:00,night,4.5,0.84,2,183
W205,08-01-2026,1320,6.2,18,02:10:00,morning,4.38,0.87,2,231
W205,09-01-2026,1086,5.3,14,03:10:00,morning,4.31,0.84,1,264
W205,10-01-2026,1250,5.1,16,04:10:00,morning,4.34,0.8,1,204
W205,12-01-2026,630,6.5,8,05:10:00,night,4.36,0.86,2,238
W205,13-01-2026,749,3.1,12,06:10:00,afternoon,4.49,0.81,1,281
W205,14-01-2026,797,5.6,10,07:10:00,evening,4.67,0.88,1,186
W205,15-01-2026,748,6.8,10,08:10:00,morning,4.32,0.81,1,210
W205,17-01-2026,1106,7.2,13,09:10:00,evening,4.53,0.8,2,181
W205,19-01-2026,957,4.9,15,10:10:00,night,4.43,0.81,1,234
W205,20-01-2026,1169,5,14,11:10:00,evening,4.5,0.82,2,246
W205,21-01-2026,980,6.4,14,12:10:00,evening,4.42,0.8,1,275
W205,22-01-2026,1241,5.8,19,13:10:00,morning,4.41,0.89,2,220
W205,23-01-2026,1035,3.4,16,14:10:00,morning,4.51,0.85,1,247
W205,24-01-2026,1101,7.4,14,15:10:00,night,4.52,0.81,2,278
W205,25-01-2026,756,4.5,8,16:10:00,evening,4.62,0.87,2,222
W205,26-01-2026,771,7.2,12,17:10:00,afternoon,4.41,0.83,1,242
W205,27-01-2026,1108,6.3,17,18:10:00,evening,4.55,0.82,2,195
W205,28-01-2026,1041,5.6,14,19:10:00,evening,4.32,0.85,2,277
W205,29-01-2026,921,6.4,12,20:10:00,afternoon,4.55,0.88,2,245
W205,30-01-2026,844,7.2,11,21:10:00,night,4.35,0.86,1,195
W205,31-01-2026,1202,6.3,17,22:10:00,night,4.47,0.89,2,233
W205,01-02-2026,769,6.8,10,23:10:00,morning,4.35,0.81,2,183
W205,03-02-2026,604,7.6,6,00:10:00,evening,4.42,0.82,1,233
W205,04-02-2026,661,7,7,01:10:00,night,4.6,0.84,2,188
W205,05-02-2026,929,4.7,11,02:10:00,morning,4.52,0.87,2,210
W205,09-02-2026,721,7.3,10,03:10:00,night,4.6,0.8,1,213
W205,10-02-2026,834,7.3,9,04:10:00,evening,4.6,0.89,1,187
W205,11-02-2026,1077,7.3,13,05:10:00,evening,4.36,0.86,1,201
W205,12-02-2026,1090,6.9,17,06:10:00,night,4.43,0.84,1,246
W205,13-02-2026,561,4,8,07:10:00,evening,4.56,0.86,1,196
W205,14-02-2026,1080,5.9,15,08:10:00,evening,4.67,0.84,1,215
W205,15-02-2026,915,6,13,09:10:00,evening,4.31,0.9,1,260
W205,16-02-2026,733,5.1,10,10:10:00,night,4.54,0.83,1,240
W205,18-02-2026,1127,6.7,17,11:10:00,evening,4.55,0.87,2,220
W205,19-02-2026,976,3.4,15,12:10:00,afternoon,4.61,0.81,2,237
W205,20-02-2026,1016,4.3,12,13:10:00,morning,4.39,0.87,2,251
W205,21-02-2026,939,7.5,14,14:10:00,evening,4.4,0.85,2,264
W205,22-02-2026,1321,6.5,18,15:10:00,morning,4.51,0.83,1,276
W205,25-02-2026,746,4.9,10,16:10:00,morning,4.64,0.87,2,299
W205,26-02-2026,983,5.3,13,17:10:00,morning,4.39,0.82,1,294
W205,27-02-2026,585,7.7,10,18:10:00,evening,4.58,0.89,2,187
W205,28-02-2026,829,6,11,19:10:00,night,4.68,0.88,1,267
W205,01-03-2026,1002,3.4,15,20:10:00,night,4.42,0.83,2,185
W206,11-01-2026,833,4.8,10,21:10:00,morning,4.42,0.71,2,448
W206,12-01-2026,924,6.8,12,22:10:00,evening,4.29,0.75,3,316
W206,14-01-2026,492,3.6,7,23:10:00,morning,4.02,0.72,3,374
W206,15-01-2026,1187,4.2,15,00:10:00,evening,4.18,0.72,3,429
W206,16-01-2026,1349,6.9,17,01:10:00,evening,4.39,0.73,2,300
W206,17-01-2026,2187,7.4,29,02:10:00,evening,4.42,0.83,4,383
W206,18-01-2026,1390,7.9,17,03:10:00,afternoon,4.16,0.78,4,441
W206,19-01-2026,570,6.1,9,04:10:00,evening,4.26,0.75,3,392
W206,20-01-2026,221,6,5,05:10:00,night,4.06,0.83,2,413
W206,21-01-2026,704,7.4,10,06:10:00,evening,4.09,0.78,4,376
W206,22-01-2026,1001,4.4,14,07:10:00,morning,4.39,0.79,4,426
W206,23-01-2026,510,5.7,9,08:10:00,morning,4.5,0.73,4,401
W206,25-01-2026,929,3.5,14,09:10:00,morning,4.04,0.78,2,412
W206,26-01-2026,330,4.1,5,10:10:00,evening,4.41,0.71,3,366
W206,27-01-2026,1379,5.3,21,11:10:00,afternoon,4.03,0.84,3,439
W206,29-01-2026,723,4.6,10,12:10:00,night,4.38,0.79,3,437
W206,01-02-2026,727,4,9,13:10:00,afternoon,4.15,0.71,3,332
W206,02-02-2026,692,5.7,8,14:10:00,morning,4.4,0.84,4,445
W206,03-02-2026,1163,7.4,16,15:10:00,night,4.02,0.73,4,330
W206,04-02-2026,698,7.6,11,16:10:00,night,4.29,0.85,4,427
W206,05-02-2026,200,7.4,5,17:10:00,morning,4.31,0.82,4,399
W206,06-02-2026,429,5.9,5,18:10:00,night,4.16,0.76,3,431
W206,10-02-2026,460,3.7,6,19:10:00,morning,4.35,0.73,2,353
W206,12-02-2026,364,7.7,5,20:10:00,morning,4.13,0.78,4,316
W206,14-02-2026,1343,7.6,18,21:10:00,afternoon,4.37,0.76,4,361
W206,17-02-2026,575,6.6,8,22:10:00,afternoon,4.35,0.72,4,399
W206,18-02-2026,1570,3.3,23,23:10:00,morning,4.22,0.76,3,308
W206,22-02-2026,1360,5.1,18,00:10:00,afternoon,4,0.84,3,411
W206,23-02-2026,200,4.4,5,01:10:00,morning,4.48,0.82,4,384
W206,24-02-2026,985,7.2,16,02:10:00,afternoon,4.14,0.83,4,380
W206,25-02-2026,355,4.6,7,03:10:00,night,4.28,0.73,4,395
W206,26-02-2026,200,3.2,5,04:10:00,evening,4.34,0.82,2,397
W206,27-02-2026,502,3.2,5,05:10:00,night,4.06,0.82,3,423
W206,28-02-2026,237,4.2,5,06:10:00,evening,4.12,0.82,3,311
W206,01-03-2026,1413,4.6,21,07:10:00,afternoon,4.2,0.83,2,391
W207,06-01-2026,583,5.8,10,08:10:00,night,4.25,0.82,3,329
W207,07-01-2026,556,4.3,6,09:10:00,evening,4.45,0.79,4,426
W207,08-01-2026,1030,6.6,14,10:10:00,evening,4.45,0.84,3,364
W207,09-01-2026,293,5.2,5,11:10:00,night,4.26,0.81,4,426
W207,10-01-2026,1068,5.4,15,12:10:00,evening,4.28,0.82,4,322
W207,11-01-2026,727,3.7,8,13:10:00,evening,4.15,0.84,4,326
W207,12-01-2026,1057,3.6,14,14:10:00,night,4.33,0.71,4,345
W207,14-01-2026,1144,5.2,18,15:10:00,evening,4.36,0.82,4,346
W207,15-01-2026,446,5.4,6,16:10:00,evening,4.02,0.79,4,355
W207,16-01-2026,1099,3.3,15,17:10:00,afternoon,4.32,0.73,3,414
W207,17-01-2026,1245,4.6,16,18:10:00,night,4.39,0.82,2,354
W207,18-01-2026,909,6.1,10,19:10:00,afternoon,4.34,0.84,2,409
W207,19-01-2026,1111,4,13,20:10:00,night,4.33,0.74,3,347
W207,20-01-2026,200,5.2,5,21:10:00,night,4.19,0.8,3,312
W207,21-01-2026,200,6.1,5,22:10:00,afternoon,4.48,0.75,3,405
W207,22-01-2026,773,4.2,9,23:10:00,night,4.45,0.7,4,310
W207,23-01-2026,1835,5.1,25,00:10:00,evening,4.46,0.77,3,361
W207,24-01-2026,1713,5.9,26,01:10:00,night,4.4,0.73,3,434
W207,25-01-2026,1266,6.4,20,02:10:00,morning,4.5,0.75,4,409
W207,26-01-2026,661,7.3,11,03:10:00,afternoon,4.05,0.79,4,440
W207,28-01-2026,883,4,11,04:10:00,night,4.4,0.71,4,321
W207,29-01-2026,1070,4.4,17,05:10:00,night,4.18,0.72,3,322
W207,30-01-2026,979,3.4,14,06:10:00,night,4.33,0.72,4,443
W207,31-01-2026,615,3.3,10,07:10:00,night,4.4,0.84,3,302
W207,01-02-2026,200,6.4,5,08:10:00,evening,4.36,0.83,3,411
W207,03-02-2026,1325,4.9,19,09:10:00,morning,4.48,0.7,2,335
W207,04-02-2026,1583,5.2,20,10:10:00,evening,4.11,0.75,4,365
W207,07-02-2026,1216,6.6,15,11:10:00,afternoon,4.11,0.76,2,407
W207,08-02-2026,1268,3.9,19,12:10:00,evening,4.29,0.7,4,339
W207,09-02-2026,1196,3.4,17,13:10:00,evening,4.09,0.85,2,412
W207,10-02-2026,414,4.3,5,14:10:00,night,4.16,0.79,2,443
W207,11-02-2026,266,5,5,15:10:00,night,4.14,0.84,4,434
W207,13-02-2026,479,5.9,5,16:10:00,morning,4.45,0.79,3,439
W207,14-02-2026,1474,3.8,21,17:10:00,night,4.36,0.82,2,324
W207,15-02-2026,1214,4.8,16,18:10:00,night,4.42,0.8,3,394
W207,16-02-2026,753,3,9,19:10:00,evening,4.12,0.74,3,372
W207,18-02-2026,742,4.9,8,20:10:00,night,4.02,0.74,3,331
W207,19-02-2026,866,4.1,10,21:10:00,night,4.12,0.71,2,441
W207,21-02-2026,1326,3.7,17,22:10:00,afternoon,4.28,0.84,2,323
W207,22-02-2026,1268,4.7,18,23:10:00,morning,4.15,0.73,3,405
W207,23-02-2026,1170,3.1,16,00:10:00,morning,4.06,0.73,3,425
W207,24-02-2026,553,7.4,7,01:10:00,evening,4.02,0.83,2,300
W207,25-02-2026,969,5,13,02:10:00,evening,4.32,0.73,3,424
W207,27-02-2026,1255,5.1,15,03:10:00,morning,4.08,0.75,3,379
W207,28-02-2026,1085,5,17,04:10:00,evening,4.1,0.74,3,337
W207,01-03-2026,479,6,5,05:10:00,morning,4,0.81,2,301
W208,11-01-2026,888,6.8,13,06:10:00,morning,4.49,0.85,1,256
W208,12-01-2026,778,6.7,11,07:10:00,evening,4.69,0.85,2,187
W208,13-01-2026,804,6.8,9,08:10:00,evening,4.36,0.83,1,261
W208,14-01-2026,921,3.2,12,09:10:00,night,4.3,0.81,2,188
W208,15-01-2026,1502,5.7,19,10:10:00,night,4.5,0.89,1,255
W208,16-01-2026,1030,4.7,12,11:10:00,afternoon,4.35,0.83,2,270
W208,17-01-2026,1150,6.8,17,12:10:00,morning,4.47,0.86,1,245
W208,18-01-2026,1022,7.4,12,13:10:00,morning,4.61,0.85,1,195
W208,19-01-2026,799,7.1,10,14:10:00,night,4.65,0.9,2,218
W208,21-01-2026,787,4.4,12,15:10:00,night,4.56,0.83,2,181
W208,22-01-2026,1081,4.2,13,16:10:00,morning,4.36,0.85,2,256
W208,23-01-2026,842,5.7,10,17:10:00,night,4.59,0.85,1,242
W208,24-01-2026,1037,6.6,15,18:10:00,evening,4.44,0.87,2,289
W208,25-01-2026,1221,3.8,19,19:10:00,afternoon,4.33,0.84,1,265
W208,27-01-2026,1342,4.3,17,20:10:00,night,4.32,0.87,2,243
W208,28-01-2026,1221,6.8,19,21:10:00,morning,4.69,0.83,2,260
W208,29-01-2026,812,6.1,13,22:10:00,night,4.43,0.85,1,281
W208,30-01-2026,1204,4.2,15,23:10:00,evening,4.46,0.82,1,181
W208,31-01-2026,879,7.2,14,00:10:00,afternoon,4.36,0.89,2,270
W208,01-02-2026,966,6.9,15,01:10:00,morning,4.5,0.86,1,288
W208,02-02-2026,903,7.3,10,02:10:00,morning,4.56,0.81,2,274
W208,03-02-2026,818,4.5,11,03:10:00,morning,4.42,0.9,2,202
W208,04-02-2026,1047,6.5,16,04:10:00,morning,4.4,0.84,2,184
W208,05-02-2026,875,6.4,10,05:10:00,night,4.32,0.81,2,290
W208,06-02-2026,1089,6.1,17,06:10:00,afternoon,4.68,0.81,1,197
W208,09-02-2026,1108,6.9,16,07:10:00,night,4.3,0.86,1,260
W208,10-02-2026,1068,4.8,15,08:10:00,morning,4.51,0.89,1,198
W208,11-02-2026,946,5.3,13,09:10:00,afternoon,4.43,0.82,2,283
W208,14-02-2026,726,5.6,11,10:10:00,afternoon,4.69,0.82,1,200
W208,17-02-2026,869,3.7,11,11:10:00,night,4.59,0.86,2,201
W208,19-02-2026,926,4.6,15,12:10:00,night,4.6,0.9,2,226
W208,20-02-2026,765,7.5,8,13:10:00,afternoon,4.31,0.81,1,202
W208,21-02-2026,809,7.6,11,14:10:00,evening,4.49,0.85,2,298
W208,23-02-2026,838,6.3,11,15:10:00,night,4.65,0.83,2,299
W208,24-02-2026,1174,7.1,14,16:10:00,morning,4.33,0.87,1,226
W208,25-02-2026,1010,6.3,15,17:10:00,night,4.62,0.86,1,267
W208,26-02-2026,749,8,12,18:10:00,morning,4.52,0.86,1,203
W208,27-02-2026,540,6.9,6,19:10:00,evening,4.33,0.87,2,205
W208,28-02-2026,846,7.3,12,20:10:00,night,4.32,0.81,1,180
W208,01-03-2026,781,3.2,9,21:10:00,afternoon,4.54,0.82,2,223
W209,06-01-2026,1241,5.9,18,22:10:00,evening,4.65,0.96,0,139
W209,07-01-2026,1138,7,17,23:10:00,morning,4.62,0.9,1,119
W209,08-01-2026,1070,7.7,14,00:10:00,night,4.69,0.94,0,117
W209,11-01-2026,1223,3.2,19,01:10:00,morning,4.82,0.94,0,120
W209,12-01-2026,1488,3.9,21,02:10:00,night,4.98,0.95,0,177
W209,13-01-2026,1200,6.3,15,03:10:00,afternoon,4.81,0.93,0,172
W209,15-01-2026,1206,4.8,18,04:10:00,morning,4.76,0.98,0,120
W209,17-01-2026,1042,7.4,16,05:10:00,morning,4.84,0.95,1,106
W209,18-01-2026,972,6.2,14,06:10:00,evening,4.86,0.98,1,158
W209,19-01-2026,1118,3.7,17,07:10:00,afternoon,4.99,0.98,0,157
W209,20-01-2026,1327,3.6,16,08:10:00,evening,4.7,0.9,1,177
W209,21-01-2026,1034,5.6,15,09:10:00,night,4.82,0.92,1,132
W209,22-01-2026,1161,7,15,10:10:00,evening,4.7,0.96,1,132
W209,23-01-2026,1217,5.2,16,11:10:00,night,4.77,0.91,0,169
W209,24-01-2026,1243,3.5,19,12:10:00,morning,4.89,0.95,0,131
W209,25-01-2026,1180,3.4,16,13:10:00,morning,4.84,0.92,0,128
W209,27-01-2026,863,6.1,13,14:10:00,evening,4.83,0.92,1,110
W209,30-01-2026,1097,7.5,17,15:10:00,morning,4.73,0.9,1,140
W209,01-02-2026,1166,5.8,16,16:10:00,afternoon,4.7,0.91,1,119
W209,02-02-2026,1066,5.9,15,17:10:00,morning,4.92,0.92,1,116
W209,03-02-2026,707,6.2,11,18:10:00,morning,4.78,0.96,1,153
W209,04-02-2026,1086,6.7,15,19:10:00,afternoon,4.78,0.93,1,111
W209,06-02-2026,961,3.9,12,20:10:00,morning,4.85,0.92,1,149
W209,07-02-2026,1242,5.7,18,21:10:00,night,4.62,0.97,0,148
W209,08-02-2026,1158,7.7,18,22:10:00,night,4.95,0.95,0,131
W209,09-02-2026,1059,6.6,14,23:10:00,evening,4.72,0.94,0,119
W209,10-02-2026,869,3.4,13,00:10:00,afternoon,5,0.93,1,153
W209,11-02-2026,1386,6.3,17,01:10:00,afternoon,4.92,0.93,1,145
W209,12-02-2026,1218,6.6,18,02:10:00,evening,4.77,0.98,1,104
W209,13-02-2026,1270,6.4,17,03:10:00,morning,4.75,0.97,1,158
W209,14-02-2026,1168,6.5,14,04:10:00,morning,4.85,0.96,1,113
W209,15-02-2026,1168,4.2,15,05:10:00,night,4.61,0.94,1,112
W209,16-02-2026,1102,5.9,13,06:10:00,night,4.89,0.92,0,161
W209,18-02-2026,1227,6.6,19,07:10:00,afternoon,4.85,0.95,1,139
W209,19-02-2026,931,5.4,11,08:10:00,evening,4.75,0.98,1,104
W209,20-02-2026,1112,4.2,17,09:10:00,morning,4.67,0.96,0,102
W209,21-02-2026,885,7,10,10:10:00,evening,4.7,0.94,1,121
W209,23-02-2026,1184,5.9,15,11:10:00,evening,4.67,0.93,0,131
W209,24-02-2026,1089,6.9,13,12:10:00,afternoon,4.66,0.98,1,152
W209,25-02-2026,1144,5,17,13:10:00,afternoon,4.76,0.91,0,116
W209,26-02-2026,1429,4.2,18,14:10:00,night,4.84,0.91,0,118
W209,27-02-2026,1153,5.9,15,15:10:00,evening,4.94,0.92,0,135
W209,28-02-2026,968,5.4,11,16:10:00,morning,4.67,0.96,0,100
W210,04-01-2026,1252,7.8,19,17:10:00,afternoon,4.61,0.93,0,170
W210,05-01-2026,1000,7.5,16,18:10:00,night,4.96,0.93,0,174
W210,06-01-2026,1148,3.9,17,19:10:00,evening,4.69,0.98,1,103
W210,07-01-2026,973,4.6,15,20:10:00,evening,4.74,0.95,1,174
W210,08-01-2026,1084,3.1,17,21:10:00,night,4.68,0.93,1,134
W210,09-01-2026,1160,3.7,18,22:10:00,evening,4.68,0.94,1,120
W210,10-01-2026,944,7.6,13,23:10:00,morning,4.61,0.94,1,158
W210,11-01-2026,988,7.6,15,00:10:00,evening,4.71,0.95,1,133
W210,12-01-2026,895,7.5,14,01:10:00,night,4.74,0.92,1,113
W210,13-01-2026,1176,5.1,18,02:10:00,evening,4.63,0.94,1,166
W210,14-01-2026,1109,5,15,03:10:00,morning,4.79,0.95,1,129
W210,15-01-2026,1134,5.7,17,04:10:00,afternoon,4.72,0.93,1,106
W210,16-01-2026,1318,5.9,18,05:10:00,night,4.76,0.92,0,117
W210,18-01-2026,1025,3.9,14,06:10:00,morning,4.62,0.91,0,116
W210,20-01-2026,1200,5.8,19,07:10:00,night,4.87,0.94,1,112
W210,22-01-2026,1144,7.3,18,08:10:00,afternoon,4.96,0.9,0,145
W210,23-01-2026,964,5.1,13,09:10:00,morning,4.76,0.97,0,127
W210,24-01-2026,974,6.4,15,10:10:00,afternoon,4.67,0.94,0,168
W210,25-01-2026,828,7.9,12,11:10:00,afternoon,4.7,0.91,1,103
W210,26-01-2026,1288,7.8,20,12:10:00,evening,4.81,0.97,0,172
W210,29-01-2026,1394,7.3,20,13:10:00,afternoon,4.8,0.98,1,179
W210,30-01-2026,1100,4.2,13,14:10:00,evening,4.98,0.94,1,105
W210,31-01-2026,1117,3.5,15,15:10:00,afternoon,4.96,0.96,1,148
W210,01-02-2026,1071,6.7,17,16:10:00,morning,4.8,0.97,0,144
W210,02-02-2026,940,3.7,12,17:10:00,evening,4.8,0.95,0,166
W210,03-02-2026,1109,6.3,15,18:10:00,evening,4.9,0.92,1,120
W210,05-02-2026,1193,5.7,16,19:10:00,evening,4.86,0.98,0,156
W210,06-02-2026,1100,4.4,15,20:10:00,evening,4.81,0.98,0,147
W210,07-02-2026,1119,7.2,13,21:10:00,afternoon,4.95,0.95,1,162
W210,08-02-2026,1130,4.1,17,22:10:00,morning,4.79,0.94,1,159
W210,09-02-2026,1110,4.8,13,23:10:00,morning,4.8,0.91,0,115
W210,10-02-2026,1266,7.3,20,00:10:00,afternoon,4.87,0.9,0,166
W210,11-02-2026,1079,4.9,16,01:10:00,night,4.62,0.93,0,132
W210,12-02-2026,1080,4.7,16,02:10:00,night,4.71,0.92,1,105
W210,13-02-2026,1062,4.3,14,03:10:00,evening,4.66,0.97,1,105
W210,14-02-2026,1000,7.9,13,04:10:00,evening,4.9,0.92,0,167
W210,15-02-2026,1281,6.9,16,05:10:00,morning,4.87,0.9,0,148
W210,16-02-2026,1089,3.3,17,06:10:00,night,4.86,0.96,1,163
W210,17-02-2026,960,4.5,15,07:10:00,morning,4.63,0.98,0,121
W210,18-02-2026,1212,4.5,17,08:10:00,morning,4.77,0.96,0,126
W210,19-02-2026,862,5,10,09:10:00,evening,5,0.98,0,133
W210,20-02-2026,932,5.2,15,10:10:00,evening,4.98,0.96,0,114
W210,21-02-2026,732,5.6,12,11:10:00,morning,4.65,0.91,0,128
W210,23-02-2026,930,3.4,15,12:10:00,morning,4.65,0.98,0,173
W210,24-02-2026,968,5.9,14,13:10:00,evening,4.93,0.92,1,130
W210,26-02-2026,1120,7,17,14:10:00,afternoon,4.79,0.91,0,121
W210,27-02-2026,1237,7,18,15:10:00,morning,4.78,0.94,0,159
W210,28-02-2026,1055,6.2,16,16:10:00,afternoon,5,0.93,1,111
W210,01-03-2026,1147,4.9,18,17:10:00,evening,4.61,0.98,1,101
W211,11-01-2026,478,4,5,18:10:00,afternoon,4.36,0.71,4,358
W211,12-01-2026,1163,7.7,14,19:10:00,morning,4.03,0.79,2,429
W211,14-01-2026,368,5.9,5,20:10:00,evening,4.28,0.73,4,398
W211,15-01-2026,508,5,8,21:10:00,night,4.33,0.77,3,342
W211,16-01-2026,779,4.5,12,22:10:00,morning,4.26,0.72,3,316
W211,17-01-2026,678,3.1,11,23:10:00,night,4.19,0.74,2,307
W211,18-01-2026,703,5.5,10,00:10:00,evening,4.24,0.84,2,334
W211,20-01-2026,383,4.8,5,01:10:00,afternoon,4.33,0.73,3,376
W211,21-01-2026,934,7.7,14,02:10:00,morning,4.08,0.78,2,348
W211,22-01-2026,855,7.2,14,03:10:00,night,4.42,0.8,3,391
W211,23-01-2026,827,4,9,04:10:00,morning,4.03,0.72,2,449
W211,24-01-2026,1306,5.4,20,05:10:00,morning,4.4,0.83,4,353
W211,25-01-2026,918,4,11,06:10:00,evening,4.13,0.82,2,336
W211,26-01-2026,276,7.3,5,07:10:00,evening,4.47,0.84,2,424
W211,27-01-2026,709,7.5,12,08:10:00,night,4.21,0.81,2,333
W211,28-01-2026,240,6.5,5,09:10:00,afternoon,4.03,0.73,3,381
W211,29-01-2026,1875,3.2,26,10:10:00,evening,4.2,0.71,2,337
W211,30-01-2026,944,5.4,13,11:10:00,morning,4.41,0.74,3,393
W211,31-01-2026,555,6.8,8,12:10:00,morning,4.17,0.8,3,406
W211,02-02-2026,731,6,9,13:10:00,night,4.25,0.75,3,417
W211,03-02-2026,730,3.6,8,14:10:00,morning,4.3,0.79,3,389
W211,04-02-2026,373,5.5,7,15:10:00,afternoon,4.34,0.84,2,368
W211,05-02-2026,516,3.7,8,16:10:00,evening,4.46,0.74,4,435
W211,06-02-2026,610,5.3,7,17:10:00,morning,4.17,0.79,3,418
W211,07-02-2026,1153,4.3,14,18:10:00,night,4.5,0.71,2,415
W211,08-02-2026,810,7.1,9,19:10:00,night,4.29,0.76,2,412
W211,09-02-2026,727,5,11,20:10:00,night,4.26,0.71,4,330
W211,10-02-2026,1211,5.6,19,21:10:00,afternoon,4.38,0.73,3,367
W211,11-02-2026,826,5.5,9,22:10:00,morning,4.19,0.84,2,351
W211,12-02-2026,541,4.5,7,23:10:00,evening,4.22,0.77,4,442
W211,13-02-2026,999,5.9,13,00:10:00,night,4.05,0.74,4,417
W211,15-02-2026,849,7.4,13,01:10:00,morning,4.48,0.74,3,386
W211,16-02-2026,975,4.6,12,02:10:00,morning,4.29,0.71,4,323
W211,17-02-2026,902,4.2,14,03:10:00,evening,4.23,0.74,2,326
W211,19-02-2026,949,5.5,12,04:10:00,evening,4.2,0.71,4,385
W211,20-02-2026,938,3.7,14,05:10:00,evening,4.29,0.82,3,368
W211,21-02-2026,1603,4.4,23,06:10:00,night,4.39,0.77,2,410
W211,22-02-2026,1248,4.5,19,07:10:00,afternoon,4.18,0.76,3,364
W211,23-02-2026,1178,4.2,14,08:10:00,evening,4.07,0.72,2,358
W211,24-02-2026,200,6.9,5,09:10:00,evening,4.23,0.75,3,387
W211,25-02-2026,1397,7.5,19,10:10:00,night,4.29,0.76,2,315
W211,26-02-2026,660,4.3,8,11:10:00,night,4.38,0.7,2,339
W211,27-02-2026,1438,7.6,22,12:10:00,night,4.41,0.79,2,416
W211,01-03-2026,668,3.3,7,13:10:00,afternoon,4.28,0.73,4,403
W212,04-01-2026,1222,4.4,15,14:10:00,morning,4.74,0.96,1,126
W212,05-01-2026,1068,6,13,15:10:00,afternoon,4.68,0.92,1,142
W212,06-01-2026,1263,3.1,20,16:10:00,evening,4.8,0.95,0,162
W212,07-01-2026,1250,3.4,17,17:10:00,morning,4.73,0.91,0,145
W212,09-01-2026,1101,7.2,14,18:10:00,afternoon,4.75,0.95,1,124
W212,10-01-2026,1169,7.7,16,19:10:00,morning,4.66,0.94,0,156
W212,11-01-2026,1287,3.2,17,20:10:00,afternoon,4.86,0.94,1,131
W212,12-01-2026,957,5.8,12,21:10:00,evening,4.88,0.96,1,138
W212,13-01-2026,1043,3.7,12,22:10:00,evening,4.73,0.94,1,158
W212,15-01-2026,1393,4.8,19,23:10:00,morning,4.67,0.96,1,122
W212,17-01-2026,973,7.9,15,00:10:00,morning,4.61,0.96,0,102
W212,18-01-2026,1275,3.5,19,01:10:00,night,4.69,0.93,1,114
W212,19-01-2026,1115,4.4,16,02:10:00,morning,4.94,0.94,1,139
W212,20-01-2026,818,6.9,11,03:10:00,night,4.68,0.93,0,169
W212,21-01-2026,1250,3.4,16,04:10:00,afternoon,4.85,0.95,1,169
W212,22-01-2026,997,6.9,13,05:10:00,morning,4.8,0.97,1,153
W212,23-01-2026,791,4.2,13,06:10:00,evening,4.66,0.92,1,168
W212,24-01-2026,1347,3.4,19,07:10:00,morning,4.98,0.93,0,177
W212,25-01-2026,1132,6.5,15,08:10:00,evening,4.69,0.92,1,106
W212,26-01-2026,1135,6.7,17,09:10:00,afternoon,4.99,0.95,0,100
W212,27-01-2026,1178,7,16,10:10:00,evening,4.84,0.91,1,137
W212,28-01-2026,1117,3.1,14,11:10:00,afternoon,4.96,0.94,0,134
W212,29-01-2026,1085,7.7,13,12:10:00,morning,4.7,0.92,0,120
W212,30-01-2026,1271,6.3,16,13:10:00,night,4.63,0.91,1,100
W212,31-01-2026,903,4.7,11,14:10:00,night,4.7,0.94,0,127
W212,01-02-2026,1089,6.4,14,15:10:00,morning,4.95,0.94,1,160
W212,04-02-2026,1192,4.6,16,16:10:00,morning,4.69,0.94,1,179
W212,05-02-2026,1082,4.1,15,17:10:00,night,4.87,0.94,1,121
W212,06-02-2026,1007,5.9,13,18:10:00,morning,4.97,0.91,0,178
W212,07-02-2026,1325,6.2,16,19:10:00,night,4.88,0.94,0,105
W212,08-02-2026,748,4.1,9,20:10:00,night,4.66,0.97,1,156
W212,10-02-2026,911,5.2,14,21:10:00,night,4.76,0.96,0,146
W212,12-02-2026,1048,7.5,15,22:10:00,night,4.68,0.98,0,144
W212,13-02-2026,686,3.3,8,23:10:00,morning,4.7,0.91,0,139
W212,14-02-2026,1185,3.5,15,00:10:00,evening,4.91,0.94,1,172
W212,15-02-2026,1020,3.3,12,01:10:00,night,4.97,0.96,0,122
W212,16-02-2026,1035,4.4,13,02:10:00,night,4.68,0.91,0,173
W212,17-02-2026,1130,7.7,14,03:10:00,night,4.95,0.91,1,168
W212,18-02-2026,1127,7.4,18,04:10:00,night,4.68,0.93,1,179
W212,20-02-2026,1039,7.3,15,05:10:00,afternoon,4.61,0.93,0,156
W212,21-02-2026,1282,4.8,17,06:10:00,night,4.89,0.91,0,103
W212,22-02-2026,1318,3.7,20,07:10:00,morning,4.65,0.91,0,138
W212,23-02-2026,1134,7.6,16,08:10:00,morning,4.69,0.95,1,128
W212,24-02-2026,1375,7.6,18,09:10:00,afternoon,4.86,0.94,0,166
W212,25-02-2026,1005,6.2,15,10:10:00,afternoon,4.92,0.93,0,114
W212,26-02-2026,967,4.2,11,11:10:00,afternoon,4.83,0.95,0,173
W212,27-02-2026,838,3.1,12,12:10:00,afternoon,4.81,0.93,1,160
W213,04-01-2026,902,6.8,13,13:10:00,morning,4.19,0.82,3,350
W213,06-01-2026,456,5.8,5,14:10:00,evening,4.12,0.77,2,322
W213,08-01-2026,702,6.6,8,15:10:00,evening,4.2,0.82,3,397
W213,10-01-2026,519,7.7,6,16:10:00,evening,4.4,0.77,3,308
W213,13-01-2026,485,6.4,7,17:10:00,night,4.17,0.75,4,313
W213,14-01-2026,998,5.5,16,18:10:00,morning,4.16,0.75,3,368
W213,16-01-2026,882,7.9,13,19:10:00,afternoon,4.24,0.73,2,395
W213,18-01-2026,899,7.6,14,20:10:00,morning,4.16,0.81,3,383
W213,19-01-2026,755,5.1,11,21:10:00,afternoon,4.04,0.77,3,337
W213,20-01-2026,1028,6.1,13,22:10:00,evening,4.37,0.79,2,326
W213,22-01-2026,837,3.8,9,23:10:00,night,4.18,0.81,3,322
W213,24-01-2026,612,7.3,6,00:10:00,night,4.34,0.72,3,411
W213,25-01-2026,759,5.1,10,01:10:00,afternoon,4.1,0.84,2,416
W213,26-01-2026,200,6.9,5,02:10:00,afternoon,4.02,0.82,2,449
W213,27-01-2026,423,6.1,8,03:10:00,night,4.35,0.76,4,334
W213,29-01-2026,644,7.7,8,04:10:00,night,4.14,0.76,2,377
W213,30-01-2026,920,7.1,14,05:10:00,morning,4.39,0.78,2,429
W213,01-02-2026,523,4.9,5,06:10:00,evening,4.24,0.83,2,365
W213,02-02-2026,865,6.7,12,07:10:00,night,4.1,0.77,3,419
W213,03-02-2026,475,6.6,5,08:10:00,night,4.39,0.72,3,317
W213,04-02-2026,1317,7,19,09:10:00,night,4.11,0.73,2,361
W213,06-02-2026,1389,4.4,20,10:10:00,night,4.2,0.71,2,342
W213,07-02-2026,515,7.5,7,11:10:00,afternoon,4.41,0.76,3,441
W213,08-02-2026,465,4.4,6,12:10:00,night,4.37,0.8,2,303
W213,09-02-2026,277,6.4,5,13:10:00,afternoon,4.33,0.74,2,326
W213,10-02-2026,815,3.5,12,14:10:00,afternoon,4.18,0.71,2,389
W213,12-02-2026,491,6.9,9,15:10:00,afternoon,4.39,0.72,3,372
W213,13-02-2026,322,4.5,5,16:10:00,morning,4.38,0.8,2,389
W213,14-02-2026,200,4.8,5,17:10:00,night,4.03,0.74,4,414
W213,15-02-2026,1004,6.9,13,18:10:00,night,4.49,0.78,3,308
W213,16-02-2026,400,5.8,5,19:10:00,afternoon,4.49,0.79,4,304
W213,17-02-2026,790,5.6,13,20:10:00,afternoon,4.38,0.85,2,339
W213,18-02-2026,200,3.2,5,21:10:00,night,4.22,0.72,4,335
W213,19-02-2026,824,6.7,13,22:10:00,evening,4.17,0.71,3,383
W213,20-02-2026,530,4.9,7,23:10:00,afternoon,4.49,0.74,3,396
W213,21-02-2026,942,4,14,00:10:00,morning,4.23,0.73,2,417
W213,22-02-2026,795,6.6,11,01:10:00,night,4.37,0.71,2,392
W213,23-02-2026,1050,6.7,15,02:10:00,afternoon,4.15,0.84,2,360
W213,25-02-2026,947,4.1,11,03:10:00,night,4.41,0.82,4,348
W213,26-02-2026,500,6.6,8,04:10:00,morning,4.2,0.7,4,416
W213,27-02-2026,790,6.2,10,05:10:00,evening,4.05,0.79,2,436
W213,28-02-2026,266,3.9,5,06:10:00,morning,4.23,0.83,2,359
W213,01-03-2026,870,6.9,13,07:10:00,evening,4.04,0.79,4,303
W214,12-01-2026,1134,4.8,15,08:10:00,afternoon,4.78,0.9,1,109
W214,13-01-2026,1129,7.5,14,09:10:00,night,4.87,0.94,1,176
W214,14-01-2026,1157,6,18,10:10:00,afternoon,5,0.95,0,138
W214,15-01-2026,1173,7.5,15,11:10:00,night,4.87,0.93,1,101
W214,16-01-2026,1136,7.3,15,12:10:00,evening,4.95,0.91,1,164
W214,20-01-2026,1271,5,16,13:10:00,night,4.64,0.93,0,135
W214,22-01-2026,1117,4.2,16,14:10:00,evening,4.93,0.9,0,132
W214,23-01-2026,1085,4.1,16,15:10:00,night,4.77,0.93,0,128
W214,25-01-2026,871,7.6,11,16:10:00,evening,4.63,0.93,0,102
W214,26-01-2026,1063,4.4,16,17:10:00,night,4.71,0.93,0,134
W214,27-01-2026,1031,5.1,16,18:10:00,evening,4.79,0.91,0,103
W214,28-01-2026,1223,3.2,18,19:10:00,evening,4.99,0.91,1,103
W214,29-01-2026,1186,6.3,16,20:10:00,afternoon,4.89,0.9,1,115
W214,01-02-2026,895,6.8,12,21:10:00,night,4.71,0.93,1,128
W214,02-02-2026,1244,7.1,19,22:10:00,night,4.73,0.96,1,161
W214,03-02-2026,1067,4.8,15,23:10:00,night,4.86,0.91,0,122
W214,04-02-2026,1138,4.5,14,00:10:00,morning,4.71,0.94,0,105
W214,05-02-2026,951,3.9,15,01:10:00,night,4.78,0.97,1,169
W214,06-02-2026,899,7.2,12,02:10:00,night,4.86,0.9,0,136
W214,07-02-2026,780,3.5,12,03:10:00,night,4.77,0.97,0,168
W214,08-02-2026,1006,5.5,15,04:10:00,afternoon,4.78,0.9,1,173
W214,09-02-2026,1330,7.6,21,05:10:00,morning,4.61,0.93,0,121
W214,10-02-2026,1032,4.6,15,06:10:00,morning,4.61,0.94,0,153
W214,11-02-2026,982,7.6,15,07:10:00,morning,4.94,0.91,0,108
W214,12-02-2026,1110,6.3,13,08:10:00,morning,4.84,0.92,1,174
W214,14-02-2026,1211,6.5,16,09:10:00,night,4.79,0.92,0,165
W214,15-02-2026,1400,5.8,18,10:10:00,evening,4.73,0.96,1,149
W214,16-02-2026,993,7.1,12,11:10:00,evening,4.63,0.92,1,129
W214,17-02-2026,1079,4.4,14,12:10:00,night,4.66,0.97,0,119
W214,18-02-2026,1406,5.8,19,13:10:00,evening,4.73,0.96,0,172
W214,19-02-2026,924,6.4,12,14:10:00,night,4.78,0.91,0,130
W214,20-02-2026,1319,7.6,16,15:10:00,morning,4.89,0.96,1,118
W214,22-02-2026,942,4,15,16:10:00,morning,4.64,0.95,0,136
W214,23-02-2026,1069,3.6,14,17:10:00,afternoon,4.78,0.98,1,119
W214,24-02-2026,1336,8,21,18:10:00,night,4.97,0.91,1,152
W214,25-02-2026,1154,6.1,17,19:10:00,evening,4.62,0.91,1,168
W214,26-02-2026,1123,3.7,16,20:10:00,evening,4.99,0.95,0,153
W214,27-02-2026,1060,3.7,16,21:10:00,night,4.71,0.92,0,172
W214,28-02-2026,1299,3.4,16,22:10:00,morning,4.63,0.93,1,140
W215,02-01-2026,1089,3,17,23:10:00,night,4.33,0.74,4,408
W215,03-01-2026,920,4.4,14,00:10:00,morning,4.42,0.73,2,433
W215,04-01-2026,440,3.2,5,01:10:00,morning,4.11,0.83,4,371
W215,06-01-2026,1129,6.6,18,02:10:00,morning,4.28,0.73,4,392
W215,07-01-2026,1209,6.9,19,03:10:00,evening,4.04,0.75,4,430
W215,08-01-2026,824,4.6,9,04:10:00,night,4.4,0.74,3,422
W215,09-01-2026,728,7.3,9,05:10:00,afternoon,4.27,0.82,4,380
W215,10-01-2026,679,7.2,8,06:10:00,night,4.49,0.72,3,396
W215,11-01-2026,1021,4.7,12,07:10:00,afternoon,4.33,0.79,2,430
W215,12-01-2026,1044,5.5,16,08:10:00,evening,4.17,0.8,2,355
W215,13-01-2026,778,3.5,11,09:10:00,night,4.48,0.8,4,382
W215,14-01-2026,1338,4,17,10:10:00,night,4.28,0.73,2,413
W215,15-01-2026,772,5,11,11:10:00,evening,4.38,0.76,2,307
W215,16-01-2026,200,7.5,5,12:10:00,night,4.06,0.82,4,397
W215,17-01-2026,902,7.9,13,13:10:00,evening,4.23,0.77,2,415
W215,18-01-2026,497,3.2,8,14:10:00,morning,4.38,0.7,4,440
W215,21-01-2026,887,6.8,14,15:10:00,evening,4.11,0.82,4,364
W215,22-01-2026,1138,5.6,14,16:10:00,morning,4.14,0.8,3,354
W215,24-01-2026,612,5.8,8,17:10:00,night,4.37,0.83,3,440
W215,25-01-2026,1193,7.3,18,18:10:00,afternoon,4.09,0.73,4,316
W215,27-01-2026,916,4.3,14,19:10:00,evening,4.43,0.76,3,408
W215,29-01-2026,1529,7.6,22,20:10:00,night,4.3,0.74,3,381
W215,30-01-2026,1159,6.7,15,21:10:00,evening,4.12,0.77,4,322
W215,31-01-2026,633,5.2,8,22:10:00,evening,4.29,0.77,3,430
W215,01-02-2026,462,3.7,5,23:10:00,evening,4.23,0.82,3,430
W215,02-02-2026,924,3.4,15,00:10:00,morning,4.26,0.78,3,320
W215,03-02-2026,352,6.7,5,01:10:00,night,4.22,0.83,2,391
W215,04-02-2026,549,7.1,6,02:10:00,afternoon,4.21,0.82,2,306
W215,05-02-2026,984,6.5,13,03:10:00,evening,4.12,0.79,3,310
W215,06-02-2026,510,4,6,04:10:00,afternoon,4.28,0.7,2,327
W215,07-02-2026,1403,6.6,22,05:10:00,afternoon,4.3,0.81,4,400
W215,08-02-2026,1610,7.3,25,06:10:00,morning,4.33,0.84,2,442
W215,09-02-2026,1103,3.9,16,07:10:00,morning,4.03,0.71,2,393
W215,10-02-2026,611,7.7,8,08:10:00,morning,4.01,0.77,4,355
W215,11-02-2026,904,3.9,12,09:10:00,morning,4.3,0.8,2,367
W215,12-02-2026,899,3.7,11,10:10:00,afternoon,4.31,0.79,2,439
W215,13-02-2026,578,3.1,9,11:10:00,afternoon,4.29,0.71,3,319
W215,14-02-2026,1006,7.9,15,12:10:00,night,4.2,0.7,2,404
W215,16-02-2026,1132,5.1,17,13:10:00,night,4.49,0.78,2,404
W215,17-02-2026,1272,7.3,16,14:10:00,afternoon,4.21,0.81,2,339
W215,18-02-2026,505,6.4,7,15:10:00,morning,4.37,0.82,2,419
W215,19-02-2026,698,6.4,8,16:10:00,evening,4.01,0.74,3,427
W215,21-02-2026,565,7.4,9,17:10:00,night,4.17,0.81,4,328
W215,22-02-2026,670,7.5,8,18:10:00,night,4.23,0.81,2,354
W215,25-02-2026,785,4.7,12,19:10:00,evening,4.12,0.8,4,338
W215,26-02-2026,1009,3.6,16,20:10:00,night,4.11,0.83,3,356
W215,27-02-2026,1377,6,20,21:10:00,night,4.04,0.73,4,410
W215,28-02-2026,767,4.1,8,22:10:00,evening,4.24,0.8,3,301
W215,01-03-2026,1321,4.2,17,23:10:00,morning,4.25,0.82,3,397
W216,08-01-2026,949,5.2,11,00:10:00,afternoon,4.74,0.97,1,129
W216,09-01-2026,1124,3.6,18,01:10:00,afternoon,4.72,0.95,0,165
W216,10-01-2026,1097,3,17,02:10:00,morning,4.96,0.91,0,119
W216,11-01-2026,1078,6.4,13,03:10:00,evening,4.75,0.93,0,117
W216,12-01-2026,1318,4.1,18,04:10:00,morning,4.81,0.92,1,120
W216,14-01-2026,920,7,14,05:10:00,morning,4.75,0.95,1,178
W216,15-01-2026,1110,6.6,17,06:10:00,night,4.85,0.93,1,114
W216,17-01-2026,1091,4.8,13,07:10:00,night,4.77,0.91,1,103
W216,18-01-2026,1351,5.8,19,08:10:00,morning,4.8,0.92,0,159
W216,20-01-2026,1156,7.9,16,09:10:00,evening,4.79,0.95,1,174
W216,21-01-2026,997,7.3,16,10:10:00,evening,4.81,0.94,1,152
W216,22-01-2026,969,7.2,14,11:10:00,night,4.91,0.92,0,119
W216,23-01-2026,1064,7.8,13,12:10:00,evening,4.89,0.9,0,108
W216,24-01-2026,1199,4.3,16,13:10:00,morning,4.97,0.97,1,139
W216,25-01-2026,1258,7.9,18,14:10:00,evening,4.93,0.97,0,136
W216,26-01-2026,1268,6.4,19,15:10:00,morning,4.98,0.91,0,175
W216,27-01-2026,1041,6.7,12,16:10:00,morning,4.67,0.96,1,112
W216,29-01-2026,1109,6,14,17:10:00,morning,4.86,0.93,0,152
W216,30-01-2026,1152,7.2,18,18:10:00,morning,4.79,0.9,1,127
W216,31-01-2026,1090,7.5,14,19:10:00,evening,4.85,0.91,1,100
W216,01-02-2026,1194,7.5,15,20:10:00,night,4.68,0.96,0,127
W216,02-02-2026,991,7.7,12,21:10:00,night,4.73,0.95,0,109
W216,03-02-2026,1076,3.2,17,22:10:00,morning,4.97,0.91,0,116
W216,04-02-2026,1330,4.1,17,23:10:00,afternoon,4.95,0.94,0,169
W216,05-02-2026,1111,5.1,16,00:10:00,evening,5,0.92,0,142
W216,07-02-2026,1048,3.3,15,01:10:00,evening,4.69,0.92,0,146
W216,08-02-2026,911,6.1,11,02:10:00,afternoon,4.78,0.94,0,119
W216,09-02-2026,779,3.3,13,03:10:00,morning,4.76,0.91,0,130
W216,10-02-2026,1100,6.7,16,04:10:00,morning,4.82,0.93,1,108
W216,12-02-2026,1315,6.5,20,05:10:00,afternoon,4.8,0.96,1,150
W216,13-02-2026,1082,4.8,15,06:10:00,afternoon,4.81,0.92,0,177
W216,14-02-2026,905,7.6,11,07:10:00,morning,4.62,0.92,0,122
W216,15-02-2026,962,6.8,12,08:10:00,afternoon,4.83,0.92,0,147
W216,16-02-2026,1206,4.2,16,09:10:00,evening,4.92,0.92,1,125
W216,18-02-2026,1424,4.7,22,10:10:00,morning,4.7,0.97,1,154
W216,19-02-2026,910,3.2,13,11:10:00,afternoon,4.77,0.91,1,128
W216,20-02-2026,1231,3.3,18,12:10:00,night,4.89,0.96,1,149
W216,21-02-2026,1099,6.7,17,13:10:00,night,4.67,0.94,1,173
W216,22-02-2026,1199,6.7,17,14:10:00,night,4.77,0.95,1,137
W216,24-02-2026,974,4.3,12,15:10:00,night,4.88,0.91,0,143
W216,25-02-2026,1209,7.8,15,16:10:00,morning,4.76,0.95,0,128
W216,27-02-2026,910,4,14,17:10:00,morning,4.61,0.94,0,140
W216,28-02-2026,1061,4.9,13,18:10:00,evening,4.9,0.93,0,109
W216,01-03-2026,904,4.2,13,19:10:00,night,4.72,0.9,1,147
W217,04-01-2026,910,3.7,13,20:10:00,morning,4.4,0.73,3,344
W217,06-01-2026,264,3.1,5,21:10:00,night,4.05,0.77,4,424
W217,07-01-2026,264,7.2,5,22:10:00,evening,4.44,0.8,4,431
W217,09-01-2026,1243,4.6,15,23:10:00,evening,4.22,0.73,2,365
W217,10-01-2026,1252,3.6,16,00:10:00,morning,4.14,0.72,2,397
W217,11-01-2026,1198,6.7,15,01:10:00,evening,4.22,0.85,3,414
W217,12-01-2026,200,7.1,5,02:10:00,night,4.17,0.74,3,368
W217,13-01-2026,962,5.2,11,03:10:00,night,4.34,0.82,4,389
W217,14-01-2026,200,6.5,5,04:10:00,morning,4.23,0.8,3,336
W217,15-01-2026,386,7.7,5,05:10:00,night,4.36,0.82,4,442
W217,16-01-2026,301,3,5,06:10:00,afternoon,4.01,0.79,3,403
W217,17-01-2026,1127,6.7,18,07:10:00,night,4.36,0.74,4,312
W217,18-01-2026,423,7.5,5,08:10:00,night,4.36,0.8,2,323
W217,19-01-2026,1571,6.4,20,09:10:00,evening,4.06,0.71,2,438
W217,20-01-2026,864,3,14,10:10:00,afternoon,4.31,0.83,2,391
W217,22-01-2026,200,6.6,5,11:10:00,night,4.31,0.81,3,304
W217,23-01-2026,771,3.2,9,12:10:00,night,4.1,0.76,2,362
W217,24-01-2026,1672,3.7,24,13:10:00,morning,4.42,0.71,3,435
W217,25-01-2026,898,5.3,10,14:10:00,night,4.25,0.77,2,309
W217,26-01-2026,1643,3.3,23,15:10:00,night,4.06,0.77,3,407
W217,27-01-2026,1021,5.3,13,16:10:00,night,4.11,0.84,4,401
W217,28-01-2026,681,4.9,7,17:10:00,night,4.36,0.81,3,433
W217,29-01-2026,331,6.5,5,18:10:00,afternoon,4.09,0.78,3,443
W217,31-01-2026,549,3.3,9,19:10:00,evening,4.29,0.71,2,330
W217,01-02-2026,976,3.7,13,20:10:00,evening,4.48,0.84,2,390
W217,02-02-2026,545,7.5,9,21:10:00,night,4.01,0.76,2,411
W217,04-02-2026,1044,5.4,16,22:10:00,afternoon,4.01,0.76,4,326
W217,05-02-2026,911,3.5,12,23:10:00,morning,4.29,0.71,2,373
W217,06-02-2026,1606,3.9,23,00:10:00,afternoon,4.36,0.82,4,412
W217,07-02-2026,551,5,9,01:10:00,morning,4.5,0.81,3,359
W217,08-02-2026,471,4.2,6,02:10:00,afternoon,4.03,0.84,4,391
W217,09-02-2026,638,4.7,11,03:10:00,evening,4.15,0.75,3,389
W217,10-02-2026,742,6,12,04:10:00,evening,4.27,0.75,3,345
W217,11-02-2026,922,6.7,14,05:10:00,afternoon,4.21,0.75,4,346
W217,12-02-2026,637,7.5,10,06:10:00,morning,4.38,0.75,2,355
W217,13-02-2026,863,4.3,10,07:10:00,afternoon,4.26,0.83,4,331
W217,14-02-2026,502,4.5,8,08:10:00,morning,4.14,0.71,4,371
W217,15-02-2026,243,7.5,5,09:10:00,night,4.04,0.72,3,322
W217,16-02-2026,949,5.4,15,10:10:00,evening,4.48,0.73,3,326
W217,19-02-2026,1142,4.1,17,11:10:00,night,4.32,0.72,2,425
W217,21-02-2026,661,5,11,12:10:00,afternoon,4.02,0.84,4,320
W217,22-02-2026,485,3.4,7,13:10:00,night,4.22,0.75,2,346
W217,23-02-2026,467,6.9,7,14:10:00,morning,4.31,0.85,4,416
W217,24-02-2026,1125,5,14,15:10:00,night,4.17,0.75,4,441
W217,25-02-2026,211,6.4,5,16:10:00,afternoon,4.18,0.72,3,369
W217,26-02-2026,692,3.2,9,17:10:00,night,4.38,0.81,4,329
W217,27-02-2026,585,6.9,9,18:10:00,night,4.13,0.74,4,364
W217,28-02-2026,1560,6.5,24,19:10:00,morning,4.36,0.74,3,314
W217,01-03-2026,200,6.5,5,20:10:00,morning,4.37,0.71,4,409
W218,09-01-2026,1036,3.8,14,21:10:00,night,4.05,0.81,2,300
W218,10-01-2026,601,4.7,8,22:10:00,afternoon,4.48,0.81,4,392
W218,11-01-2026,438,3.3,8,23:10:00,night,4.13,0.79,2,351
W218,12-01-2026,1401,6.8,20,00:10:00,night,4.08,0.75,4,410
W218,14-01-2026,964,7.8,13,01:10:00,afternoon,4.26,0.79,4,446
W218,16-01-2026,684,6.6,8,02:10:00,night,4.09,0.72,3,310
W218,17-01-2026,415,4.3,6,03:10:00,morning,4.18,0.84,4,420
W218,18-01-2026,255,5.8,5,04:10:00,morning,4.42,0.81,3,429
W218,19-01-2026,1090,4.5,13,05:10:00,evening,4.13,0.71,3,389
W218,20-01-2026,696,3.5,8,06:10:00,afternoon,4.25,0.82,2,416
W218,21-01-2026,922,5.3,15,07:10:00,evening,4.23,0.83,3,372
W218,22-01-2026,200,5.1,5,08:10:00,night,4.41,0.78,4,304
W218,23-01-2026,376,4.4,5,09:10:00,morning,4.19,0.8,2,301
W218,24-01-2026,200,6,5,10:10:00,afternoon,4.19,0.79,4,373
W218,25-01-2026,940,4.5,15,11:10:00,night,4.26,0.76,2,330
W218,26-01-2026,422,7.7,5,12:10:00,afternoon,4.06,0.84,2,426
W218,27-01-2026,238,5.5,5,13:10:00,evening,4.45,0.81,3,315
W218,29-01-2026,1261,5.5,16,14:10:00,evening,4.22,0.82,3,386
W218,30-01-2026,628,6.8,9,15:10:00,night,4.48,0.82,2,316
W218,31-01-2026,625,5.3,8,16:10:00,morning,4.42,0.79,2,387
W218,02-02-2026,890,3.1,12,17:10:00,evening,4.24,0.8,4,436
W218,03-02-2026,929,4.6,15,18:10:00,morning,4.48,0.84,2,337
W218,04-02-2026,739,3.3,10,19:10:00,afternoon,4.27,0.76,4,445
W218,05-02-2026,824,5.1,13,20:10:00,night,4.33,0.72,3,382
W218,06-02-2026,411,7.9,5,21:10:00,afternoon,4.43,0.78,2,365
W218,07-02-2026,961,7.9,14,22:10:00,morning,4.35,0.74,4,375
W218,09-02-2026,309,6,5,23:10:00,afternoon,4.12,0.73,3,356
W218,10-02-2026,271,5.4,5,00:10:00,night,4.05,0.8,2,377
W218,11-02-2026,1264,7.8,18,01:10:00,night,4.22,0.8,3,408
W218,12-02-2026,1344,4.2,21,02:10:00,night,4.4,0.78,3,449
W218,14-02-2026,1093,3.1,15,03:10:00,evening,4.29,0.79,4,344
W218,15-02-2026,1184,3.4,14,04:10:00,night,4.43,0.81,4,396
W218,16-02-2026,859,7.8,14,05:10:00,night,4.29,0.75,4,305
W218,17-02-2026,849,6.6,10,06:10:00,night,4.43,0.74,2,346
W218,18-02-2026,1087,6.8,16,07:10:00,morning,4.41,0.75,3,421
W218,19-02-2026,1719,7.1,22,08:10:00,night,4.14,0.81,4,427
W218,21-02-2026,429,7.2,7,09:10:00,night,4.4,0.71,2,343
W218,22-02-2026,1120,3.3,15,10:10:00,evening,4.47,0.82,4,302
W218,23-02-2026,216,4.6,5,11:10:00,morning,4.1,0.8,2,316
W218,24-02-2026,1629,6.9,23,12:10:00,night,4.3,0.83,2,356
W218,25-02-2026,348,5.9,5,13:10:00,afternoon,4.45,0.83,4,419
W218,26-02-2026,902,4,14,14:10:00,morning,4.35,0.8,4,447
W218,27-02-2026,919,4.4,11,15:10:00,morning,4.05,0.76,4,378
W218,28-02-2026,729,6,10,16:10:00,morning,4.35,0.76,3,435
W219,07-01-2026,1283,7.3,17,17:10:00,night,4.29,0.77,3,350
W219,08-01-2026,746,3.6,10,18:10:00,night,4.04,0.71,4,420
W219,09-01-2026,403,5.3,5,19:10:00,morning,4.18,0.72,3,370
W219,10-01-2026,1030,7.2,13,20:10:00,afternoon,4.42,0.73,2,374
W219,13-01-2026,383,4.7,6,21:10:00,morning,4.38,0.79,3,341
W219,14-01-2026,683,5.4,8,22:10:00,night,4.44,0.81,2,385
W219,15-01-2026,748,7.7,8,23:10:00,night,4.05,0.72,3,373
W219,16-01-2026,393,6.8,7,00:10:00,night,4.07,0.76,3,345
W219,17-01-2026,259,4.6,5,01:10:00,morning,4.47,0.73,3,425
W219,18-01-2026,1248,4.8,15,02:10:00,evening,4.34,0.83,4,320
W219,19-01-2026,980,6,15,03:10:00,morning,4.39,0.84,4,431
W219,20-01-2026,1169,7.2,18,04:10:00,night,4.31,0.83,2,316
W219,21-01-2026,951,3.1,15,05:10:00,night,4.38,0.74,3,313
W219,22-01-2026,617,4.6,10,06:10:00,afternoon,4.11,0.82,4,443
W219,23-01-2026,901,3,13,07:10:00,night,4.4,0.75,2,358
W219,25-01-2026,1002,4.4,16,08:10:00,night,4.07,0.8,2,348
W219,26-01-2026,847,4,13,09:10:00,night,4.44,0.75,4,332
W219,27-01-2026,1130,7,16,10:10:00,evening,4.16,0.82,2,417
W219,28-01-2026,1231,6.7,15,11:10:00,night,4,0.8,3,334
W219,29-01-2026,810,4.5,10,12:10:00,night,4.47,0.74,4,429
W219,31-01-2026,739,7.6,10,13:10:00,night,4.42,0.79,3,345
W219,01-02-2026,1154,4.7,18,14:10:00,morning,4.31,0.79,3,357
W219,02-02-2026,200,4.7,5,15:10:00,afternoon,4.49,0.76,3,398
W219,03-02-2026,466,4.7,5,16:10:00,afternoon,4.36,0.84,3,304
W219,04-02-2026,706,7.9,11,17:10:00,afternoon,4.23,0.72,3,401
W219,05-02-2026,994,4.7,16,18:10:00,night,4.22,0.8,2,345
W219,06-02-2026,299,4.1,5,19:10:00,morning,4.42,0.78,4,432
W219,07-02-2026,568,5.3,7,20:10:00,afternoon,4.38,0.84,4,393
W219,08-02-2026,1360,3.9,18,21:10:00,morning,4.05,0.74,4,341
W219,11-02-2026,754,6,8,22:10:00,afternoon,4.09,0.84,4,341
W219,13-02-2026,925,7,14,23:10:00,afternoon,4.12,0.8,2,358
W219,15-02-2026,476,6.5,6,00:10:00,night,4.25,0.84,4,344
W219,16-02-2026,1218,5.2,15,01:10:00,evening,4.17,0.84,3,390
W219,17-02-2026,884,4.3,11,02:10:00,night,4.15,0.76,4,397
W219,19-02-2026,543,7.8,7,03:10:00,evening,4.26,0.71,3,387
W219,20-02-2026,538,7.9,9,04:10:00,morning,4.45,0.75,2,335
W219,21-02-2026,744,4.3,9,05:10:00,morning,4.11,0.7,3,440
W219,22-02-2026,200,5.6,5,06:10:00,afternoon,4.02,0.71,2,411
W219,23-02-2026,757,3.9,11,07:10:00,night,4.24,0.77,3,429
W219,24-02-2026,228,3.3,5,08:10:00,morning,4.42,0.79,3,341
W219,25-02-2026,1113,6.6,13,09:10:00,night,4.43,0.8,2,308
W219,28-02-2026,1077,7.4,16,10:10:00,night,4.17,0.71,4,396
W220,08-01-2026,1095,3.4,14,11:10:00,evening,4.77,0.94,1,118
W220,09-01-2026,887,4,10,12:10:00,night,4.67,0.96,1,124
W220,10-01-2026,1247,4.2,16,13:10:00,afternoon,4.67,0.92,1,105
W220,11-01-2026,1403,4.3,19,14:10:00,afternoon,4.74,0.92,1,159
W220,12-01-2026,1023,4.2,12,15:10:00,morning,4.92,0.92,0,172
W220,13-01-2026,1129,7.3,15,16:10:00,afternoon,4.73,0.97,0,121
W220,14-01-2026,1132,6.9,16,17:10:00,morning,4.74,0.97,0,173
W220,15-01-2026,989,7.7,12,18:10:00,night,4.9,0.91,0,173
W220,16-01-2026,1256,7.6,19,19:10:00,afternoon,4.95,0.95,1,160
W220,17-01-2026,994,6.4,15,20:10:00,evening,4.66,0.97,0,147
W220,19-01-2026,855,6.9,14,21:10:00,morning,4.72,0.94,1,178
W220,20-01-2026,1214,7.5,19,22:10:00,morning,4.78,0.97,0,113
W220,21-01-2026,1299,4.3,19,23:10:00,afternoon,4.77,0.92,0,158
W220,23-01-2026,970,4.3,12,00:10:00,morning,4.68,0.94,1,157
W220,24-01-2026,1149,5.7,17,01:10:00,evening,4.88,0.96,1,108
W220,25-01-2026,1130,4.1,14,02:10:00,afternoon,4.73,0.97,0,170
W220,27-01-2026,1159,5.6,15,03:10:00,afternoon,4.89,0.91,0,121
W220,28-01-2026,1000,7,12,04:10:00,afternoon,4.91,0.91,0,100
W220,30-01-2026,1316,6.7,19,05:10:00,afternoon,4.98,0.97,0,125
W220,01-02-2026,1034,6.4,15,06:10:00,night,4.87,0.9,0,131
W220,02-02-2026,931,6,12,07:10:00,evening,4.86,0.97,0,103
W220,03-02-2026,875,7.5,10,08:10:00,morning,4.64,0.96,1,177
W220,04-02-2026,910,3.5,12,09:10:00,evening,5,0.93,0,129
W220,05-02-2026,908,4.4,10,10:10:00,evening,4.89,0.96,0,120
W220,06-02-2026,966,7.3,11,11:10:00,night,4.78,0.9,1,146
W220,07-02-2026,1086,4.1,16,12:10:00,evening,4.93,0.94,0,125
W220,09-02-2026,1147,4.4,14,13:10:00,morning,4.98,0.96,1,111
W220,10-02-2026,1427,3.1,22,14:10:00,afternoon,4.94,0.94,1,113
W220,11-02-2026,1161,3.6,18,15:10:00,night,4.87,0.92,1,141
W220,12-02-2026,962,4.3,14,16:10:00,night,4.84,0.94,1,115
W220,14-02-2026,1342,7.1,17,17:10:00,afternoon,4.85,0.95,0,103
W220,15-02-2026,1302,3.4,18,18:10:00,afternoon,4.97,0.95,1,125
W220,16-02-2026,1181,5.8,17,19:10:00,night,4.7,0.96,1,142
W220,17-02-2026,1071,4.5,14,20:10:00,night,4.91,0.94,1,149
W220,18-02-2026,1419,5.1,20,21:10:00,evening,4.77,0.95,0,142
W220,19-02-2026,972,6.4,15,22:10:00,morning,4.69,0.94,1,171
W220,20-02-2026,755,7.3,9,23:10:00,night,4.89,0.97,0,100
W220,24-02-2026,1171,5,14,00:10:00,afternoon,4.64,0.92,1,105
W220,26-02-2026,852,6.3,14,01:10:00,morning,4.98,0.94,0,125
W220,27-02-2026,945,3.4,12,02:10:00,afternoon,4.88,0.9,0,130
W220,28-02-2026,1322,8,17,03:10:00,night,4.96,0.96,1,136
W221,01-01-2026,1336,7.4,21,04:10:00,night,4.35,0.86,2,296
W221,02-01-2026,606,6,8,05:10:00,evening,4.53,0.86,1,240
W221,03-01-2026,773,6.2,9,06:10:00,evening,4.7,0.83,2,261
W221,04-01-2026,1052,7.5,15,07:10:00,afternoon,4.45,0.85,1,227
W221,05-01-2026,651,4.2,8,08:10:00,afternoon,4.61,0.84,2,232
W221,06-01-2026,790,6.9,10,09:10:00,night,4.44,0.86,1,199
W221,10-01-2026,1177,4.3,15,10:10:00,afternoon,4.33,0.87,1,186
W221,11-01-2026,490,5.5,7,11:10:00,morning,4.31,0.85,1,263
W221,12-01-2026,1008,5.2,14,12:10:00,night,4.44,0.85,2,294
W221,13-01-2026,1019,5.7,12,13:10:00,night,4.63,0.88,1,245
W221,14-01-2026,950,6.2,12,14:10:00,morning,4.6,0.8,1,227
W221,15-01-2026,1070,3.6,13,15:10:00,afternoon,4.5,0.87,2,252
W221,16-01-2026,929,7.9,11,16:10:00,morning,4.34,0.89,2,221
W221,17-01-2026,972,3.9,12,17:10:00,morning,4.5,0.84,1,267
W221,20-01-2026,1421,7.5,19,18:10:00,evening,4.62,0.82,2,213
W221,21-01-2026,865,6.3,10,19:10:00,morning,4.36,0.8,1,223
W221,22-01-2026,735,5.4,8,20:10:00,night,4.39,0.85,2,298
W221,23-01-2026,1315,5.4,17,21:10:00,evening,4.45,0.83,2,205
W221,25-01-2026,404,6.4,5,22:10:00,morning,4.67,0.82,1,240
W221,27-01-2026,1335,4.9,20,23:10:00,morning,4.35,0.82,2,213
W221,29-01-2026,461,7.5,6,00:10:00,morning,4.66,0.8,1,275
W221,30-01-2026,776,4.7,12,01:10:00,night,4.61,0.83,1,191
W221,31-01-2026,1430,5.6,20,02:10:00,morning,4.5,0.88,2,228
W221,01-02-2026,956,7.9,12,03:10:00,evening,4.55,0.9,2,191
W221,02-02-2026,766,6.1,10,04:10:00,night,4.52,0.9,2,266
W221,03-02-2026,948,7.4,15,05:10:00,evening,4.33,0.8,1,294
W221,05-02-2026,711,7,12,06:10:00,evening,4.5,0.86,1,275
W221,06-02-2026,627,3.8,6,07:10:00,night,4.49,0.9,2,247
W221,07-02-2026,641,6.5,8,08:10:00,evening,4.58,0.81,2,197
W221,08-02-2026,1136,6.9,17,09:10:00,night,4.41,0.9,2,194
W221,09-02-2026,957,3.5,14,10:10:00,afternoon,4.69,0.9,1,267
W221,10-02-2026,1063,6.7,15,11:10:00,morning,4.63,0.89,2,185
W221,12-02-2026,759,3.5,10,12:10:00,evening,4.33,0.86,2,233
W221,13-02-2026,686,3.8,9,13:10:00,evening,4.62,0.85,2,275
W221,14-02-2026,1528,6.9,21,14:10:00,afternoon,4.57,0.89,2,238
W221,17-02-2026,592,4.6,7,15:10:00,afternoon,4.33,0.81,2,281
W221,19-02-2026,575,6,8,16:10:00,night,4.65,0.85,2,277
W221,20-02-2026,933,7.4,12,17:10:00,evening,4.69,0.81,1,265
W221,21-02-2026,416,6.1,6,18:10:00,night,4.66,0.83,1,282
W221,22-02-2026,1004,5.6,15,19:10:00,evening,4.32,0.88,1,261
W221,23-02-2026,789,3.2,11,20:10:00,evening,4.46,0.85,2,225
W221,24-02-2026,989,3.9,14,21:10:00,morning,4.39,0.89,2,253
W221,25-02-2026,597,4.9,7,22:10:00,evening,4.7,0.84,1,185
W221,26-02-2026,1127,7.4,15,23:10:00,evening,4.31,0.86,1,294
W221,27-02-2026,788,5.8,12,00:10:00,afternoon,4.56,0.84,2,293
W221,28-02-2026,1169,3.9,16,01:10:00,morning,4.7,0.8,2,244
W221,01-03-2026,1026,5.1,13,02:10:00,night,4.32,0.86,2,210
W222,04-01-2026,795,4.6,13,03:10:00,night,4.45,0.86,1,217
W222,05-01-2026,571,6.3,10,04:10:00,night,4.53,0.82,2,259
W222,06-01-2026,536,7.5,9,05:10:00,afternoon,4.59,0.86,2,286
W222,08-01-2026,1324,6.3,20,06:10:00,night,4.61,0.89,1,285
W222,09-01-2026,1041,5.1,16,07:10:00,night,4.66,0.84,2,199
W222,10-01-2026,1179,7.6,17,08:10:00,afternoon,4.51,0.85,1,249
W222,11-01-2026,545,5,6,09:10:00,night,4.46,0.88,2,219
W222,12-01-2026,1044,5.7,13,10:10:00,night,4.67,0.84,1,203
W222,14-01-2026,750,5.3,10,11:10:00,night,4.31,0.88,1,215
W222,15-01-2026,1258,6,16,12:10:00,afternoon,4.5,0.82,2,251
W222,16-01-2026,812,3.6,9,13:10:00,evening,4.32,0.85,2,207
W222,17-01-2026,820,6.9,10,14:10:00,evening,4.4,0.83,2,200
W222,18-01-2026,1063,4.7,13,15:10:00,evening,4.4,0.83,2,183
W222,20-01-2026,635,6.7,11,16:10:00,night,4.48,0.85,2,215
W222,22-01-2026,475,7.9,8,17:10:00,night,4.4,0.9,2,270
W222,23-01-2026,302,6.7,5,18:10:00,morning,4.43,0.8,1,252
W222,25-01-2026,886,5.5,14,19:10:00,afternoon,4.35,0.83,2,279
W222,26-01-2026,907,4.2,14,20:10:00,afternoon,4.68,0.89,2,215
W222,27-01-2026,720,6,12,21:10:00,evening,4.69,0.87,2,244
W222,29-01-2026,1341,3.1,21,22:10:00,morning,4.39,0.87,2,186
W222,30-01-2026,922,4.5,15,23:10:00,night,4.69,0.86,2,298
W222,31-01-2026,711,7.6,8,00:10:00,night,4.58,0.81,1,240
W222,01-02-2026,866,6.4,11,01:10:00,night,4.45,0.85,2,189
W222,02-02-2026,1066,3.9,15,02:10:00,evening,4.36,0.86,1,263
W222,04-02-2026,760,6.5,9,03:10:00,afternoon,4.34,0.89,1,288
W222,05-02-2026,516,5,7,04:10:00,morning,4.69,0.85,1,267
W222,06-02-2026,770,3.3,13,05:10:00,night,4.68,0.85,1,232
W222,08-02-2026,678,4.1,7,06:10:00,morning,4.42,0.87,2,244
W222,09-02-2026,848,3.5,13,07:10:00,evening,4.35,0.85,2,272
W222,11-02-2026,709,7.9,11,08:10:00,afternoon,4.33,0.84,1,196
W222,13-02-2026,740,7,8,09:10:00,morning,4.62,0.89,2,243
W222,15-02-2026,781,3.1,10,10:10:00,evening,4.64,0.81,2,293
W222,16-02-2026,1261,5.2,19,11:10:00,morning,4.6,0.9,2,291
W222,17-02-2026,767,3.8,11,12:10:00,morning,4.67,0.8,2,222
W222,18-02-2026,1099,7.2,16,13:10:00,morning,4.42,0.81,2,280
W222,19-02-2026,434,7.5,5,14:10:00,evening,4.63,0.84,2,233
W222,20-02-2026,842,5.7,14,15:10:00,morning,4.45,0.88,1,255
W222,21-02-2026,1078,7.6,14,16:10:00,morning,4.7,0.81,1,255
W222,22-02-2026,549,7.9,6,17:10:00,morning,4.53,0.81,2,225
W222,23-02-2026,1014,4,14,18:10:00,morning,4.39,0.86,2,187
W222,25-02-2026,797,3.6,9,19:10:00,morning,4.43,0.89,1,217
W222,26-02-2026,501,7.3,5,20:10:00,morning,4.57,0.8,1,233
W222,27-02-2026,942,3.4,12,21:10:00,evening,4.41,0.82,1,221
W222,28-02-2026,956,7.8,15,22:10:00,night,4.53,0.81,2,246
W223,06-01-2026,1071,3.6,14,23:10:00,evening,4.62,0.94,0,161
W223,07-01-2026,1134,6.5,17,00:10:00,evening,4.66,0.94,0,102
W223,08-01-2026,1108,3.2,15,01:10:00,afternoon,4.83,0.95,1,120
W223,09-01-2026,1167,7.9,14,02:10:00,morning,4.63,0.93,0,166
W223,11-01-2026,1066,6.7,13,03:10:00,morning,4.91,0.91,1,118
W223,12-01-2026,861,5.4,10,04:10:00,morning,4.93,0.95,1,107
W223,13-01-2026,1058,4.7,14,05:10:00,night,4.97,0.96,1,140
W223,14-01-2026,1246,6,16,06:10:00,night,4.99,0.94,1,172
W223,16-01-2026,1188,3.3,16,07:10:00,afternoon,4.84,0.94,0,152
W223,17-01-2026,983,7.2,14,08:10:00,afternoon,4.89,0.94,1,151
W223,18-01-2026,1255,3.6,17,09:10:00,afternoon,4.7,0.92,0,142
W223,20-01-2026,1036,7.6,12,10:10:00,morning,4.61,0.93,1,143
W223,21-01-2026,1105,4,14,11:10:00,evening,4.73,0.97,1,126
W223,23-01-2026,1288,5,19,12:10:00,night,4.96,0.95,0,108
W223,24-01-2026,916,5.7,13,13:10:00,morning,4.65,0.98,1,117
W223,25-01-2026,925,5,13,14:10:00,morning,4.68,0.92,1,125
W223,26-01-2026,1131,5.8,17,15:10:00,night,4.77,0.97,0,134
W223,27-01-2026,1090,7.1,14,16:10:00,afternoon,4.81,0.93,1,157
W223,28-01-2026,1049,6.1,14,17:10:00,evening,4.95,0.91,1,158
W223,29-01-2026,1113,3.3,15,18:10:00,morning,4.64,0.95,0,164
W223,31-01-2026,960,5.7,14,19:10:00,afternoon,4.79,0.96,1,114
W223,01-02-2026,1372,7.2,20,20:10:00,morning,4.66,0.96,0,130
W223,03-02-2026,1263,5.4,18,21:10:00,evening,4.63,0.91,1,100
W223,04-02-2026,1103,7.2,17,22:10:00,night,4.69,0.96,0,112
W223,05-02-2026,1141,5.5,16,23:10:00,afternoon,4.63,0.96,0,176
W223,06-02-2026,842,4.3,13,00:10:00,evening,4.81,0.93,1,166
W223,07-02-2026,1282,7,18,01:10:00,morning,4.66,0.94,1,152
W223,08-02-2026,1250,3.1,19,02:10:00,morning,4.85,0.94,0,159
W223,11-02-2026,1157,4.9,15,03:10:00,night,4.9,0.94,0,127
W223,13-02-2026,774,5.6,12,04:10:00,afternoon,4.64,0.95,0,176
W223,14-02-2026,1008,5.9,15,05:10:00,night,4.94,0.93,1,167
W223,15-02-2026,1334,7,17,06:10:00,night,4.92,0.97,1,147
W223,17-02-2026,988,6.4,12,07:10:00,afternoon,4.73,0.95,1,126
W223,18-02-2026,1085,7.1,17,08:10:00,evening,4.91,0.98,1,104
W223,19-02-2026,1041,4.8,15,09:10:00,night,4.71,0.96,0,120
W223,21-02-2026,955,4.7,13,10:10:00,night,4.61,0.97,0,111
W223,22-02-2026,812,3.3,10,11:10:00,morning,4.85,0.94,0,131
W223,23-02-2026,1049,7.8,13,12:10:00,evening,4.93,0.91,1,105
W223,25-02-2026,782,4.8,13,13:10:00,night,4.64,0.95,0,178
W223,26-02-2026,1302,5.8,19,14:10:00,afternoon,4.83,0.92,0,156
W223,27-02-2026,982,5.5,13,15:10:00,night,4.73,0.91,0,148
W223,28-02-2026,1045,5.7,14,16:10:00,morning,4.6,0.9,0,120
W223,01-03-2026,1119,4.7,17,17:10:00,afternoon,4.89,0.96,0,108
W224,07-01-2026,200,5.9,5,18:10:00,morning,4.43,0.79,3,381
W224,08-01-2026,655,4.7,9,19:10:00,morning,4.19,0.8,2,365
W224,09-01-2026,632,5.7,7,20:10:00,night,4.38,0.73,3,303
W224,10-01-2026,253,3.9,5,21:10:00,night,4.1,0.8,4,415
W224,11-01-2026,847,4.7,14,22:10:00,evening,4.32,0.71,4,371
W224,12-01-2026,1387,3.3,20,23:10:00,morning,4.13,0.77,2,389
W224,13-01-2026,1221,6.4,18,00:10:00,afternoon,4.06,0.7,4,302
W224,14-01-2026,1060,6.6,15,01:10:00,afternoon,4.09,0.78,2,325
W224,15-01-2026,230,6.5,5,02:10:00,night,4.45,0.78,4,363
W224,16-01-2026,538,7.3,8,03:10:00,night,4.1,0.7,2,408
W224,17-01-2026,1002,3.5,13,04:10:00,morning,4.24,0.82,4,320
W224,18-01-2026,1042,5.7,12,05:10:00,night,4.16,0.74,4,384
W224,19-01-2026,741,3.1,10,06:10:00,afternoon,4.11,0.78,4,377
W224,21-01-2026,1153,4.1,18,07:10:00,afternoon,4.26,0.8,3,371
W224,22-01-2026,603,3.4,10,08:10:00,morning,4.36,0.73,4,363
W224,23-01-2026,496,5.7,6,09:10:00,evening,4.33,0.73,4,442
W224,24-01-2026,804,4.7,13,10:10:00,night,4.23,0.8,4,396
W224,25-01-2026,1027,4.8,15,11:10:00,evening,4.48,0.76,4,323
W224,26-01-2026,741,5.1,12,12:10:00,night,4.27,0.84,3,354
W224,27-01-2026,200,6.6,5,13:10:00,morning,4.31,0.83,4,446
W224,28-01-2026,1229,4.2,16,14:10:00,afternoon,4.08,0.8,3,358
W224,29-01-2026,1461,5.3,19,15:10:00,afternoon,4.36,0.7,3,364
W224,30-01-2026,999,4.8,15,16:10:00,night,4.05,0.71,2,344
W224,31-01-2026,1314,6.8,19,17:10:00,afternoon,4.48,0.77,3,429
W224,01-02-2026,410,5.2,6,18:10:00,night,4.42,0.76,2,406
W224,03-02-2026,729,7.8,11,19:10:00,night,4.07,0.72,2,308
W224,05-02-2026,785,7.4,13,20:10:00,morning,4.33,0.73,3,384
W224,06-02-2026,773,5.8,11,21:10:00,evening,4.18,0.79,3,406
W224,07-02-2026,569,7,6,22:10:00,morning,4.09,0.74,3,332
W224,08-02-2026,1146,5.9,17,23:10:00,night,4.44,0.74,3,447
W224,09-02-2026,929,7.3,14,00:10:00,night,4.19,0.73,2,369
W224,10-02-2026,363,7,5,01:10:00,night,4.36,0.75,2,411
W224,11-02-2026,1084,5,15,02:10:00,night,4.09,0.79,4,378
W224,13-02-2026,1002,7.1,13,03:10:00,morning,4.27,0.74,3,398
W224,14-02-2026,200,7.4,5,04:10:00,night,4.46,0.78,3,390
W224,15-02-2026,1214,7.8,17,05:10:00,afternoon,4.26,0.81,2,439
W224,16-02-2026,1504,5.6,20,06:10:00,evening,4.09,0.74,4,313
W224,17-02-2026,725,4.4,10,07:10:00,evening,4.05,0.7,4,322
W224,18-02-2026,708,7,8,08:10:00,morning,4.28,0.74,3,380
W224,20-02-2026,934,7.5,12,09:10:00,evening,4.46,0.74,3,437
W224,21-02-2026,325,6.3,6,10:10:00,night,4.13,0.7,2,321
W224,25-02-2026,365,4,5,11:10:00,evening,4.35,0.72,3,347
W224,26-02-2026,1320,7.6,18,12:10:00,afternoon,4.18,0.79,3,438
W224,27-02-2026,879,3.6,10,13:10:00,evening,4.11,0.77,2,393
W224,28-02-2026,814,3.4,9,14:10:00,afternoon,4.2,0.8,4,314
W224,01-03-2026,901,3.1,14,15:10:00,afternoon,4.21,0.78,4,358
W225,08-01-2026,982,7.5,16,16:10:00,evening,4.32,0.88,1,254
W225,09-01-2026,1187,3.6,14,17:10:00,afternoon,4.59,0.89,1,218
W225,10-01-2026,1094,7.3,13,18:10:00,night,4.34,0.88,2,287
W225,11-01-2026,1054,3.6,17,19:10:00,afternoon,4.69,0.87,2,189
W225,12-01-2026,954,4.9,13,20:10:00,night,4.46,0.8,1,198
W225,13-01-2026,454,4.2,8,21:10:00,night,4.38,0.86,1,193
W225,14-01-2026,786,3.6,12,22:10:00,night,4.31,0.86,1,273
W225,15-01-2026,1104,6.7,14,23:10:00,morning,4.57,0.81,1,194
W225,16-01-2026,1132,4.5,15,00:10:00,afternoon,4.41,0.83,2,203
W225,17-01-2026,725,5.6,9,01:10:00,evening,4.34,0.87,2,226
W225,18-01-2026,1008,7.2,16,02:10:00,afternoon,4.53,0.84,1,268
W225,19-01-2026,1097,5.3,16,03:10:00,morning,4.69,0.85,2,262
W225,20-01-2026,915,7,12,04:10:00,evening,4.51,0.87,2,183
W225,21-01-2026,805,4.8,9,05:10:00,evening,4.65,0.87,1,266
W225,23-01-2026,714,5.7,11,06:10:00,evening,4.52,0.84,2,233
W225,24-01-2026,974,7.4,15,07:10:00,morning,4.47,0.89,1,249
W225,25-01-2026,917,6.7,14,08:10:00,evening,4.52,0.89,1,236
W225,26-01-2026,388,6.8,7,09:10:00,morning,4.6,0.83,2,272
W225,27-01-2026,857,3.6,14,10:10:00,night,4.58,0.85,2,226
W225,28-01-2026,976,7.3,12,11:10:00,afternoon,4.64,0.87,1,209
W225,29-01-2026,1530,7.9,19,12:10:00,morning,4.63,0.87,2,232
W225,31-01-2026,1045,7.3,16,13:10:00,morning,4.39,0.86,2,264
W225,01-02-2026,335,4.2,5,14:10:00,night,4.51,0.9,1,249
W225,02-02-2026,1051,6.9,15,15:10:00,morning,4.54,0.84,2,236
W225,03-02-2026,739,4.7,12,16:10:00,night,4.4,0.81,1,244
W225,04-02-2026,1127,6.3,14,17:10:00,night,4.59,0.81,1,236
W225,05-02-2026,837,7.7,12,18:10:00,morning,4.39,0.82,1,209
W225,07-02-2026,807,7.9,11,19:10:00,evening,4.51,0.87,2,214
W225,08-02-2026,839,6.1,13,20:10:00,night,4.6,0.83,1,223
W225,10-02-2026,966,6.7,11,21:10:00,morning,4.42,0.81,1,248
W225,11-02-2026,813,7.9,10,22:10:00,afternoon,4.69,0.83,2,244
W225,12-02-2026,869,6.7,10,23:10:00,morning,4.68,0.81,2,249
W225,13-02-2026,763,4,8,00:10:00,evening,4.59,0.9,2,275
W225,14-02-2026,1003,5.2,13,01:10:00,morning,4.63,0.82,1,291
W225,15-02-2026,1141,6.6,14,02:10:00,morning,4.5,0.86,2,225
W225,18-02-2026,765,7.6,8,03:10:00,afternoon,4.5,0.82,1,208
W225,19-02-2026,720,7,11,04:10:00,morning,4.6,0.85,1,243
W225,20-02-2026,1478,5.4,22,05:10:00,afternoon,4.39,0.85,1,230
W225,21-02-2026,746,3.1,12,06:10:00,morning,4.39,0.83,1,183
W225,22-02-2026,1281,6.5,17,07:10:00,morning,4.47,0.84,1,271
W225,23-02-2026,1343,6.6,21,08:10:00,morning,4.68,0.81,1,206
W225,25-02-2026,981,4.2,16,09:10:00,morning,4.63,0.81,2,202
W225,26-02-2026,1096,5.9,15,10:10:00,evening,4.59,0.8,2,239
W225,27-02-2026,601,7.5,7,11:10:00,morning,4.53,0.81,1,208
W225,01-03-2026,982,7.8,12,12:10:00,evening,4.47,0.8,2,255
W226,02-01-2026,1160,3.4,16,13:10:00,morning,4.52,0.9,1,268
W226,03-01-2026,772,6.2,9,14:10:00,morning,4.7,0.88,2,269
W226,05-01-2026,926,4.2,13,15:10:00,night,4.41,0.83,1,261
W226,06-01-2026,715,7.5,9,16:10:00,morning,4.42,0.82,2,219
W226,08-01-2026,861,5.8,11,17:10:00,night,4.42,0.88,2,192
W226,09-01-2026,1074,4.2,16,18:10:00,night,4.66,0.86,2,293
W226,10-01-2026,965,4.4,11,19:10:00,afternoon,4.32,0.89,2,231
W226,11-01-2026,844,4,11,20:10:00,evening,4.49,0.89,2,291
W226,12-01-2026,760,7.3,10,21:10:00,morning,4.58,0.83,2,186
W226,13-01-2026,858,4.6,10,22:10:00,night,4.37,0.85,1,217
W226,14-01-2026,1228,7.4,15,23:10:00,afternoon,4.52,0.82,1,182
W226,17-01-2026,920,5.6,11,00:10:00,morning,4.59,0.9,1,201
W226,18-01-2026,686,3.1,8,01:10:00,morning,4.48,0.88,1,227
W226,19-01-2026,818,6.7,13,02:10:00,afternoon,4.68,0.81,2,298
W226,20-01-2026,668,4.1,7,03:10:00,morning,4.47,0.85,2,252
W226,21-01-2026,875,5.4,14,04:10:00,night,4.44,0.87,2,284
W226,22-01-2026,835,7.2,11,05:10:00,afternoon,4.54,0.84,2,279
W226,23-01-2026,887,5.5,10,06:10:00,evening,4.36,0.84,2,295
W226,24-01-2026,446,3.7,7,07:10:00,evening,4.67,0.81,1,263
W226,28-01-2026,687,6.9,11,08:10:00,morning,4.55,0.82,1,256
W226,29-01-2026,914,7.6,12,09:10:00,night,4.36,0.82,1,211
W226,30-01-2026,1205,6.8,16,10:10:00,evening,4.52,0.82,2,215
W226,31-01-2026,786,6,13,11:10:00,night,4.6,0.89,2,298
W226,01-02-2026,830,3.2,13,12:10:00,evening,4.52,0.88,1,206
W226,02-02-2026,803,6.8,13,13:10:00,morning,4.6,0.82,1,292
W226,04-02-2026,1254,7.8,18,14:10:00,night,4.41,0.88,2,207
W226,05-02-2026,1135,3.4,17,15:10:00,afternoon,4.53,0.81,1,276
W226,06-02-2026,700,7.2,10,16:10:00,morning,4.34,0.84,2,276
W226,07-02-2026,1073,4.7,13,17:10:00,evening,4.31,0.86,1,221
W226,09-02-2026,551,6.4,6,18:10:00,morning,4.41,0.87,1,264
W226,10-02-2026,809,4.5,10,19:10:00,morning,4.65,0.82,2,233
W226,11-02-2026,1052,5.7,17,20:10:00,morning,4.56,0.82,2,271
W226,13-02-2026,851,4.4,10,21:10:00,afternoon,4.48,0.87,1,231
W226,14-02-2026,567,7.3,9,22:10:00,morning,4.52,0.87,2,216
W226,15-02-2026,424,3.1,7,23:10:00,night,4.62,0.89,1,195
W226,17-02-2026,934,5.4,15,00:10:00,evening,4.58,0.81,2,212
W226,18-02-2026,1009,4.4,14,01:10:00,evening,4.53,0.82,2,275
W226,19-02-2026,751,6.4,9,02:10:00,night,4.47,0.88,1,250
W226,20-02-2026,1296,3,18,03:10:00,afternoon,4.37,0.83,1,249
W226,21-02-2026,977,6,11,04:10:00,evening,4.38,0.89,1,228
W226,22-02-2026,661,4.7,11,05:10:00,night,4.45,0.84,2,208
W226,24-02-2026,688,5.4,9,06:10:00,night,4.35,0.86,1,244
W226,26-02-2026,1009,3.1,16,07:10:00,night,4.32,0.86,2,292
W226,27-02-2026,1467,5.7,18,08:10:00,night,4.63,0.88,1,287
W226,28-02-2026,1339,4.4,20,09:10:00,night,4.53,0.8,2,299
W226,01-03-2026,1033,7.5,14,10:10:00,night,4.37,0.9,1,182
W227,06-01-2026,1163,4.9,14,11:10:00,night,4.61,0.9,1,120
W227,07-01-2026,1300,5.7,20,12:10:00,afternoon,4.93,0.91,1,149
W227,08-01-2026,884,6.3,11,13:10:00,evening,4.63,0.98,1,111
W227,10-01-2026,1266,6.6,19,14:10:00,evening,4.96,0.95,1,127
W227,12-01-2026,1057,6.1,16,15:10:00,evening,4.78,0.93,0,167
W227,13-01-2026,1194,5.7,17,16:10:00,night,4.74,0.9,1,174
W227,14-01-2026,881,6.4,10,17:10:00,night,4.68,0.98,1,155
W227,15-01-2026,1190,4.5,18,18:10:00,morning,4.94,0.91,0,120
W227,16-01-2026,1021,4.7,15,19:10:00,afternoon,4.95,0.91,0,127
W227,17-01-2026,1384,6.6,20,20:10:00,evening,4.66,0.98,1,170
W227,18-01-2026,1426,5.7,18,21:10:00,evening,4.65,0.96,0,173
W227,19-01-2026,1095,6.4,17,22:10:00,morning,4.71,0.94,1,109
W227,20-01-2026,1230,6.8,19,23:10:00,night,4.91,0.94,1,178
W227,22-01-2026,1047,4.7,12,00:10:00,morning,4.7,0.92,1,177
W227,23-01-2026,1074,4.4,13,01:10:00,morning,4.87,0.94,1,167
W227,24-01-2026,953,4.4,11,02:10:00,morning,4.89,0.97,0,116
W227,26-01-2026,1352,6.4,19,03:10:00,evening,4.91,0.93,0,106
W227,27-01-2026,1088,4.4,14,04:10:00,night,4.73,0.92,1,135
W227,29-01-2026,955,6.5,13,05:10:00,evening,4.94,0.92,0,154
W227,30-01-2026,967,4.6,15,06:10:00,night,4.77,0.94,0,115
W227,31-01-2026,872,5.8,14,07:10:00,evening,4.77,0.92,0,141
W227,01-02-2026,620,4.7,7,08:10:00,afternoon,4.8,0.94,0,108
W227,02-02-2026,1357,7.1,20,09:10:00,evening,4.82,0.92,0,119
W227,04-02-2026,996,4.9,14,10:10:00,morning,4.65,0.95,1,166
W227,06-02-2026,1056,6.1,13,11:10:00,night,4.61,0.96,1,108
W227,07-02-2026,1230,7.9,17,12:10:00,night,4.61,0.95,0,159
W227,08-02-2026,1162,7.7,14,13:10:00,morning,4.97,0.96,0,115
W227,09-02-2026,1052,4,16,14:10:00,evening,4.97,0.95,1,153
W227,10-02-2026,1245,6.7,16,15:10:00,night,4.75,0.91,1,117
W227,11-02-2026,1253,4.1,19,16:10:00,night,4.98,0.94,1,166
W227,12-02-2026,1206,6.2,19,17:10:00,evening,4.9,0.95,1,170
W227,13-02-2026,1250,3.3,16,18:10:00,afternoon,4.88,0.9,0,162
W227,14-02-2026,1118,5.8,14,19:10:00,night,4.7,0.94,1,162
W227,15-02-2026,1005,6.5,14,20:10:00,night,4.65,0.94,1,157
W227,16-02-2026,1089,7.2,15,21:10:00,morning,4.93,0.93,1,137
W227,17-02-2026,930,7.4,12,22:10:00,afternoon,4.96,0.94,1,113
W227,18-02-2026,1047,7.1,14,23:10:00,morning,4.63,0.97,0,110
W227,19-02-2026,684,7.2,10,00:10:00,afternoon,4.6,0.96,0,126
W227,20-02-2026,942,7.5,13,01:10:00,night,4.67,0.92,1,106
W227,24-02-2026,981,5.7,14,02:10:00,morning,4.64,0.95,1,159
W227,26-02-2026,1270,4.2,17,03:10:00,afternoon,4.9,0.94,1,178
W227,27-02-2026,1195,3.6,17,04:10:00,night,4.96,0.95,0,105
W227,01-03-2026,932,6.7,15,05:10:00,afternoon,4.69,0.94,1,168
W228,01-01-2026,811,4.1,10,06:10:00,morning,4.61,0.83,1,238
W228,02-01-2026,785,7.8,9,07:10:00,night,4.39,0.88,2,248
W228,03-01-2026,1177,4.6,14,08:10:00,morning,4.62,0.87,2,237
W228,04-01-2026,1095,4,16,09:10:00,afternoon,4.53,0.82,1,265
W228,05-01-2026,622,7.9,6,10:10:00,afternoon,4.38,0.86,1,271
W228,06-01-2026,552,3.5,7,11:10:00,afternoon,4.39,0.86,1,288
W228,07-01-2026,873,5.6,13,12:10:00,night,4.38,0.81,1,298
W228,08-01-2026,1091,7.7,15,13:10:00,afternoon,4.42,0.84,1,190
W228,09-01-2026,847,7.1,13,14:10:00,night,4.36,0.86,1,267
W228,10-01-2026,819,4.5,9,15:10:00,morning,4.58,0.9,2,224
W228,11-01-2026,850,4.7,11,16:10:00,afternoon,4.6,0.9,2,280
W228,12-01-2026,861,6.4,14,17:10:00,evening,4.4,0.81,1,199
W228,14-01-2026,411,3.1,5,18:10:00,night,4.3,0.86,1,212
W228,16-01-2026,686,3.4,8,19:10:00,night,4.39,0.89,1,278
W228,17-01-2026,981,5.8,14,20:10:00,afternoon,4.32,0.87,1,270
W228,18-01-2026,524,5.8,9,21:10:00,morning,4.66,0.89,1,240
W228,20-01-2026,694,3.3,11,22:10:00,night,4.33,0.87,1,246
W228,21-01-2026,1235,5.9,19,23:10:00,afternoon,4.65,0.81,1,248
W228,22-01-2026,988,6.1,14,00:10:00,evening,4.44,0.82,1,214
W228,24-01-2026,613,3.2,9,01:10:00,night,4.68,0.83,1,189
W228,25-01-2026,896,3.7,14,02:10:00,afternoon,4.32,0.9,1,201
W228,26-01-2026,1175,5.5,16,03:10:00,afternoon,4.54,0.85,2,236
W228,27-01-2026,801,7.3,9,04:10:00,night,4.66,0.8,1,217
W228,28-01-2026,1155,4.2,14,05:10:00,afternoon,4.41,0.86,1,199
W228,30-01-2026,690,5.7,10,06:10:00,evening,4.64,0.84,1,237
W228,31-01-2026,680,6.4,11,07:10:00,afternoon,4.33,0.83,2,233
W228,01-02-2026,475,3.3,5,08:10:00,afternoon,4.33,0.88,1,255
W228,02-02-2026,990,3.6,16,09:10:00,morning,4.64,0.84,1,248
W228,03-02-2026,676,6.6,7,10:10:00,night,4.5,0.89,2,273
W228,04-02-2026,1043,4.1,14,11:10:00,afternoon,4.58,0.84,1,214
W228,05-02-2026,1131,3.9,18,12:10:00,night,4.35,0.89,2,199
W228,06-02-2026,731,3.6,12,13:10:00,evening,4.54,0.83,2,225
W228,07-02-2026,632,7.6,8,14:10:00,afternoon,4.53,0.87,1,214
W228,08-02-2026,1033,6.2,13,15:10:00,night,4.69,0.83,1,234
W228,09-02-2026,1058,3.7,15,16:10:00,evening,4.37,0.83,2,238
W228,10-02-2026,642,4.2,7,17:10:00,morning,4.55,0.83,1,229
W228,11-02-2026,866,7.2,13,18:10:00,night,4.6,0.83,2,282
W228,12-02-2026,481,3.5,5,19:10:00,night,4.4,0.9,1,207
W228,13-02-2026,719,5.1,8,20:10:00,night,4.54,0.85,1,270
W228,14-02-2026,1125,7.6,16,21:10:00,morning,4.55,0.82,1,215
W228,15-02-2026,891,6.3,11,22:10:00,evening,4.56,0.86,1,188
W228,16-02-2026,1113,5.8,13,23:10:00,night,4.42,0.88,1,295
W228,17-02-2026,918,3.3,13,00:10:00,night,4.58,0.87,1,267
W228,19-02-2026,775,4.2,9,01:10:00,morning,4.35,0.86,2,265
W228,20-02-2026,594,4.8,6,02:10:00,afternoon,4.3,0.88,2,241
W228,21-02-2026,1026,4.9,14,03:10:00,evening,4.34,0.87,2,257
W228,22-02-2026,957,5.9,11,04:10:00,morning,4.32,0.86,1,250
W228,23-02-2026,766,6.2,9,05:10:00,afternoon,4.57,0.82,2,297
W228,24-02-2026,984,6.3,14,06:10:00,morning,4.53,0.82,1,254
W228,26-02-2026,1019,3.3,12,07:10:00,evening,4.45,0.86,2,299
W228,27-02-2026,1381,5.5,20,08:10:00,night,4.54,0.83,1,211
W228,01-03-2026,274,6.7,5,09:10:00,night,4.55,0.89,2,197
W229,02-01-2026,1128,5.5,16,10:10:00,night,4.4,0.76,3,415
W229,04-01-2026,576,4.8,9,11:10:00,afternoon,4.16,0.78,3,344
W229,05-01-2026,1212,4.7,15,12:10:00,night,4.3,0.82,2,415
W229,06-01-2026,1746,6.1,22,13:10:00,morning,4.48,0.85,4,385
W229,07-01-2026,518,6,5,14:10:00,afternoon,4.26,0.83,3,337
W229,08-01-2026,1383,5.1,17,15:10:00,morning,4.46,0.81,3,348
W229,09-01-2026,660,3.6,8,16:10:00,afternoon,4.13,0.76,4,327
W229,11-01-2026,321,3.5,5,17:10:00,evening,4.28,0.7,4,306
W229,12-01-2026,200,6.4,5,18:10:00,morning,4.18,0.8,4,426
W229,13-01-2026,1184,4.1,16,19:10:00,morning,4.3,0.84,3,447
W229,14-01-2026,802,7,12,20:10:00,morning,4.48,0.71,4,408
W229,16-01-2026,1142,3.7,14,21:10:00,evening,4.08,0.71,3,379
W229,17-01-2026,828,7.5,10,22:10:00,morning,4.26,0.79,4,392
W229,18-01-2026,1045,5.4,14,23:10:00,night,4.08,0.81,4,404
W229,19-01-2026,558,6.9,8,00:10:00,evening,4.17,0.79,4,321
W229,20-01-2026,794,6.7,11,01:10:00,morning,4.09,0.85,3,376
W229,21-01-2026,535,5,7,02:10:00,afternoon,4.34,0.78,2,331
W229,22-01-2026,899,6,14,03:10:00,evening,4.06,0.74,4,341
W229,23-01-2026,1127,5.7,16,04:10:00,afternoon,4.37,0.78,3,408
W229,24-01-2026,517,3.3,5,05:10:00,night,4.46,0.71,2,408
W229,25-01-2026,1118,7,14,06:10:00,morning,4.34,0.75,3,431
W229,26-01-2026,418,3.5,5,07:10:00,afternoon,4.02,0.73,3,347
W229,27-01-2026,854,3,10,08:10:00,afternoon,4.09,0.71,2,347
W229,29-01-2026,1439,4.7,20,09:10:00,afternoon,4.29,0.75,3,359
W229,30-01-2026,848,8,13,10:10:00,evening,4.35,0.77,2,445
W229,31-01-2026,314,7,5,11:10:00,evening,4.19,0.82,4,301
W229,01-02-2026,506,4.8,6,12:10:00,night,4.33,0.85,4,356
W229,02-02-2026,956,6.7,11,13:10:00,night,4.07,0.83,3,315
W229,03-02-2026,302,5.3,5,14:10:00,evening,4.08,0.8,4,387
W229,04-02-2026,822,3.5,12,15:10:00,afternoon,4.49,0.73,3,424
W229,05-02-2026,417,6.6,5,16:10:00,night,4.38,0.73,4,316
W229,06-02-2026,976,5.3,12,17:10:00,morning,4.37,0.84,2,349
W229,08-02-2026,406,6.5,5,18:10:00,evening,4,0.78,4,432
W229,09-02-2026,836,4,9,19:10:00,night,4.05,0.72,4,370
W229,10-02-2026,1006,4.2,15,20:10:00,morning,4.32,0.78,3,395
W229,11-02-2026,936,3.6,15,21:10:00,afternoon,4.4,0.84,2,388
W229,12-02-2026,1381,4.5,19,22:10:00,morning,4.02,0.7,2,373
W229,14-02-2026,937,4,11,23:10:00,afternoon,4.45,0.75,3,350
W229,15-02-2026,884,4.1,14,00:10:00,evening,4.05,0.84,2,336
W229,16-02-2026,1014,7.2,13,01:10:00,morning,4.09,0.75,3,395
W229,17-02-2026,1290,5.4,19,02:10:00,morning,4.35,0.79,3,322
W229,18-02-2026,648,5.9,11,03:10:00,afternoon,4.24,0.83,2,371
W229,19-02-2026,581,4.8,8,04:10:00,morning,4.04,0.85,4,446
W229,20-02-2026,200,4.5,5,05:10:00,evening,4.48,0.72,2,345
W229,21-02-2026,574,3.8,10,06:10:00,morning,4.24,0.77,3,323
W229,24-02-2026,1234,5.8,15,07:10:00,night,4.4,0.83,3,428
W229,25-02-2026,558,7.9,6,08:10:00,morning,4.24,0.84,3,445
W229,26-02-2026,770,3.8,9,09:10:00,morning,4.06,0.73,4,315
W229,27-02-2026,1085,7.8,16,10:10:00,night,4.14,0.72,4,305
W229,28-02-2026,903,6.7,14,11:10:00,evening,4.02,0.74,4,374
W229,01-03-2026,1280,4.9,18,12:10:00,evening,4.24,0.76,4,301
W230,09-01-2026,845,5.2,11,13:10:00,night,4.68,0.84,1,226
W230,10-01-2026,1041,4.3,12,14:10:00,evening,4.41,0.82,1,222
W230,11-01-2026,1385,4,18,15:10:00,morning,4.34,0.85,1,200
W230,13-01-2026,810,7.6,13,16:10:00,night,4.42,0.81,1,186
W230,15-01-2026,879,6.3,12,17:10:00,afternoon,4.45,0.81,2,251
W230,16-01-2026,351,7.8,7,18:10:00,afternoon,4.68,0.81,1,229
W230,17-01-2026,1289,7.7,18,19:10:00,morning,4.46,0.81,2,223
W230,18-01-2026,1016,3.2,15,20:10:00,afternoon,4.52,0.84,1,209
W230,19-01-2026,812,3.3,12,21:10:00,morning,4.61,0.82,2,294
W230,21-01-2026,1122,5.2,15,22:10:00,night,4.65,0.89,2,278
W230,22-01-2026,745,5.1,12,23:10:00,night,4.63,0.88,1,268
W230,23-01-2026,882,5.4,14,00:10:00,night,4.35,0.87,1,250
W230,24-01-2026,776,5.9,10,01:10:00,afternoon,4.41,0.88,1,274
W230,25-01-2026,646,6.5,11,02:10:00,evening,4.46,0.81,2,257
W230,26-01-2026,827,5.2,12,03:10:00,night,4.31,0.81,1,217
W230,28-01-2026,1279,4.2,19,04:10:00,evening,4.64,0.86,1,295
W230,29-01-2026,640,3.4,7,05:10:00,afternoon,4.63,0.83,2,199
W230,30-01-2026,807,3.6,11,06:10:00,night,4.63,0.87,1,234
W230,02-02-2026,1293,7.7,18,07:10:00,night,4.46,0.84,2,191
W230,03-02-2026,1054,4.4,17,08:10:00,night,4.69,0.8,1,294
W230,05-02-2026,654,4.4,11,09:10:00,morning,4.35,0.81,1,243
W230,06-02-2026,745,3.4,9,10:10:00,night,4.66,0.82,2,224
W230,07-02-2026,707,6.6,8,11:10:00,night,4.46,0.82,1,260
W230,08-02-2026,1093,5.7,15,12:10:00,morning,4.49,0.85,2,271
W230,10-02-2026,1105,3.6,14,13:10:00,night,4.47,0.8,2,193
W230,11-02-2026,984,4.1,14,14:10:00,morning,4.4,0.85,1,216
W230,13-02-2026,607,7.7,7,15:10:00,night,4.52,0.84,2,235
W230,14-02-2026,1187,4.1,16,16:10:00,night,4.61,0.86,2,197
W230,15-02-2026,1338,6.2,18,17:10:00,morning,4.51,0.82,2,218
W230,16-02-2026,847,3.5,11,18:10:00,evening,4.36,0.88,2,232
W230,17-02-2026,757,5.1,12,19:10:00,morning,4.32,0.89,2,190
W230,18-02-2026,1169,4.6,17,20:10:00,morning,4.58,0.82,2,235
W230,19-02-2026,738,5.3,11,21:10:00,morning,4.67,0.81,1,266
W230,21-02-2026,1247,6.5,15,22:10:00,night,4.4,0.86,1,188
W230,23-02-2026,880,5.8,13,23:10:00,afternoon,4.66,0.88,2,186
W230,24-02-2026,1118,8,17,00:10:00,morning,4.45,0.87,2,299
W230,25-02-2026,661,3.7,7,01:10:00,evening,4.33,0.89,1,192
W230,26-02-2026,421,5.9,7,02:10:00,afternoon,4.45,0.83,2,211
W230,27-02-2026,1170,4.9,17,03:10:00,morning,4.64,0.83,2,212
W230,28-02-2026,304,7.2,5,04:10:00,morning,4.67,0.9,1,298
W230,01-03-2026,729,6.8,12,05:10:00,night,4.52,0.83,1,250
W231,09-01-2026,697,6.4,7,06:10:00,afternoon,4.53,0.89,2,260
W231,11-01-2026,929,3.4,14,07:10:00,afternoon,4.4,0.84,1,274
W231,12-01-2026,731,4,9,08:10:00,evening,4.63,0.8,1,218
W231,14-01-2026,707,3.1,8,09:10:00,afternoon,4.5,0.84,1,211
W231,15-01-2026,544,5.6,9,10:10:00,night,4.54,0.81,2,197
W231,16-01-2026,948,6,12,11:10:00,evening,4.66,0.82,1,245
W231,17-01-2026,819,4.9,9,12:10:00,evening,4.64,0.85,1,206
W231,18-01-2026,879,5.6,11,13:10:00,evening,4.4,0.8,2,286
W231,19-01-2026,857,4.8,11,14:10:00,evening,4.58,0.83,1,234
W231,20-01-2026,804,5.6,11,15:10:00,night,4.51,0.88,2,207
W231,21-01-2026,829,4.5,10,16:10:00,evening,4.65,0.82,2,215
W231,22-01-2026,514,5.6,9,17:10:00,morning,4.4,0.89,1,286
W231,23-01-2026,1123,7.4,16,18:10:00,morning,4.62,0.85,2,287
W231,24-01-2026,876,6.5,10,19:10:00,morning,4.46,0.87,2,203
W231,26-01-2026,709,3.5,8,20:10:00,afternoon,4.51,0.89,1,255
W231,27-01-2026,1246,7.8,18,21:10:00,night,4.45,0.82,1,262
W231,28-01-2026,1078,5,14,22:10:00,evening,4.3,0.81,2,181
W231,29-01-2026,961,7.5,12,23:10:00,afternoon,4.42,0.83,2,288
W231,30-01-2026,1038,7.5,14,00:10:00,evening,4.59,0.87,1,187
W231,31-01-2026,1119,6.5,15,01:10:00,night,4.59,0.86,1,288
W231,01-02-2026,1146,6.8,16,02:10:00,evening,4.34,0.83,2,279
W231,02-02-2026,550,3.1,9,03:10:00,night,4.57,0.8,2,241
W231,03-02-2026,825,5.7,13,04:10:00,morning,4.5,0.83,2,235
W231,04-02-2026,933,5.5,12,05:10:00,afternoon,4.36,0.81,2,213
W231,05-02-2026,846,3.8,11,06:10:00,night,4.66,0.84,1,294
W231,08-02-2026,868,7.4,12,07:10:00,morning,4.33,0.87,1,278
W231,09-02-2026,718,4.5,8,08:10:00,night,4.36,0.81,1,258
W231,10-02-2026,1005,5.9,16,09:10:00,afternoon,4.51,0.87,2,263
W231,11-02-2026,1043,7,16,10:10:00,morning,4.54,0.85,1,294
W231,12-02-2026,803,4,11,11:10:00,morning,4.69,0.84,1,226
W231,14-02-2026,884,3.5,10,12:10:00,morning,4.43,0.86,2,180
W231,15-02-2026,615,7.3,8,13:10:00,night,4.49,0.86,2,215
W231,17-02-2026,1175,6.1,17,14:10:00,afternoon,4.56,0.88,2,215
W231,18-02-2026,756,5.8,11,15:10:00,morning,4.52,0.89,1,271
W231,19-02-2026,845,4.3,12,16:10:00,night,4.33,0.9,2,291
W231,20-02-2026,706,6.3,11,17:10:00,night,4.32,0.83,2,293
W231,22-02-2026,1228,7.2,19,18:10:00,night,4.57,0.84,2,295
W231,23-02-2026,1241,6.9,16,19:10:00,afternoon,4.38,0.82,2,215
W231,24-02-2026,756,6.1,9,20:10:00,night,4.39,0.85,1,217
W231,25-02-2026,978,4.8,15,21:10:00,morning,4.36,0.84,1,299
W231,26-02-2026,875,6,14,22:10:00,afternoon,4.36,0.89,1,246
W231,27-02-2026,1003,6.7,15,23:10:00,morning,4.33,0.86,1,276
W231,28-02-2026,773,4.5,9,00:10:00,evening,4.39,0.82,2,217
W231,01-03-2026,1137,3.5,14,01:10:00,morning,4.51,0.8,1,194
W232,06-01-2026,1336,8,17,02:10:00,afternoon,4.99,0.96,0,125
W232,07-01-2026,1247,7.8,19,03:10:00,night,4.89,0.96,1,172
W232,09-01-2026,1176,3.5,15,04:10:00,morning,4.98,0.93,0,162
W232,11-01-2026,990,4.4,16,05:10:00,night,4.64,0.95,1,120
W232,12-01-2026,1209,5.7,17,06:10:00,evening,4.73,0.92,0,154
W232,13-01-2026,1355,6.3,17,07:10:00,morning,4.68,0.97,0,166
W232,14-01-2026,1242,5.6,15,08:10:00,afternoon,4.82,0.92,1,158
W232,15-01-2026,1180,4.7,16,09:10:00,night,4.8,0.96,1,133
W232,16-01-2026,1118,7.7,14,10:10:00,morning,4.66,0.95,1,171
W232,17-01-2026,885,4,11,11:10:00,night,4.81,0.95,0,148
W232,18-01-2026,1297,3.2,16,12:10:00,morning,4.78,0.93,1,111
W232,20-01-2026,823,5.6,13,13:10:00,night,4.78,0.95,0,173
W232,21-01-2026,1359,3.5,20,14:10:00,night,4.68,0.91,0,169
W232,22-01-2026,1003,6.2,14,15:10:00,morning,4.88,0.97,1,157
W232,23-01-2026,1008,5.5,14,16:10:00,night,4.69,0.97,0,143
W232,24-01-2026,1105,5.2,16,17:10:00,afternoon,4.92,0.93,0,105
W232,26-01-2026,1389,7.5,21,18:10:00,night,4.98,0.91,0,177
W232,27-01-2026,1142,3.8,15,19:10:00,evening,4.66,0.93,0,165
W232,28-01-2026,1006,6.7,15,20:10:00,evening,4.73,0.94,1,131
W232,29-01-2026,1458,6.3,20,21:10:00,morning,4.75,0.98,1,127
W232,30-01-2026,1123,7.7,15,22:10:00,afternoon,4.92,0.91,0,107
W232,31-01-2026,1045,6.1,12,23:10:00,evening,4.95,0.96,1,107
W232,01-02-2026,1192,3.2,16,00:10:00,night,4.85,0.92,0,179
W232,02-02-2026,1054,7,17,01:10:00,night,4.81,0.93,1,142
W232,03-02-2026,1223,5.7,18,02:10:00,morning,4.67,0.94,0,123
W232,04-02-2026,1117,7.6,16,03:10:00,night,4.61,0.97,1,107
W232,05-02-2026,960,6.3,15,04:10:00,night,4.91,0.9,0,159
W232,06-02-2026,1055,6.9,15,05:10:00,afternoon,4.89,0.94,1,175
W232,08-02-2026,977,4.8,14,06:10:00,afternoon,4.9,0.95,1,101
W232,09-02-2026,1013,7.4,14,07:10:00,morning,4.91,0.97,1,122
W232,11-02-2026,1092,4,13,08:10:00,night,4.87,0.95,1,156
W232,12-02-2026,1301,5.2,20,09:10:00,night,4.77,0.95,1,101
W232,13-02-2026,1099,5.6,16,10:10:00,morning,4.76,0.96,0,114
W232,14-02-2026,1100,6.8,17,11:10:00,afternoon,4.86,0.91,0,113
W232,15-02-2026,891,4.2,11,12:10:00,night,4.64,0.94,1,150
W232,16-02-2026,933,5.8,15,13:10:00,afternoon,4.95,0.93,0,116
W232,18-02-2026,969,4.8,13,14:10:00,morning,4.96,0.96,0,136
W232,19-02-2026,1171,7.6,17,15:10:00,evening,4.8,0.95,0,126
W232,20-02-2026,1223,3.8,17,16:10:00,afternoon,4.84,0.91,0,104
W232,23-02-2026,1191,6.7,19,17:10:00,morning,4.67,0.95,1,126
W232,24-02-2026,1205,4.6,19,18:10:00,night,4.84,0.97,0,174
W232,25-02-2026,1300,5.7,18,19:10:00,afternoon,4.78,0.97,0,161
W232,26-02-2026,1344,3.3,21,20:10:00,afternoon,4.74,0.91,1,145
W232,27-02-2026,929,5.1,15,21:10:00,morning,4.82,0.96,1,139
W232,28-02-2026,999,7.6,15,22:10:00,night,4.64,0.94,1,101
W232,01-03-2026,993,5.2,13,23:10:00,afternoon,4.64,0.98,0,179
W233,02-01-2026,1202,4.8,19,00:10:00,night,4.98,0.91,1,160
W233,04-01-2026,1098,7.1,14,01:10:00,night,4.79,0.93,1,179
W233,05-01-2026,1044,3.5,14,02:10:00,night,4.95,0.97,0,133
W233,06-01-2026,1214,6.7,16,03:10:00,afternoon,4.82,0.94,0,113
W233,07-01-2026,1107,4.9,17,04:10:00,afternoon,4.82,0.91,0,160
W233,10-01-2026,1262,7.7,18,05:10:00,night,4.91,0.91,1,133
W233,11-01-2026,1057,4.9,17,06:10:00,afternoon,4.8,0.95,1,148
W233,12-01-2026,1228,4.4,19,07:10:00,afternoon,4.99,0.9,0,156
W233,13-01-2026,1281,3.9,18,08:10:00,afternoon,4.87,0.91,0,151
W233,14-01-2026,1169,4.6,18,09:10:00,morning,4.78,0.97,0,143
W233,15-01-2026,1073,7.4,17,10:10:00,night,4.95,0.92,0,170
W233,17-01-2026,835,5.6,12,11:10:00,night,4.96,0.91,0,136
W233,18-01-2026,1042,4.1,14,12:10:00,morning,4.61,0.9,1,158
W233,19-01-2026,922,5.7,14,13:10:00,evening,4.65,0.98,1,136
W233,20-01-2026,1008,4.1,15,14:10:00,afternoon,4.73,0.97,1,142
W233,21-01-2026,1437,3.3,18,15:10:00,morning,4.62,0.95,0,119
W233,22-01-2026,1091,5.6,13,16:10:00,evening,4.96,0.95,0,103
W233,23-01-2026,1189,4.1,16,17:10:00,evening,4.64,0.94,1,133
W233,24-01-2026,998,7,13,18:10:00,night,4.86,0.92,0,177
W233,25-01-2026,1063,4.6,14,19:10:00,morning,4.94,0.9,1,108
W233,26-01-2026,948,4.6,15,20:10:00,evening,4.67,0.91,0,151
W233,28-01-2026,1129,4.6,14,21:10:00,morning,4.61,0.96,1,177
W233,29-01-2026,1429,3.5,22,22:10:00,morning,4.85,0.92,0,143
W233,31-01-2026,1221,4.8,15,23:10:00,morning,4.7,0.93,0,165
W233,01-02-2026,1135,4.9,15,00:10:00,evening,4.99,0.96,0,131
W233,02-02-2026,1223,4.8,16,01:10:00,night,4.68,0.94,1,166
W233,03-02-2026,1154,4.2,17,02:10:00,morning,4.65,0.98,1,177
W233,05-02-2026,1225,5.5,15,03:10:00,afternoon,4.82,0.97,0,122
W233,08-02-2026,1123,4.2,17,04:10:00,afternoon,4.74,0.97,1,174
W233,09-02-2026,1024,5.1,16,05:10:00,morning,4.85,0.92,1,116
W233,10-02-2026,931,5.2,13,06:10:00,afternoon,4.97,0.97,1,139
W233,12-02-2026,790,4.8,11,07:10:00,afternoon,4.86,0.93,0,114
W233,13-02-2026,1350,7,21,08:10:00,night,4.82,0.97,0,150
W233,14-02-2026,921,7.1,11,09:10:00,night,4.85,0.97,1,136
W233,16-02-2026,1231,3.4,18,10:10:00,evening,4.62,0.93,0,102
W233,18-02-2026,926,5.3,14,11:10:00,afternoon,4.66,0.94,1,148
W233,19-02-2026,947,6.5,15,12:10:00,night,4.89,0.96,0,107
W233,20-02-2026,869,5.1,12,13:10:00,night,4.9,0.94,1,148
W233,21-02-2026,1060,6.7,16,14:10:00,morning,4.95,0.9,0,110
W233,22-02-2026,1014,6.8,16,15:10:00,night,4.74,0.93,1,149
W233,23-02-2026,1297,7.6,19,16:10:00,afternoon,4.76,0.91,1,125
W233,24-02-2026,892,6.5,11,17:10:00,afternoon,4.8,0.97,1,150
W233,25-02-2026,1214,7.7,19,18:10:00,evening,4.79,0.96,1,111
W233,26-02-2026,1051,3.1,14,19:10:00,night,4.99,0.96,0,114
W233,27-02-2026,1144,6.5,15,20:10:00,afternoon,4.75,0.92,0,179
W233,28-02-2026,1209,3.6,17,21:10:00,morning,4.91,0.92,1,149
W233,01-03-2026,1049,4.1,13,22:10:00,morning,4.95,0.93,0,116
W234,01-01-2026,1041,5.3,16,23:10:00,night,4.01,0.82,3,426
W234,02-01-2026,899,5.9,12,00:10:00,evening,4.17,0.75,3,364
W234,04-01-2026,1026,7.8,13,01:10:00,afternoon,4.31,0.79,2,398
W234,05-01-2026,437,6.1,8,02:10:00,evening,4.29,0.77,4,423
W234,07-01-2026,991,6.4,15,03:10:00,night,4.48,0.84,2,332
W234,08-01-2026,1253,6.7,16,04:10:00,evening,4.4,0.77,4,337
W234,09-01-2026,200,6.1,5,05:10:00,afternoon,4.24,0.83,4,348
W234,10-01-2026,661,3.1,9,06:10:00,night,4.26,0.85,4,300
W234,12-01-2026,431,5,5,07:10:00,morning,4.36,0.71,3,371
W234,13-01-2026,1223,4.4,15,08:10:00,night,4.2,0.71,3,425
W234,14-01-2026,1087,6.7,13,09:10:00,afternoon,4.45,0.73,2,339
W234,15-01-2026,380,6,5,10:10:00,evening,4.31,0.8,4,352
W234,17-01-2026,1194,7.6,16,11:10:00,night,4.33,0.84,4,408
W234,20-01-2026,285,4.8,5,12:10:00,night,4.13,0.81,3,401
W234,21-01-2026,656,5.9,9,13:10:00,night,4.3,0.8,4,301
W234,22-01-2026,1887,7.4,25,14:10:00,night,4.2,0.84,3,377
W234,23-01-2026,710,4.7,10,15:10:00,evening,4.28,0.81,3,412
W234,25-01-2026,200,7.9,5,16:10:00,night,4.19,0.72,4,324
W234,26-01-2026,684,7.8,8,17:10:00,evening,4.49,0.77,2,382
W234,27-01-2026,464,4.5,6,18:10:00,morning,4.07,0.7,4,331
W234,29-01-2026,1016,3.4,12,19:10:00,night,4.11,0.71,2,333
W234,30-01-2026,527,3.2,6,20:10:00,morning,4.41,0.84,2,406
W234,31-01-2026,584,3.4,6,21:10:00,morning,4.47,0.77,2,394
W234,01-02-2026,246,7.2,5,22:10:00,afternoon,4.41,0.76,4,352
W234,02-02-2026,879,6.4,10,23:10:00,night,4.35,0.75,2,400
W234,03-02-2026,1020,5.6,12,00:10:00,evening,4,0.83,3,342
W234,04-02-2026,1190,5.8,19,01:10:00,morning,4.02,0.81,2,416
W234,05-02-2026,654,7.4,7,02:10:00,morning,4.1,0.73,4,433
W234,06-02-2026,200,7.6,5,03:10:00,evening,4.31,0.73,4,330
W234,07-02-2026,1313,3.5,19,04:10:00,evening,4.11,0.79,3,397
W234,08-02-2026,559,3.9,9,05:10:00,evening,4.29,0.84,4,375
W234,09-02-2026,321,7.9,5,06:10:00,night,4.12,0.8,4,376
W234,10-02-2026,528,5.4,9,07:10:00,afternoon,4.41,0.74,2,392
W234,11-02-2026,200,7.8,5,08:10:00,morning,4.19,0.81,3,413
W234,13-02-2026,1063,5.9,17,09:10:00,night,4.36,0.81,3,342
W234,14-02-2026,1028,7.1,12,10:10:00,evening,4.02,0.71,2,344
W234,15-02-2026,351,6.1,5,11:10:00,afternoon,4.05,0.76,3,448
W234,17-02-2026,701,7.8,9,12:10:00,morning,4.12,0.84,4,302
W234,18-02-2026,849,5.8,12,13:10:00,evening,4.48,0.81,3,424
W234,19-02-2026,1024,5.5,12,14:10:00,afternoon,4.09,0.79,4,353
W234,21-02-2026,958,7,15,15:10:00,evening,4.48,0.81,2,393
W234,22-02-2026,1531,6.8,23,16:10:00,morning,4.46,0.76,4,424
W234,23-02-2026,429,6.6,8,17:10:00,evening,4.29,0.8,3,351
W234,24-02-2026,616,6.1,10,18:10:00,morning,4.43,0.78,3,441
W234,27-02-2026,707,7.8,12,19:10:00,evening,4.3,0.78,3,408
W234,28-02-2026,1841,4.1,24,20:10:00,night,4.33,0.78,3,369
W234,01-03-2026,872,5.2,11,21:10:00,morning,4.19,0.77,4,306
W235,01-01-2026,1206,3.1,19,22:10:00,morning,4.81,0.97,0,153
W235,02-01-2026,1020,7,14,23:10:00,morning,4.62,0.97,1,170
W235,04-01-2026,1048,4.9,12,00:10:00,morning,4.98,0.92,0,159
W235,05-01-2026,887,4.5,11,01:10:00,morning,4.96,0.95,0,143
W235,06-01-2026,1184,5.2,18,02:10:00,evening,4.78,0.98,1,160
W235,07-01-2026,831,5.7,13,03:10:00,morning,4.72,0.97,1,112
W235,08-01-2026,1118,6.7,16,04:10:00,afternoon,4.86,0.96,1,170
W235,09-01-2026,1043,7.5,13,05:10:00,afternoon,4.98,0.94,1,102
W235,15-01-2026,1063,5.2,14,06:10:00,morning,4.98,0.93,1,176
W235,16-01-2026,1169,7.9,17,07:10:00,morning,4.8,0.93,0,139
W235,17-01-2026,1060,3.9,13,08:10:00,night,4.61,0.97,0,150
W235,18-01-2026,1067,3.6,17,09:10:00,night,4.9,0.98,1,173
W235,19-01-2026,1391,6.5,20,10:10:00,night,4.98,0.94,0,117
W235,20-01-2026,1238,3.7,17,11:10:00,morning,4.69,0.96,1,153
W235,21-01-2026,825,7.7,11,12:10:00,morning,4.81,0.92,0,142
W235,22-01-2026,1139,3.6,18,13:10:00,evening,4.64,0.96,0,138
W235,23-01-2026,985,6.4,15,14:10:00,evening,4.81,0.94,0,173
W235,24-01-2026,1101,7.7,16,15:10:00,night,4.61,0.93,0,174
W235,25-01-2026,1107,8,16,16:10:00,night,4.99,0.92,1,165
W235,26-01-2026,971,6.9,11,17:10:00,evening,4.64,0.9,0,114
W235,28-01-2026,1190,5.8,16,18:10:00,evening,4.78,0.93,1,159
W235,30-01-2026,950,4.1,13,19:10:00,night,4.74,0.92,1,161
W235,31-01-2026,1013,7.2,13,20:10:00,afternoon,4.96,0.92,1,178
W235,01-02-2026,1138,3.6,18,21:10:00,afternoon,4.82,0.95,0,169
W235,02-02-2026,866,4.8,10,22:10:00,afternoon,4.83,0.91,0,116
W235,03-02-2026,1076,3.6,14,23:10:00,morning,4.78,0.91,0,107
W235,04-02-2026,841,6.4,12,00:10:00,evening,4.95,0.94,1,177
W235,05-02-2026,920,5.6,15,01:10:00,morning,4.68,0.91,1,134
W235,07-02-2026,1088,6.9,17,02:10:00,afternoon,4.7,0.97,0,145
W235,08-02-2026,794,4,9,03:10:00,night,4.85,0.97,1,122
W235,11-02-2026,1575,5.4,21,04:10:00,morning,4.81,0.92,0,119
W235,13-02-2026,1241,7.9,16,05:10:00,morning,4.93,0.92,0,117
W235,14-02-2026,948,3.1,15,06:10:00,night,4.63,0.94,0,157
W235,15-02-2026,1097,3.1,15,07:10:00,evening,4.92,0.9,0,139
W235,17-02-2026,1493,5.4,23,08:10:00,night,4.67,0.9,1,109
W235,18-02-2026,1125,6.6,18,09:10:00,morning,4.96,0.92,1,117
W235,20-02-2026,1011,7.5,15,10:10:00,evening,4.67,0.96,1,138
W235,21-02-2026,1254,5.2,15,11:10:00,morning,4.73,0.94,1,156
W235,23-02-2026,1236,7.3,16,12:10:00,night,4.72,0.96,1,146
W235,24-02-2026,1345,4.8,19,13:10:00,morning,4.92,0.96,0,152
W235,25-02-2026,1195,4.7,15,14:10:00,evening,4.68,0.98,1,144
W235,26-02-2026,1039,6.4,15,15:10:00,night,4.84,0.94,1,114
W235,28-02-2026,1140,4.5,14,16:10:00,morning,4.74,0.96,1,117
W235,01-03-2026,951,3.5,12,17:10:00,afternoon,4.68,0.91,1,141
W236,11-01-2026,1037,8,16,18:10:00,afternoon,4.82,0.95,1,104
W236,12-01-2026,1012,6.1,14,19:10:00,night,4.63,0.94,1,116
W236,13-01-2026,995,4.4,13,20:10:00,afternoon,4.66,0.93,0,142
W236,14-01-2026,973,3.2,14,21:10:00,morning,4.71,0.92,1,109
W236,15-01-2026,1005,3.2,16,22:10:00,morning,4.61,0.97,0,174
W236,16-01-2026,1355,7.6,17,23:10:00,morning,4.61,0.92,1,117
W236,17-01-2026,1086,3.7,17,00:10:00,night,4.81,0.93,0,149
W236,18-01-2026,1091,7.8,15,01:10:00,night,4.77,0.9,1,174
W236,19-01-2026,959,4.7,14,02:10:00,afternoon,4.9,0.94,0,156
W236,21-01-2026,1209,6.6,16,03:10:00,night,4.81,0.94,1,151
W236,22-01-2026,974,5,11,04:10:00,afternoon,4.62,0.95,1,157
W236,23-01-2026,1134,7.8,16,05:10:00,afternoon,4.97,0.92,1,152
W236,24-01-2026,1409,4.6,20,06:10:00,morning,4.98,0.93,1,114
W236,25-01-2026,1277,5.1,19,07:10:00,afternoon,4.62,0.92,1,111
W236,26-01-2026,1052,7.7,14,08:10:00,morning,4.69,0.94,0,149
W236,27-01-2026,1154,6.9,18,09:10:00,night,4.69,0.91,0,165
W236,28-01-2026,724,4.7,9,10:10:00,night,4.88,0.9,1,171
W236,29-01-2026,1547,6.7,21,11:10:00,evening,4.87,0.9,0,157
W236,30-01-2026,1037,4.7,13,12:10:00,night,4.8,0.96,1,155
W236,31-01-2026,1215,3.2,15,13:10:00,morning,4.92,0.93,0,114
W236,01-02-2026,1068,3.3,14,14:10:00,afternoon,4.72,0.94,0,132
W236,02-02-2026,1274,4.2,18,15:10:00,morning,4.63,0.97,0,156
W236,04-02-2026,1323,8,16,16:10:00,afternoon,4.76,0.92,1,112
W236,05-02-2026,842,6.8,12,17:10:00,afternoon,4.76,0.97,1,137
W236,06-02-2026,1192,5.4,18,18:10:00,morning,4.95,0.92,0,140
W236,07-02-2026,992,7.7,15,19:10:00,evening,4.86,0.94,0,127
W236,08-02-2026,1297,7.1,18,20:10:00,evening,4.72,0.93,0,142
W236,09-02-2026,1172,4.3,18,21:10:00,morning,4.88,0.92,1,177
W236,10-02-2026,920,3.5,13,22:10:00,morning,4.72,0.91,0,147
W236,11-02-2026,1115,6.8,17,23:10:00,evening,4.71,0.95,1,112
W236,12-02-2026,1053,4.5,13,00:10:00,afternoon,4.61,0.93,0,163
W236,13-02-2026,1020,6.3,13,01:10:00,night,4.82,0.91,0,138
W236,14-02-2026,1219,6.3,16,02:10:00,morning,4.68,0.94,1,103
W236,15-02-2026,1156,5.3,17,03:10:00,night,5,0.97,0,105
W236,16-02-2026,1164,3.9,16,04:10:00,afternoon,4.66,0.93,1,174
W236,17-02-2026,1055,5.7,17,05:10:00,evening,4.84,0.97,1,145
W236,18-02-2026,1155,7.6,15,06:10:00,morning,4.72,0.97,0,103
W236,19-02-2026,1086,3.4,14,07:10:00,morning,4.67,0.96,0,123
W236,20-02-2026,1016,6,12,08:10:00,morning,4.97,0.96,0,125
W236,21-02-2026,1075,7.7,15,09:10:00,morning,4.62,0.91,0,151
W236,22-02-2026,1201,5.2,15,10:10:00,morning,4.89,0.96,0,140
W236,23-02-2026,1092,6.2,15,11:10:00,morning,4.76,0.94,0,157
W236,24-02-2026,859,4.1,10,12:10:00,afternoon,4.77,0.95,0,127
W236,25-02-2026,1193,4.2,17,13:10:00,night,4.6,0.92,0,122
W236,26-02-2026,1007,6.2,16,14:10:00,afternoon,4.77,0.95,1,175
W236,27-02-2026,1322,4.3,20,15:10:00,night,4.63,0.98,0,105
W236,28-02-2026,1243,5,15,16:10:00,evening,4.63,0.94,0,162
W237,06-01-2026,746,5.1,11,17:10:00,morning,4.51,0.85,1,256
W237,07-01-2026,509,7.9,6,18:10:00,morning,4.63,0.86,1,256
W237,08-01-2026,685,4.7,7,19:10:00,night,4.65,0.84,1,258
W237,09-01-2026,963,7.8,15,20:10:00,morning,4.36,0.86,2,256
W237,10-01-2026,1081,5.8,17,21:10:00,evening,4.41,0.82,1,196
W237,11-01-2026,957,6.3,11,22:10:00,night,4.33,0.83,2,247
W237,12-01-2026,1471,3.6,20,23:10:00,afternoon,4.47,0.86,1,286
W237,15-01-2026,529,7.5,5,00:10:00,morning,4.59,0.84,1,233
W237,16-01-2026,1294,3.3,18,01:10:00,afternoon,4.53,0.87,1,187
W237,17-01-2026,815,6.3,12,02:10:00,evening,4.44,0.83,2,224
W237,18-01-2026,795,5.8,9,03:10:00,morning,4.69,0.86,2,242
W237,21-01-2026,1058,6.7,16,04:10:00,morning,4.57,0.86,2,215
W237,24-01-2026,1019,5,15,05:10:00,night,4.49,0.82,2,257
W237,25-01-2026,1314,6.1,17,06:10:00,night,4.45,0.81,2,233
W237,26-01-2026,980,7.2,12,07:10:00,afternoon,4.54,0.85,2,232
W237,27-01-2026,1228,3.7,16,08:10:00,morning,4.57,0.81,2,200
W237,28-01-2026,618,6,9,09:10:00,night,4.3,0.82,2,184
W237,29-01-2026,861,7.7,11,10:10:00,night,4.46,0.89,1,188
W237,30-01-2026,473,6.4,7,11:10:00,evening,4.33,0.89,2,289
W237,31-01-2026,746,6.7,10,12:10:00,afternoon,4.42,0.83,2,261
W237,01-02-2026,664,5,10,13:10:00,morning,4.4,0.85,2,280
W237,02-02-2026,359,3,7,14:10:00,afternoon,4.62,0.87,2,255
W237,03-02-2026,1216,7.9,15,15:10:00,morning,4.54,0.88,2,278
W237,04-02-2026,554,5.1,8,16:10:00,night,4.54,0.89,1,207
W237,05-02-2026,1367,5.1,21,17:10:00,morning,4.55,0.87,2,236
W237,06-02-2026,707,5.3,10,18:10:00,evening,4.4,0.89,2,248
W237,08-02-2026,752,6.1,8,19:10:00,evening,4.33,0.9,2,264
W237,09-02-2026,645,5.1,7,20:10:00,morning,4.47,0.86,1,195
W237,10-02-2026,1023,7,14,21:10:00,afternoon,4.51,0.88,2,207
W237,11-02-2026,653,5.7,7,22:10:00,evening,4.5,0.85,1,246
W237,12-02-2026,883,3.6,11,23:10:00,evening,4.68,0.87,2,299
W237,14-02-2026,1101,7.1,16,00:10:00,night,4.62,0.88,1,254
W237,15-02-2026,557,5.9,9,01:10:00,night,4.62,0.89,1,254
W237,17-02-2026,838,5.8,13,02:10:00,night,4.51,0.83,1,291
W237,18-02-2026,836,5,12,03:10:00,night,4.65,0.87,2,216
W237,19-02-2026,1087,6.7,13,04:10:00,morning,4.55,0.84,1,283
W237,20-02-2026,1030,5.9,15,05:10:00,evening,4.38,0.81,1,213
W237,21-02-2026,659,5.2,11,06:10:00,night,4.61,0.83,1,198
W237,22-02-2026,1181,6.9,14,07:10:00,morning,4.55,0.84,1,204
W237,24-02-2026,878,3.2,14,08:10:00,night,4.67,0.85,1,265
W237,25-02-2026,1209,5.3,16,09:10:00,night,4.42,0.85,1,234
W237,26-02-2026,1301,4.4,19,10:10:00,night,4.39,0.8,2,255
W237,27-02-2026,711,7.6,11,11:10:00,night,4.35,0.83,2,280
W237,28-02-2026,615,7.7,7,12:10:00,night,4.45,0.88,2,213
W237,01-03-2026,606,7.7,6,13:10:00,morning,4.47,0.89,2,274
W238,10-01-2026,864,7.2,13,14:10:00,morning,4.73,0.91,1,157
W238,11-01-2026,1603,3.8,22,15:10:00,afternoon,4.68,0.94,0,171
W238,13-01-2026,1016,4.5,12,16:10:00,evening,4.98,0.98,0,167
W238,15-01-2026,1209,7.9,19,17:10:00,night,4.97,0.93,1,110
W238,16-01-2026,832,4.6,12,18:10:00,night,4.64,0.94,0,178
W238,17-01-2026,1105,3.2,17,19:10:00,night,4.86,0.91,1,134
W238,18-01-2026,1020,4.5,15,20:10:00,evening,4.97,0.96,1,147
W238,19-01-2026,1046,7.7,12,21:10:00,morning,4.64,0.97,1,179
W238,20-01-2026,1238,6.4,19,22:10:00,evening,4.84,0.95,0,158
W238,21-01-2026,1188,5.5,14,23:10:00,night,4.84,0.98,1,136
W238,22-01-2026,1013,6.3,16,00:10:00,afternoon,4.64,0.97,0,171
W238,23-01-2026,1094,7.4,15,01:10:00,night,4.98,0.93,0,171
W238,26-01-2026,1207,5.9,15,02:10:00,afternoon,4.79,0.93,1,139
W238,27-01-2026,1106,5.7,13,03:10:00,evening,4.87,0.98,1,143
W238,28-01-2026,1019,6,13,04:10:00,morning,4.83,0.94,1,153
W238,30-01-2026,770,5.4,9,05:10:00,night,4.68,0.9,1,119
W238,31-01-2026,1065,4.9,15,06:10:00,morning,4.81,0.9,1,150
W238,01-02-2026,1156,7.5,16,07:10:00,evening,4.64,0.96,1,105
W238,02-02-2026,861,8,14,08:10:00,afternoon,4.79,0.94,0,169
W238,03-02-2026,1004,3.2,12,09:10:00,morning,4.78,0.96,0,101
W238,05-02-2026,932,4.6,15,10:10:00,afternoon,4.78,0.91,1,123
W238,06-02-2026,997,7.1,15,11:10:00,night,4.76,0.93,0,167
W238,07-02-2026,1287,6.2,19,12:10:00,evening,4.86,0.95,1,164
W238,08-02-2026,1116,7.6,15,13:10:00,morning,4.78,0.98,1,120
W238,09-02-2026,1125,3.6,15,14:10:00,morning,4.96,0.92,0,115
W238,10-02-2026,1138,7.9,17,15:10:00,morning,4.79,0.97,0,172
W238,11-02-2026,1085,6.3,14,16:10:00,night,4.72,0.93,0,127
W238,12-02-2026,1310,7.6,19,17:10:00,afternoon,4.72,0.98,1,172
W238,16-02-2026,941,3,15,18:10:00,evening,4.65,0.9,0,138
W238,18-02-2026,1350,7.2,18,19:10:00,morning,4.97,0.97,0,107
W238,19-02-2026,1095,5.1,17,20:10:00,morning,4.87,0.96,0,100
W238,20-02-2026,982,5.3,15,21:10:00,morning,4.69,0.95,0,144
W238,21-02-2026,1376,6,17,22:10:00,evening,4.81,0.91,1,108
W238,22-02-2026,818,6.5,13,23:10:00,afternoon,4.84,0.9,0,177
W238,23-02-2026,1188,6.9,18,00:10:00,evening,4.9,0.93,0,143
W238,24-02-2026,1133,7.7,18,01:10:00,afternoon,4.72,0.91,1,108
W238,26-02-2026,1555,7.5,24,02:10:00,evening,4.76,0.98,0,119
W238,28-02-2026,1284,3.8,20,03:10:00,evening,4.92,0.97,0,165
W238,01-03-2026,995,4.9,14,04:10:00,afternoon,4.67,0.96,1,133
W239,07-01-2026,789,3.5,12,05:10:00,morning,4.53,0.88,2,207
W239,08-01-2026,975,3.3,13,06:10:00,night,4.62,0.88,2,259
W239,09-01-2026,1022,4.2,12,07:10:00,night,4.52,0.84,2,216
W239,11-01-2026,1093,7.9,16,08:10:00,morning,4.51,0.86,2,185
W239,12-01-2026,647,7,9,09:10:00,morning,4.42,0.84,1,191
W239,13-01-2026,910,4.8,11,10:10:00,night,4.38,0.82,1,185
W239,14-01-2026,1026,6.3,15,11:10:00,morning,4.33,0.83,2,196
W239,15-01-2026,796,3.9,12,12:10:00,night,4.45,0.84,1,284
W239,16-01-2026,724,6.1,10,13:10:00,afternoon,4.32,0.82,1,246
W239,17-01-2026,1133,7.7,18,14:10:00,night,4.67,0.83,2,257
W239,18-01-2026,1184,3.7,16,15:10:00,afternoon,4.61,0.83,1,276
W239,19-01-2026,830,6.3,13,16:10:00,night,4.63,0.89,1,205
W239,20-01-2026,790,3.5,12,17:10:00,night,4.55,0.83,2,182
W239,21-01-2026,1031,4.5,14,18:10:00,afternoon,4.38,0.87,2,257
W239,25-01-2026,1087,7.4,13,19:10:00,evening,4.36,0.81,2,190
W239,26-01-2026,924,7.4,15,20:10:00,morning,4.57,0.81,1,256
W239,27-01-2026,1068,6,17,21:10:00,afternoon,4.69,0.82,1,224
W239,28-01-2026,1073,6.4,14,22:10:00,evening,4.39,0.85,1,219
W239,29-01-2026,633,3.6,7,23:10:00,night,4.55,0.88,2,282
W239,31-01-2026,756,6,8,00:10:00,evening,4.33,0.82,2,197
W239,03-02-2026,677,7.9,11,01:10:00,night,4.66,0.88,1,185
W239,04-02-2026,885,3.8,13,02:10:00,evening,4.61,0.86,2,205
W239,05-02-2026,750,4.4,10,03:10:00,night,4.57,0.86,2,284
W239,06-02-2026,1584,4.7,23,04:10:00,evening,4.48,0.88,1,243
W239,07-02-2026,755,7.1,8,05:10:00,night,4.7,0.9,2,200
W239,08-02-2026,1147,6.4,15,06:10:00,morning,4.61,0.89,2,184
W239,10-02-2026,699,7.9,11,07:10:00,night,4.58,0.85,1,237
W239,11-02-2026,1531,3.5,22,08:10:00,morning,4.54,0.86,1,208
W239,13-02-2026,878,6.6,13,09:10:00,evening,4.6,0.87,1,202
W239,15-02-2026,636,6,10,10:10:00,night,4.46,0.87,1,264
W239,16-02-2026,1396,6.2,18,11:10:00,afternoon,4.53,0.85,1,250
W239,17-02-2026,1033,5.7,15,12:10:00,morning,4.4,0.87,1,254
W239,18-02-2026,1157,6.5,15,13:10:00,afternoon,4.69,0.82,1,219
W239,19-02-2026,661,7.5,8,14:10:00,night,4.66,0.85,1,267
W239,21-02-2026,505,5.2,5,15:10:00,morning,4.41,0.82,1,288
W239,22-02-2026,775,4.5,10,16:10:00,evening,4.69,0.87,1,199
W239,24-02-2026,1193,3.9,18,17:10:00,night,4.38,0.89,2,189
W239,25-02-2026,956,6.8,14,18:10:00,evening,4.39,0.83,1,239
W239,26-02-2026,1127,4,17,19:10:00,afternoon,4.41,0.82,2,199
W239,27-02-2026,543,3.3,8,20:10:00,night,4.66,0.87,2,186
W239,28-02-2026,1074,3.8,13,21:10:00,afternoon,4.63,0.88,1,225
W239,01-03-2026,1435,7.2,18,22:10:00,afternoon,4.58,0.8,1,276
W240,10-01-2026,565,7.2,8,23:10:00,night,4.28,0.81,2,407
W240,11-01-2026,454,6.9,7,00:10:00,morning,4.26,0.8,2,408
W240,12-01-2026,1010,4.6,15,01:10:00,afternoon,4.16,0.74,2,447
W240,13-01-2026,1160,7.3,16,02:10:00,evening,4.17,0.74,3,396
W240,14-01-2026,672,7.3,10,03:10:00,afternoon,4.13,0.72,2,435
W240,15-01-2026,504,3.6,6,04:10:00,morning,4.27,0.7,3,413
W240,16-01-2026,200,4.2,5,05:10:00,night,4.31,0.71,4,367
W240,17-01-2026,259,4.8,5,06:10:00,morning,4.09,0.78,2,364
W240,18-01-2026,508,3.9,9,07:10:00,morning,4.3,0.76,2,316
W240,19-01-2026,1444,7.4,18,08:10:00,evening,4.12,0.79,3,412
W240,20-01-2026,868,7.1,13,09:10:00,afternoon,4.13,0.85,2,374
W240,22-01-2026,1048,7.7,12,10:10:00,evening,4.06,0.7,2,415
W240,24-01-2026,889,6.4,10,11:10:00,night,4.15,0.75,3,433
W240,25-01-2026,384,3,5,12:10:00,afternoon,4.04,0.73,4,360
W240,26-01-2026,450,7.3,7,13:10:00,night,4.32,0.78,2,369
W240,27-01-2026,1348,7,20,14:10:00,night,4.28,0.77,3,415
W240,28-01-2026,437,3,7,15:10:00,morning,4.18,0.81,3,410
W240,29-01-2026,1189,5.6,17,16:10:00,evening,4.1,0.81,3,346
W240,30-01-2026,904,6.9,11,17:10:00,afternoon,4.22,0.82,2,405
W240,01-02-2026,1699,4.8,25,18:10:00,evening,4.15,0.73,2,338
W240,02-02-2026,955,6.9,11,19:10:00,night,4.07,0.73,4,320
W240,03-02-2026,762,3.6,12,20:10:00,evening,4.15,0.71,4,360
W240,04-02-2026,276,7.5,5,21:10:00,morning,4.15,0.85,3,362
W240,05-02-2026,763,6.9,8,22:10:00,afternoon,4.47,0.72,3,312
W240,06-02-2026,1006,5.7,14,23:10:00,morning,4.13,0.73,4,355
W240,07-02-2026,1037,7.2,12,00:10:00,morning,4.08,0.7,2,344
W240,08-02-2026,520,6.4,6,01:10:00,morning,4.44,0.73,4,401
W240,09-02-2026,588,5.5,8,02:10:00,evening,4.37,0.82,2,397
W240,10-02-2026,200,4.4,5,03:10:00,morning,4.35,0.83,2,351
W240,11-02-2026,392,5.9,5,04:10:00,evening,4.26,0.74,3,354
W240,12-02-2026,662,3.9,8,05:10:00,night,4.19,0.82,2,351
W240,14-02-2026,552,7.9,6,06:10:00,afternoon,4.39,0.74,2,422
W240,15-02-2026,396,4,7,07:10:00,afternoon,4.49,0.77,2,373
W240,16-02-2026,665,3.9,7,08:10:00,night,4.4,0.85,3,385
W240,17-02-2026,806,4,12,09:10:00,night,4.1,0.73,4,306
W240,18-02-2026,1479,7.2,22,10:10:00,night,4.19,0.76,4,444
W240,19-02-2026,1278,3.1,17,11:10:00,night,4.05,0.83,4,325
W240,21-02-2026,238,3.2,5,12:10:00,morning,4.38,0.81,3,326
W240,22-02-2026,988,4.3,13,13:10:00,morning,4.14,0.75,2,349
W240,23-02-2026,1151,6.2,18,14:10:00,night,4.22,0.84,3,304
W240,24-02-2026,862,6.2,14,15:10:00,night,4.26,0.72,3,417
W240,25-02-2026,582,3.2,6,16:10:00,evening,4.44,0.73,3,428
W240,26-02-2026,896,6.3,12,17:10:00,morning,4.01,0.7,3,444
W240,27-02-2026,1157,6.9,17,18:10:00,morning,4.01,0.74,2,327
W240,01-03-2026,1065,6.4,16,19:10:00,afternoon,4.46,0.85,4,442
W241,06-01-2026,1085,5,16,20:10:00,night,4.7,0.97,0,146
W241,07-01-2026,1105,7.7,16,21:10:00,night,4.98,0.96,1,143
W241,08-01-2026,1174,4.9,16,22:10:00,afternoon,4.76,0.93,0,170
W241,09-01-2026,1032,6.2,14,23:10:00,morning,5,0.92,0,135
W241,10-01-2026,928,6.6,14,00:10:00,afternoon,4.8,0.98,1,148
W241,12-01-2026,1203,5.4,19,01:10:00,morning,4.62,0.92,0,130
W241,15-01-2026,814,6.7,10,02:10:00,night,4.97,0.97,0,118
W241,16-01-2026,1103,6.4,14,03:10:00,morning,4.78,0.97,0,106
W241,17-01-2026,1240,5.7,19,04:10:00,night,4.68,0.9,0,154
W241,19-01-2026,824,6.9,11,05:10:00,night,4.62,0.96,0,174
W241,20-01-2026,1021,4.9,12,06:10:00,evening,4.82,0.95,1,106
W241,21-01-2026,773,3.7,11,07:10:00,morning,4.87,0.92,0,135
W241,23-01-2026,1073,7.1,15,08:10:00,morning,4.89,0.98,0,154
W241,24-01-2026,1105,8,14,09:10:00,evening,4.65,0.95,0,160
W241,25-01-2026,1243,4.8,19,10:10:00,afternoon,4.77,0.92,0,168
W241,27-01-2026,1092,6.2,14,11:10:00,evening,4.93,0.91,0,105
W241,28-01-2026,1091,5.8,16,12:10:00,night,4.73,0.97,0,172
W241,29-01-2026,1286,4.3,16,13:10:00,afternoon,4.62,0.98,0,155
W241,31-01-2026,828,6.4,12,14:10:00,morning,4.84,0.96,1,151
W241,02-02-2026,996,5.4,12,15:10:00,night,4.91,0.94,1,171
W241,03-02-2026,1206,4.4,15,16:10:00,evening,4.72,0.91,0,132
W241,04-02-2026,1184,6.7,18,17:10:00,evening,4.97,0.94,1,112
W241,05-02-2026,1195,7.1,18,18:10:00,night,4.67,0.91,1,133
W241,06-02-2026,1126,3,14,19:10:00,night,4.94,0.92,1,142
W241,07-02-2026,974,7.3,11,20:10:00,afternoon,4.8,0.95,0,158
W241,08-02-2026,1246,3.3,17,21:10:00,evening,4.71,0.94,1,157
W241,09-02-2026,880,4.6,13,22:10:00,night,4.8,0.91,0,162
W241,11-02-2026,1072,3.6,13,23:10:00,evening,4.94,0.94,1,171
W241,12-02-2026,1102,3.7,16,00:10:00,afternoon,4.81,0.96,0,176
W241,13-02-2026,1189,5.3,17,01:10:00,evening,4.71,0.93,1,172
W241,14-02-2026,1142,3.6,15,02:10:00,night,4.76,0.98,1,152
W241,15-02-2026,1316,6,20,03:10:00,night,4.78,0.94,0,121
W241,17-02-2026,1044,6.1,16,04:10:00,evening,4.72,0.92,1,112
W241,19-02-2026,1187,6.2,18,05:10:00,morning,4.95,0.9,0,172
W241,20-02-2026,799,4.4,10,06:10:00,afternoon,4.78,0.92,1,126
W241,21-02-2026,1048,7.1,12,07:10:00,night,4.74,0.97,0,110
W241,22-02-2026,810,4.6,11,08:10:00,night,4.83,0.94,0,176
W241,23-02-2026,1152,3.5,14,09:10:00,night,4.98,0.95,1,103
W241,24-02-2026,1360,6.8,20,10:10:00,night,4.92,0.93,1,146
W241,25-02-2026,1220,6.8,17,11:10:00,evening,4.72,0.9,1,126
W241,26-02-2026,1265,7.8,20,12:10:00,night,4.93,0.92,0,135
W241,27-02-2026,1297,6,16,13:10:00,evening,4.87,0.91,1,170
W241,01-03-2026,1163,6.9,14,14:10:00,afternoon,4.66,0.97,1,110
W242,06-01-2026,1182,3.8,18,15:10:00,night,4.88,0.96,1,173
W242,07-01-2026,943,5.8,13,16:10:00,afternoon,4.6,0.94,0,138
W242,08-01-2026,911,6.6,13,17:10:00,evening,4.91,0.95,0,125
W242,11-01-2026,957,7,15,18:10:00,night,4.68,0.9,0,176
W242,12-01-2026,1191,6.5,17,19:10:00,night,4.9,0.97,0,161
W242,13-01-2026,1103,3.4,14,20:10:00,morning,4.78,0.95,1,145
W242,14-01-2026,987,6.3,12,21:10:00,evening,4.94,0.96,0,165
W242,15-01-2026,1038,6.7,13,22:10:00,night,4.7,0.93,0,146
W242,16-01-2026,970,7.1,11,23:10:00,morning,4.69,0.91,0,139
W242,19-01-2026,1015,3.2,14,00:10:00,night,4.84,0.96,0,134
W242,20-01-2026,1163,7.7,15,01:10:00,night,4.95,0.91,0,135
W242,22-01-2026,1025,7,12,02:10:00,night,4.93,0.92,0,161
W242,24-01-2026,1154,4.5,18,03:10:00,morning,4.72,0.94,0,125
W242,25-01-2026,1423,3.6,22,04:10:00,evening,4.75,0.9,1,137
W242,26-01-2026,1128,3.4,17,05:10:00,morning,4.64,0.94,0,179
W242,27-01-2026,966,6.3,15,06:10:00,morning,4.91,0.92,0,115
W242,30-01-2026,1191,3,17,07:10:00,night,4.86,0.95,0,146
W242,31-01-2026,965,3.1,11,08:10:00,morning,4.96,0.95,1,113
W242,01-02-2026,1180,6.3,15,09:10:00,night,4.94,0.92,1,152
W242,02-02-2026,1043,3,15,10:10:00,morning,4.78,0.93,1,104
W242,03-02-2026,1213,5.7,16,11:10:00,night,4.86,0.97,0,176
W242,04-02-2026,1206,5.3,17,12:10:00,evening,4.84,0.94,1,145
W242,05-02-2026,1191,6.3,15,13:10:00,evening,4.9,0.94,1,163
W242,06-02-2026,1099,5.4,13,14:10:00,night,4.72,0.9,0,178
W242,08-02-2026,1206,6,16,15:10:00,morning,4.97,0.97,0,132
W242,09-02-2026,955,5.9,12,16:10:00,morning,4.87,0.94,0,155
W242,10-02-2026,1062,3.6,13,17:10:00,night,4.71,0.92,1,152
W242,11-02-2026,946,6.5,12,18:10:00,morning,4.62,0.93,0,147
W242,12-02-2026,971,3.7,14,19:10:00,evening,4.62,0.97,1,170
W242,13-02-2026,1097,5.9,17,20:10:00,afternoon,4.8,0.95,1,126
W242,14-02-2026,1213,5.3,18,21:10:00,evening,4.73,0.94,1,160
W242,15-02-2026,854,7.7,11,22:10:00,night,4.89,0.94,0,176
W242,16-02-2026,1163,7.5,14,23:10:00,morning,4.68,0.91,0,166
W242,17-02-2026,1249,6.3,17,00:10:00,night,4.98,0.93,0,119
W242,18-02-2026,1157,8,14,01:10:00,morning,4.89,0.98,1,107
W242,19-02-2026,1005,7.5,13,02:10:00,morning,4.98,0.96,0,144
W242,20-02-2026,992,4.9,16,03:10:00,morning,4.99,0.92,1,167
W242,22-02-2026,1412,7.5,20,04:10:00,afternoon,4.84,0.94,1,103
W242,23-02-2026,1146,3.6,18,05:10:00,afternoon,4.82,0.94,0,147
W242,24-02-2026,1163,3.6,16,06:10:00,evening,4.99,0.97,0,153
W242,25-02-2026,910,6.1,13,07:10:00,night,4.86,0.94,1,131
W242,27-02-2026,882,7.8,10,08:10:00,night,4.8,0.97,1,135
W242,28-02-2026,1136,6.1,17,09:10:00,morning,4.75,0.94,1,170
W242,01-03-2026,799,3.9,10,10:10:00,morning,4.7,0.96,0,174
W243,08-01-2026,778,5.8,10,11:10:00,morning,4.24,0.83,3,357
W243,09-01-2026,570,6.5,6,12:10:00,evening,4.48,0.81,2,355
W243,10-01-2026,863,6.7,12,13:10:00,morning,4.37,0.71,4,335
W243,11-01-2026,1028,3.7,14,14:10:00,night,4.44,0.79,2,431
W243,12-01-2026,389,5.8,6,15:10:00,afternoon,4.19,0.72,4,348
W243,13-01-2026,647,3.9,7,16:10:00,night,4.26,0.78,4,338
W243,14-01-2026,940,4.8,13,17:10:00,night,4.17,0.75,2,326
W243,16-01-2026,749,3.9,12,18:10:00,evening,4.08,0.81,3,407
W243,17-01-2026,549,3.2,8,19:10:00,evening,4.13,0.74,4,443
W243,18-01-2026,883,6,11,20:10:00,evening,4.24,0.75,4,432
W243,19-01-2026,741,6.6,12,21:10:00,morning,4.39,0.73,4,422
W243,21-01-2026,1617,5.2,25,22:10:00,afternoon,4.08,0.8,2,343
W243,22-01-2026,1741,6.1,26,23:10:00,night,4.39,0.81,3,398
W243,23-01-2026,314,5.3,5,00:10:00,night,4.25,0.84,4,325
W243,24-01-2026,1040,4.8,16,01:10:00,evening,4.13,0.83,2,367
W243,25-01-2026,992,4.6,15,02:10:00,night,4.03,0.83,3,307
W243,26-01-2026,810,7.3,11,03:10:00,morning,4.29,0.77,2,401
W243,27-01-2026,731,5.8,12,04:10:00,night,4.18,0.79,3,427
W243,29-01-2026,324,5,5,05:10:00,morning,4.48,0.77,2,386
W243,31-01-2026,625,6.1,7,06:10:00,morning,4.28,0.81,2,347
W243,01-02-2026,1116,7.4,15,07:10:00,morning,4.38,0.72,3,314
W243,02-02-2026,755,5.8,11,08:10:00,evening,4.26,0.82,3,322
W243,03-02-2026,747,5.1,9,09:10:00,afternoon,4.3,0.83,4,365
W243,04-02-2026,448,7.9,8,10:10:00,afternoon,4.25,0.73,3,304
W243,06-02-2026,663,5.9,11,11:10:00,morning,4.18,0.71,4,403
W243,07-02-2026,793,4.7,11,12:10:00,night,4.16,0.84,3,306
W243,08-02-2026,461,4.9,5,13:10:00,evening,4.16,0.75,3,316
W243,09-02-2026,1211,6.7,16,14:10:00,morning,4.23,0.7,2,322
W243,10-02-2026,1244,6.4,16,15:10:00,night,4.5,0.75,4,311
W243,12-02-2026,896,5.8,13,16:10:00,afternoon,4.43,0.79,3,336
W243,13-02-2026,1266,5.1,20,17:10:00,night,4.4,0.74,4,332
W243,14-02-2026,1110,6,13,18:10:00,night,4.43,0.71,2,441
W243,15-02-2026,650,5.5,10,19:10:00,night,4.35,0.82,3,349
W243,17-02-2026,511,4.2,8,20:10:00,night,4.49,0.83,3,325
W243,18-02-2026,1261,6.6,19,21:10:00,night,4.47,0.77,4,363
W243,19-02-2026,629,3.2,7,22:10:00,evening,4.18,0.84,4,308
W243,20-02-2026,788,7.1,13,23:10:00,morning,4.29,0.76,3,414
W243,21-02-2026,770,5.2,10,00:10:00,night,4.45,0.77,3,426
W243,22-02-2026,663,3.1,8,01:10:00,evening,4.04,0.79,3,353
W243,23-02-2026,582,6.7,10,02:10:00,night,4.08,0.84,2,384
W243,24-02-2026,1369,5.7,19,03:10:00,evening,4.4,0.83,4,394
W243,25-02-2026,884,7.8,14,04:10:00,morning,4.04,0.76,3,332
W243,26-02-2026,1149,7.3,17,05:10:00,evening,4.34,0.82,4,337
W243,27-02-2026,200,3.3,5,06:10:00,morning,4.37,0.7,3,379
W243,28-02-2026,580,5.5,7,07:10:00,evening,4.15,0.83,2,315
W243,01-03-2026,1499,4.7,21,08:10:00,morning,4.03,0.75,4,357
W244,10-01-2026,798,4.7,10,09:10:00,evening,4.38,0.87,2,269
W244,11-01-2026,787,3.5,10,10:10:00,evening,4.66,0.8,2,229
W244,12-01-2026,799,5.2,9,11:10:00,evening,4.48,0.82,2,277
W244,13-01-2026,1047,4.2,16,12:10:00,night,4.64,0.84,2,254
W244,14-01-2026,1053,4.6,15,13:10:00,afternoon,4.48,0.82,2,286
W244,15-01-2026,816,5.7,9,14:10:00,morning,4.62,0.84,2,219
W244,16-01-2026,613,5.4,6,15:10:00,night,4.6,0.87,2,247
W244,17-01-2026,245,4.2,5,16:10:00,morning,4.68,0.86,2,296
W244,18-01-2026,949,5,13,17:10:00,evening,4.3,0.85,2,239
W244,19-01-2026,1155,3.6,18,18:10:00,afternoon,4.31,0.8,1,213
W244,20-01-2026,1036,4.8,12,19:10:00,evening,4.45,0.9,2,228
W244,22-01-2026,895,5.6,13,20:10:00,afternoon,4.58,0.81,1,231
W244,24-01-2026,911,4.6,15,21:10:00,night,4.32,0.86,2,229
W244,25-01-2026,1162,5.1,15,22:10:00,evening,4.67,0.85,2,266
W244,26-01-2026,1329,7.8,17,23:10:00,evening,4.66,0.89,1,197
W244,27-01-2026,530,5.8,9,00:10:00,evening,4.44,0.87,2,207
W244,29-01-2026,833,7.6,9,01:10:00,night,4.59,0.87,1,231
W244,31-01-2026,834,4.4,10,02:10:00,night,4.62,0.82,1,205
W244,05-02-2026,1032,7.9,12,03:10:00,evening,4.48,0.81,2,295
W244,06-02-2026,1321,6.6,17,04:10:00,evening,4.35,0.89,2,288
W244,07-02-2026,526,5.1,5,05:10:00,morning,4.61,0.81,1,239
W244,09-02-2026,977,7.2,13,06:10:00,morning,4.5,0.85,1,180
W244,10-02-2026,705,5.1,11,07:10:00,night,4.5,0.84,1,263
W244,11-02-2026,702,7.3,12,08:10:00,night,4.69,0.82,2,256
W244,12-02-2026,1077,5.9,16,09:10:00,afternoon,4.42,0.89,2,239
W244,13-02-2026,829,3.9,10,10:10:00,afternoon,4.67,0.81,2,283
W244,15-02-2026,1060,7.4,15,11:10:00,evening,4.49,0.85,2,264
W244,17-02-2026,961,5.1,13,12:10:00,afternoon,4.42,0.85,2,215
W244,18-02-2026,1067,6.7,17,13:10:00,evening,4.69,0.9,2,238
W244,20-02-2026,1379,8,19,14:10:00,evening,4.6,0.86,1,205
W244,21-02-2026,819,7.5,10,15:10:00,night,4.39,0.84,2,204
W244,22-02-2026,719,3.9,10,16:10:00,night,4.37,0.84,1,190
W244,24-02-2026,916,6.9,14,17:10:00,morning,4.63,0.84,2,180
W244,25-02-2026,910,3.8,13,18:10:00,morning,4.32,0.89,2,292
W244,26-02-2026,992,4.1,14,19:10:00,morning,4.58,0.88,2,190
W244,27-02-2026,650,6,10,20:10:00,night,4.4,0.88,1,299
W244,28-02-2026,890,5.9,10,21:10:00,afternoon,4.57,0.86,1,209
W245,02-01-2026,1288,5.4,20,22:10:00,morning,4.32,0.7,2,448
W245,03-01-2026,569,7.7,7,23:10:00,afternoon,4.4,0.79,4,399
W245,06-01-2026,602,7,6,00:10:00,afternoon,4.01,0.83,4,315
W245,08-01-2026,1241,7.2,19,01:10:00,evening,4.3,0.74,4,425
W245,09-01-2026,567,7.6,9,02:10:00,evening,4.02,0.84,4,311
W245,10-01-2026,2040,5.2,29,03:10:00,night,4.39,0.75,2,348
W245,11-01-2026,1237,5,16,04:10:00,night,4.04,0.82,3,337
W245,12-01-2026,704,3.5,12,05:10:00,afternoon,4.15,0.84,4,413
W245,13-01-2026,1362,7.9,21,06:10:00,night,4.28,0.8,4,312
W245,15-01-2026,1265,7.3,18,07:10:00,night,4.08,0.7,4,344
W245,16-01-2026,1083,7.5,15,08:10:00,afternoon,4.48,0.7,3,333
W245,18-01-2026,572,6.8,7,09:10:00,night,4.21,0.7,2,423
W245,19-01-2026,200,3.4,5,10:10:00,morning,4.06,0.78,3,448
W245,20-01-2026,946,6,14,11:10:00,morning,4.27,0.73,2,326
W245,21-01-2026,829,5.7,9,12:10:00,night,4.04,0.75,4,341
W245,22-01-2026,963,7.7,15,13:10:00,afternoon,4.19,0.72,4,428
W245,23-01-2026,1242,4.8,16,14:10:00,afternoon,4.35,0.72,4,325
W245,24-01-2026,462,4.4,5,15:10:00,evening,4.47,0.73,4,362
W245,25-01-2026,200,5.2,5,16:10:00,night,4.22,0.76,3,405
W245,26-01-2026,1279,6.8,18,17:10:00,evening,4.14,0.82,3,375
W245,27-01-2026,622,3.7,8,18:10:00,night,4.07,0.84,2,445
W245,28-01-2026,678,7.3,8,19:10:00,evening,4.12,0.76,4,338
W245,29-01-2026,337,5.8,5,20:10:00,morning,4.47,0.72,2,400
W245,01-02-2026,1081,7,16,21:10:00,morning,4.37,0.75,4,386
W245,02-02-2026,1185,7.7,16,22:10:00,evening,4.48,0.81,2,308
W245,04-02-2026,945,3.2,13,23:10:00,evening,4.48,0.75,4,411
W245,05-02-2026,982,5,14,00:10:00,evening,4.5,0.79,3,321
W245,06-02-2026,807,6,10,01:10:00,afternoon,4.29,0.76,2,390
W245,07-02-2026,456,5.8,7,02:10:00,afternoon,4.08,0.8,2,381
W245,08-02-2026,929,6.7,12,03:10:00,night,4.24,0.81,2,344
W245,09-02-2026,1830,7.5,26,04:10:00,evening,4.25,0.76,3,350
W245,11-02-2026,518,5,6,05:10:00,night,4.48,0.79,3,385
W245,12-02-2026,450,4.3,5,06:10:00,night,4.05,0.76,3,308
W245,13-02-2026,884,4,10,07:10:00,night,4.25,0.72,2,300
W245,14-02-2026,1122,3.6,16,08:10:00,afternoon,4.4,0.73,2,445
W245,15-02-2026,200,3.3,5,09:10:00,afternoon,4.49,0.73,2,437
W245,16-02-2026,1324,3.4,20,10:10:00,night,4.23,0.74,3,372
W245,17-02-2026,947,6.3,15,11:10:00,evening,4.01,0.81,3,386
W245,19-02-2026,607,3.7,9,12:10:00,afternoon,4.12,0.76,2,390
W245,20-02-2026,363,4.1,7,13:10:00,afternoon,4.42,0.76,2,349
W245,21-02-2026,781,4.4,13,14:10:00,night,4.37,0.85,4,393
W245,23-02-2026,722,5,12,15:10:00,evening,4.28,0.77,2,389
W245,24-02-2026,619,7.6,7,16:10:00,morning,4.36,0.79,2,330
W245,25-02-2026,833,6.9,9,17:10:00,night,4.4,0.74,2,303
W245,26-02-2026,1369,3.5,21,18:10:00,evening,4.04,0.75,3,308
W245,27-02-2026,1240,5.5,15,19:10:00,night,4.21,0.81,3,345
W245,28-02-2026,1352,5.9,20,20:10:00,morning,4.49,0.77,3,376
W245,01-03-2026,495,7,9,21:10:00,morning,4.02,0.72,2,381
W246,08-01-2026,200,5.8,5,22:10:00,morning,4.16,0.84,2,361
W246,09-01-2026,996,4.7,16,23:10:00,night,4.43,0.74,3,365
W246,10-01-2026,277,3.7,5,00:10:00,morning,4.02,0.72,4,389
W246,11-01-2026,544,7.2,5,01:10:00,afternoon,4.03,0.81,4,354
W246,12-01-2026,455,6.2,6,02:10:00,afternoon,4.4,0.72,3,381
W246,13-01-2026,279,5.5,5,03:10:00,night,4.25,0.78,4,436
W246,14-01-2026,753,7,12,04:10:00,morning,4.14,0.78,4,369
W246,15-01-2026,432,5.3,5,05:10:00,night,4.1,0.77,3,419
W246,16-01-2026,314,5.4,6,06:10:00,afternoon,4.06,0.75,4,365
W246,17-01-2026,982,6.7,14,07:10:00,evening,4.24,0.72,4,403
W246,18-01-2026,802,5.4,13,08:10:00,night,4.07,0.73,3,371
W246,19-01-2026,200,7.3,5,09:10:00,night,4.05,0.79,3,309
W246,20-01-2026,1081,7.5,16,10:10:00,evening,4.45,0.84,4,408
W246,21-01-2026,335,3.2,5,11:10:00,evening,4.02,0.85,3,357
W246,22-01-2026,1389,6.1,21,12:10:00,morning,4.4,0.71,4,416
W246,23-01-2026,885,7.8,12,13:10:00,afternoon,4.34,0.81,3,419
W246,24-01-2026,1489,6.8,22,14:10:00,night,4.16,0.82,3,322
W246,25-01-2026,1195,6.1,18,15:10:00,afternoon,4.34,0.78,2,318
W246,26-01-2026,1200,5.9,16,16:10:00,evening,4.13,0.82,2,312
W246,27-01-2026,1076,5,16,17:10:00,morning,4.22,0.74,4,387
W246,28-01-2026,517,3.6,6,18:10:00,night,4.11,0.82,3,438
W246,29-01-2026,775,5.3,12,19:10:00,night,4.46,0.81,3,350
W246,30-01-2026,1134,7.7,16,20:10:00,night,4.04,0.79,4,384
W246,31-01-2026,1170,5.9,18,21:10:00,evening,4.36,0.84,2,332
W246,01-02-2026,673,5.7,10,22:10:00,afternoon,4.24,0.71,2,425
W246,02-02-2026,902,3.7,10,23:10:00,evening,4.33,0.81,4,400
W246,03-02-2026,964,3.2,11,00:10:00,afternoon,4.27,0.78,4,389
W246,04-02-2026,810,6,13,01:10:00,afternoon,4.18,0.76,2,423
W246,05-02-2026,207,6.9,5,02:10:00,evening,4.1,0.82,3,354
W246,06-02-2026,424,6.6,7,03:10:00,night,4.4,0.76,3,439
W246,07-02-2026,968,7.3,13,04:10:00,night,4.38,0.7,4,366
W246,08-02-2026,1306,6.4,19,05:10:00,evening,4.05,0.72,4,386
W246,09-02-2026,200,5.6,5,06:10:00,morning,4.15,0.71,3,410
W246,10-02-2026,358,5.6,5,07:10:00,morning,4.15,0.82,3,443
W246,11-02-2026,1147,3.4,14,08:10:00,morning,4.27,0.72,3,419
W246,12-02-2026,200,6,5,09:10:00,morning,4.32,0.71,2,328
W246,13-02-2026,623,6.6,9,10:10:00,evening,4.26,0.79,2,438
W246,14-02-2026,1337,3.9,20,11:10:00,morning,4.08,0.85,3,342
W246,15-02-2026,1219,6.8,19,12:10:00,night,4.15,0.81,2,405
W246,16-02-2026,363,4.5,6,13:10:00,afternoon,4.18,0.71,3,380
W246,17-02-2026,200,6.3,5,14:10:00,morning,4.36,0.73,4,302
W246,18-02-2026,351,5.1,6,15:10:00,afternoon,4.35,0.84,3,331
W246,19-02-2026,1149,7.4,15,16:10:00,afternoon,4.1,0.82,4,369
W246,21-02-2026,1424,4.1,19,17:10:00,evening,4.04,0.76,2,352
W246,22-02-2026,200,4.2,5,18:10:00,morning,4.29,0.76,3,392
W246,23-02-2026,556,7.8,9,19:10:00,night,4.07,0.8,4,402
W246,24-02-2026,625,7.7,6,20:10:00,morning,4.16,0.81,2,375
W246,25-02-2026,1026,3.9,16,21:10:00,morning,4.12,0.79,3,401
W246,26-02-2026,200,6.6,5,22:10:00,afternoon,4.07,0.75,2,430
W246,27-02-2026,919,6.5,15,23:10:00,night,4.06,0.85,4,404
W246,28-02-2026,305,5.3,5,00:10:00,morning,4.2,0.72,3,330
W246,01-03-2026,1113,4.4,16,01:10:00,night,4,0.7,3,330
W247,10-01-2026,1158,7.5,14,02:10:00,night,4.86,0.93,1,175
W247,11-01-2026,1196,5.9,18,03:10:00,morning,4.84,0.93,0,149
W247,12-01-2026,1028,7.3,13,04:10:00,morning,4.7,0.94,0,121
W247,13-01-2026,1182,5.1,17,05:10:00,afternoon,4.74,0.98,1,116
W247,14-01-2026,1076,7.1,16,06:10:00,night,4.77,0.96,1,123
W247,15-01-2026,1057,4,13,07:10:00,night,4.61,0.96,0,151
W247,16-01-2026,1143,5.3,14,08:10:00,night,4.99,0.97,0,108
W247,18-01-2026,963,5.7,13,09:10:00,night,4.7,0.93,1,146
W247,19-01-2026,1012,5.7,14,10:10:00,morning,4.65,0.95,0,139
W247,20-01-2026,1182,3.1,15,11:10:00,night,4.98,0.95,1,143
W247,22-01-2026,814,7.1,13,12:10:00,morning,4.98,0.95,1,159
W247,23-01-2026,808,3.3,12,13:10:00,night,4.85,0.91,0,129
W247,25-01-2026,869,3.8,10,14:10:00,morning,4.74,0.95,1,115
W247,26-01-2026,1055,7.7,15,15:10:00,morning,4.7,0.92,0,143
W247,28-01-2026,1134,6.9,16,16:10:00,evening,4.81,0.97,0,175
W247,30-01-2026,1001,6.1,13,17:10:00,evening,4.63,0.92,0,108
W247,01-02-2026,1068,3.1,17,18:10:00,afternoon,4.98,0.98,1,157
W247,02-02-2026,1337,7.7,17,19:10:00,night,4.94,0.91,1,139
W247,03-02-2026,981,4.6,13,20:10:00,morning,4.77,0.95,1,111
W247,04-02-2026,940,7.3,13,21:10:00,morning,4.78,0.94,1,119
W247,05-02-2026,1100,4.1,14,22:10:00,night,4.65,0.93,0,126
W247,06-02-2026,1153,4.7,16,23:10:00,evening,4.79,0.91,0,134
W247,07-02-2026,1093,7.4,13,00:10:00,afternoon,4.7,0.9,0,162
W247,10-02-2026,1297,3.7,16,01:10:00,night,4.99,0.92,0,100
W247,12-02-2026,1088,4.6,16,02:10:00,night,4.86,0.9,0,153
W247,13-02-2026,1195,8,16,03:10:00,evening,4.93,0.94,1,142
W247,14-02-2026,1160,4.7,17,04:10:00,morning,4.94,0.93,0,110
W247,15-02-2026,1058,4,13,05:10:00,afternoon,4.97,0.98,0,172
W247,17-02-2026,1166,6.4,17,06:10:00,night,4.75,0.9,0,171
W247,18-02-2026,1351,4.3,19,07:10:00,night,4.74,0.92,1,105
W247,19-02-2026,996,3.6,16,08:10:00,evening,4.78,0.97,1,169
W247,20-02-2026,1141,7.1,17,09:10:00,afternoon,4.6,0.96,1,179
W247,21-02-2026,1126,5.7,15,10:10:00,night,4.75,0.98,1,142
W247,22-02-2026,885,4.8,14,11:10:00,night,4.96,0.9,1,144
W247,24-02-2026,1224,7.4,19,12:10:00,evening,4.7,0.92,1,148
W247,25-02-2026,1071,5.6,16,13:10:00,night,4.81,0.92,1,165
W247,26-02-2026,1184,4.1,17,14:10:00,night,4.85,0.91,1,130
W247,27-02-2026,1006,5.4,16,15:10:00,evening,4.74,0.9,0,145
W247,28-02-2026,926,5.5,15,16:10:00,night,4.97,0.98,1,103
W247,01-03-2026,926,6.5,13,17:10:00,night,4.88,0.97,1,134
W248,02-01-2026,893,7.7,10,18:10:00,night,4.36,0.83,2,409
W248,03-01-2026,589,6.4,7,19:10:00,night,4.27,0.72,4,340
W248,04-01-2026,481,3.2,6,20:10:00,night,4.45,0.75,3,445
W248,07-01-2026,1044,4.2,16,21:10:00,night,4.42,0.75,2,377
W248,08-01-2026,1070,4.1,14,22:10:00,night,4.1,0.8,3,337
W248,09-01-2026,1327,6.2,16,23:10:00,night,4.04,0.73,2,447
W248,10-01-2026,807,4.4,9,00:10:00,afternoon,4.27,0.77,3,360
W248,11-01-2026,680,6.4,7,01:10:00,afternoon,4.3,0.81,4,326
W248,13-01-2026,359,3.5,6,02:10:00,morning,4.08,0.85,4,302
W248,14-01-2026,943,4.1,15,03:10:00,evening,4.06,0.75,3,439
W248,15-01-2026,823,6.4,11,04:10:00,morning,4,0.79,3,308
W248,16-01-2026,1257,4.9,19,05:10:00,night,4.21,0.84,2,429
W248,17-01-2026,1116,6.5,15,06:10:00,night,4.47,0.83,4,419
W248,18-01-2026,709,4.8,9,07:10:00,morning,4.33,0.71,2,328
W248,19-01-2026,1080,6.4,13,08:10:00,night,4.14,0.71,3,415
W248,20-01-2026,200,5,5,09:10:00,morning,4.22,0.84,2,303
W248,21-01-2026,453,3.9,6,10:10:00,night,4.3,0.77,4,403
W248,23-01-2026,443,5,8,11:10:00,afternoon,4.12,0.7,2,317
W248,24-01-2026,842,4.3,14,12:10:00,evening,4.47,0.73,3,340
W248,25-01-2026,1457,6.8,20,13:10:00,morning,4.39,0.72,3,361
W248,26-01-2026,200,3.7,5,14:10:00,evening,4.16,0.81,2,430
W248,28-01-2026,936,3.7,15,15:10:00,afternoon,4.2,0.83,2,384
W248,29-01-2026,1216,3.7,19,16:10:00,evening,4.33,0.75,2,317
W248,30-01-2026,789,5.9,13,17:10:00,morning,4.04,0.78,4,435
W248,31-01-2026,1308,3.8,19,18:10:00,morning,4.21,0.74,2,328
W248,01-02-2026,378,5.3,5,19:10:00,night,4.46,0.77,2,429
W248,02-02-2026,516,6.4,7,20:10:00,afternoon,4.46,0.83,2,326
W248,03-02-2026,813,4.1,12,21:10:00,afternoon,4.08,0.85,3,412
W248,05-02-2026,1222,6.2,17,22:10:00,night,4.22,0.82,2,352
W248,08-02-2026,708,4.7,11,23:10:00,morning,4.24,0.75,2,442
W248,09-02-2026,1207,7,15,00:10:00,afternoon,4.27,0.8,2,384
W248,10-02-2026,807,5.2,10,01:10:00,evening,4.45,0.72,3,431
W248,11-02-2026,503,3.6,9,02:10:00,morning,4.31,0.74,4,317
W248,12-02-2026,990,6.6,12,03:10:00,evening,4.48,0.72,2,375
W248,13-02-2026,795,6.1,13,04:10:00,morning,4.21,0.81,2,442
W248,14-02-2026,200,4.7,5,05:10:00,night,4.21,0.83,4,369
W248,15-02-2026,902,3.3,11,06:10:00,night,4.02,0.85,3,362
W248,17-02-2026,1109,7.8,15,07:10:00,night,4.27,0.7,3,406
W248,18-02-2026,821,4.3,13,08:10:00,afternoon,4.04,0.77,3,417
W248,19-02-2026,676,7.1,7,09:10:00,evening,4.1,0.82,2,340
W248,20-02-2026,448,7.2,8,10:10:00,night,4.24,0.83,2,330
W248,23-02-2026,1787,7.8,25,11:10:00,morning,4.19,0.77,2,357
W248,24-02-2026,756,3.5,12,12:10:00,afternoon,4.39,0.8,3,422
W248,26-02-2026,200,7.4,5,13:10:00,evening,4.43,0.74,2,447
W248,27-02-2026,813,5.2,11,14:10:00,night,4.01,0.75,2,425
W248,28-02-2026,1412,6.6,19,15:10:00,night,4.23,0.71,3,368
W248,01-03-2026,1171,5.7,14,16:10:00,evening,4.14,0.83,3,428
W249,04-01-2026,961,5.2,11,17:10:00,night,4.83,0.95,0,133
W249,05-01-2026,775,3.2,13,18:10:00,evening,4.9,0.95,1,111
W249,06-01-2026,967,7.4,14,19:10:00,morning,4.98,0.91,1,118
W249,07-01-2026,1030,7.6,16,20:10:00,evening,4.93,0.96,1,112
W249,08-01-2026,1098,4,14,21:10:00,afternoon,4.73,0.9,1,144
W249,09-01-2026,1212,3.3,16,22:10:00,morning,4.96,0.92,0,110
W249,10-01-2026,919,3.2,12,23:10:00,evening,4.93,0.93,0,105
W249,11-01-2026,1039,5,12,00:10:00,evening,4.75,0.94,0,123
W249,13-01-2026,1037,7.1,12,01:10:00,afternoon,4.77,0.9,1,113
W249,14-01-2026,1109,3.7,16,02:10:00,evening,4.62,0.95,1,175
W249,15-01-2026,1127,5.2,18,03:10:00,evening,4.78,0.91,0,168
W249,16-01-2026,1375,7.3,21,04:10:00,afternoon,4.76,0.98,1,140
W249,17-01-2026,1342,7.8,19,05:10:00,afternoon,4.86,0.96,1,114
W249,18-01-2026,1080,4.6,15,06:10:00,night,4.72,0.97,1,154
W249,19-01-2026,1262,7.3,16,07:10:00,morning,4.71,0.92,0,118
W249,21-01-2026,1014,7.4,14,08:10:00,evening,4.66,0.92,1,152
W249,22-01-2026,1240,4.6,19,09:10:00,afternoon,4.97,0.94,0,176
W249,23-01-2026,1172,4.6,14,10:10:00,evening,4.86,0.93,1,171
W249,24-01-2026,1024,7.7,15,11:10:00,night,4.84,0.98,0,177
W249,26-01-2026,1180,7.4,17,12:10:00,morning,4.63,0.91,1,122
W249,27-01-2026,1159,6.4,18,13:10:00,evening,4.95,0.9,1,171
W249,28-01-2026,718,5.8,8,14:10:00,night,4.78,0.96,0,152
W249,29-01-2026,1043,3.2,16,15:10:00,morning,4.85,0.92,1,120
W249,30-01-2026,1128,4.6,17,16:10:00,morning,4.98,0.97,1,102
W249,31-01-2026,1025,3.6,14,17:10:00,morning,4.8,0.96,1,111
W249,01-02-2026,1157,5.8,17,18:10:00,night,4.82,0.96,1,140
W249,02-02-2026,864,7.6,14,19:10:00,afternoon,4.98,0.94,1,128
W249,04-02-2026,933,7.8,13,20:10:00,night,4.65,0.95,1,113
W249,05-02-2026,953,4.2,13,21:10:00,night,4.89,0.96,1,168
W249,06-02-2026,1089,4.7,15,22:10:00,evening,4.76,0.96,0,152
W249,07-02-2026,1041,7.1,15,23:10:00,night,4.86,0.94,0,139
W249,08-02-2026,1139,6.4,15,00:10:00,afternoon,4.86,0.91,1,119
W249,09-02-2026,1141,7,14,01:10:00,morning,4.67,0.95,1,171
W249,10-02-2026,923,3.1,14,02:10:00,night,4.79,0.92,0,146
W249,11-02-2026,1170,5.6,15,03:10:00,night,4.71,0.94,1,165
W249,13-02-2026,1092,7.1,14,04:10:00,morning,4.67,0.91,0,101
W249,14-02-2026,1234,7.1,19,05:10:00,night,4.88,0.92,0,122
W249,16-02-2026,1047,3.2,13,06:10:00,afternoon,4.85,0.95,0,100
W249,19-02-2026,1201,6.6,18,07:10:00,evening,4.88,0.94,1,162
W249,20-02-2026,1186,4.7,15,08:10:00,night,4.82,0.97,0,112
W249,21-02-2026,1077,7.9,15,09:10:00,afternoon,4.83,0.96,0,177
W249,22-02-2026,1126,3.7,17,10:10:00,night,4.64,0.9,1,127
W249,23-02-2026,902,7.7,11,11:10:00,night,4.73,0.91,1,153
W249,24-02-2026,884,5.9,12,12:10:00,morning,4.74,0.94,1,118
W249,25-02-2026,1124,5.2,14,13:10:00,night,4.7,0.94,1,125
W249,26-02-2026,968,4,13,14:10:00,afternoon,4.61,0.95,0,125
W250,07-01-2026,916,4.8,11,15:10:00,afternoon,4.07,0.72,4,388
W250,08-01-2026,967,7.6,14,16:10:00,morning,4.47,0.78,2,351
W250,09-01-2026,786,7,11,17:10:00,evening,4.4,0.83,3,404
W250,10-01-2026,840,4.3,11,18:10:00,morning,4.29,0.81,4,397
W250,12-01-2026,378,4.2,6,19:10:00,afternoon,4.02,0.74,2,434
W250,13-01-2026,367,4.2,5,20:10:00,morning,4.08,0.85,3,443
W250,14-01-2026,341,3.1,5,21:10:00,morning,4.13,0.78,3,414
W250,15-01-2026,606,5.2,10,22:10:00,afternoon,4.28,0.81,4,415
W250,16-01-2026,200,3.1,5,23:10:00,afternoon,4.33,0.71,4,330
W250,17-01-2026,378,3.1,5,00:10:00,night,4.08,0.74,2,359
W250,18-01-2026,610,4.3,6,01:10:00,night,4.39,0.77,4,423
W250,19-01-2026,580,7.7,7,02:10:00,evening,4.09,0.78,3,320
W250,20-01-2026,722,3,11,03:10:00,morning,4.25,0.83,2,341
W250,21-01-2026,254,7.5,5,04:10:00,night,4.16,0.81,2,394
W250,22-01-2026,838,6.6,10,05:10:00,night,4.47,0.83,3,415
W250,24-01-2026,661,5.5,11,06:10:00,night,4.4,0.79,4,374
W250,25-01-2026,398,7.4,6,07:10:00,night,4.05,0.79,4,308
W250,26-01-2026,622,6.6,8,08:10:00,evening,4.5,0.74,4,369
W250,27-01-2026,856,3.9,11,09:10:00,morning,4.13,0.8,4,359
W250,28-01-2026,635,5.3,9,10:10:00,evening,4.19,0.85,2,321
W250,29-01-2026,614,3.9,10,11:10:00,afternoon,4.13,0.74,3,394
W250,30-01-2026,689,3.1,9,12:10:00,night,4.38,0.82,3,443
W250,31-01-2026,635,5.7,10,13:10:00,night,4.07,0.76,3,334
W250,01-02-2026,1326,6.9,16,14:10:00,evening,4.5,0.72,4,346
W250,03-02-2026,200,4.7,5,15:10:00,afternoon,4.43,0.77,4,390
W250,04-02-2026,1366,5.4,21,16:10:00,night,4.23,0.78,4,334
W250,05-02-2026,1139,3.9,18,17:10:00,night,4.37,0.77,4,352
W250,06-02-2026,446,6.6,5,18:10:00,night,4.31,0.79,3,439
W250,07-02-2026,1269,3.4,20,19:10:00,afternoon,4.28,0.83,3,392
W250,09-02-2026,629,6.8,6,20:10:00,afternoon,4.11,0.83,3,432
W250,10-02-2026,200,5.8,5,21:10:00,night,4.1,0.8,3,358
W250,11-02-2026,229,4.7,5,22:10:00,afternoon,4.03,0.8,3,317
W250,13-02-2026,200,4,5,23:10:00,afternoon,4.38,0.85,2,362
W250,15-02-2026,1068,6.3,17,00:10:00,evening,4.06,0.79,4,367
W250,16-02-2026,1267,6.8,17,01:10:00,evening,4.18,0.8,2,369
W250,17-02-2026,737,4.7,11,02:10:00,morning,4.4,0.77,3,372
W250,19-02-2026,472,3.7,5,03:10:00,night,4.04,0.82,3,376
W250,20-02-2026,200,3.3,5,04:10:00,evening,4.22,0.73,3,336
W250,21-02-2026,1563,7,24,05:10:00,afternoon,4.33,0.77,3,335
W250,22-02-2026,662,7,7,06:10:00,evening,4.48,0.78,2,410
W250,23-02-2026,900,6.8,10,07:10:00,night,4.22,0.74,4,311
W250,25-02-2026,406,3.4,5,08:10:00,afternoon,4.15,0.79,3,373
W250,26-02-2026,472,6.6,5,09:10:00,morning,4.14,0.72,3,302
W250,27-02-2026,667,6.5,8,10:10:00,morning,4.2,0.71,2,423
W250,28-02-2026,769,6.8,9,11:10:00,evening,4.19,0.82,2,332
,,,,,,,,,,
